category	kind	module	concept_canonical	legacy_aliases	rows	producer	consumer	reason	removal_condition	covering_tests	proof
HISTORICAL_ONLY	HISTORICAL_DOCUMENT_OR_DATA	docs	(value/shape mapped by the reader; see reason)	(whole file)	2	frozen point-in-time record	readers of past audit evidence; no runtime or build consumer	Frozen point-in-time audit; not the current contract. Their Portuguese prose is the content of a historical record and must not be translated or edited. The census does NOT suppress these files: they stay counted in technical-naming-baseline.json (per-file ratchet, growth fails), and this row (census: baselined) only gives that tolerated debt an owner, removal condition and target state. DADO_HISTORICO is not an exceptionClass in statusVocabulary, so the closest existing class UX_TEXT (as for the other whole-document doc rows) is recorded; the historical meaning is stated here and in targetState.	delete a document once it is archived outside the repository or superseded by the current engineering documentation (docs/engineering), and drop it from this row in the same change		NOT_REQUIRED:2
HISTORICAL_ONLY	HISTORICAL_DOCUMENT_OR_DATA	docs	(value/shape mapped by the reader; see reason)	(whole file)	1	frozen point-in-time record	readers of past audit evidence; no runtime or build consumer	Machine-readable companions of the frozen point-in-time audit documents (docs/backend-v2); they record the Portuguese names that existed when the audit ran and must not be rewritten. Suppressed on the dataFile surface only; the Markdown documents themselves stay counted by the doc ratchet.	delete a file once archived outside the repository or superseded by docs/engineering, and drop it from this row in the same change		NOT_REQUIRED:1
HISTORICAL_ONLY	HISTORICAL_DOCUMENT_OR_DATA	docs	(value/shape mapped by the reader; see reason)	tipo_nota	2	frozen point-in-time record	backend-v2 database inventory (historical document)	Historical database inventory document listing the persisted column name as it exists in the schema; documentation text, not a name used by code.	none; historical inventory		NOT_REQUIRED:2
HISTORICAL_ONLY	HISTORICAL_DOCUMENT_OR_DATA	docs	NC-003 `clientId`; NC-006 `releaseId`	com-ecad,obra_vinculada,sem-ecad,responsavel_cargo,contratos-v2,cliente_id,data_lancamento,forma_pagamento (+147)	157	frozen point-in-time record	readers of the document	Engineering document: names the legacy identifier or value to describe the compatibility window, the retirement plan or the historical migration; the document records the old name, the code does not gain it.	rewrite the passage when the legacy name is retired from the code and data		NOT_REQUIRED:157
HISTORICAL_ONLY	HISTORICAL_DOCUMENT_OR_DATA	reports	(value/shape mapped by the reader; see reason)	(whole file)	1	frozen point-in-time record	readers of past audit evidence; no runtime or build consumer	Frozen point-in-time audit; not the current contract. Their Portuguese prose is the content of a historical record and must not be translated or edited. The census does NOT suppress these files: they stay counted in technical-naming-baseline.json (per-file ratchet, growth fails), and this row (census: baselined) only gives that tolerated debt an owner, removal condition and target state. DADO_HISTORICO is not an exceptionClass in statusVocabulary, so the closest existing class UX_TEXT (as for the other whole-document doc rows) is recorded; the historical meaning is stated here and in targetState.	delete a document once it is archived outside the repository or superseded by the current engineering documentation (docs/engineering), and drop it from this row in the same change		NOT_REQUIRED:1
HISTORICAL_ONLY	MIGRATION_HISTORY_GUARD	api:database	NC-016 `name`; NC-037 `crm_internal_data` (jsonb; the Portuguese name `dados_internos_crm` is a legacy alias that the API refuses) — no case for migrating data/UI onto the physical columns instead: nothing currently filters/sorts/aggregates on them, and the jsonb side was already the report layer's sole read path	nome,telefone_encrypted,empresa,fonte,nome_completo,nome_artistico,payload_servico,dados_internos_crm	8	migration history (published migrations are immutable)	lead-entity-schema-alignment.spec	The guard parses the text of the applied migration 20260719000011 (applied migrations are never edited), which still states the pre-rename column name; this map translates it to the current physical name.	remove when the migration history is squashed into a new baseline that states the current column names		NOT_REQUIRED:8
HISTORICAL_ONLY	MIGRATION_HISTORY_GUARD	api:database	(value/shape mapped by the reader; see reason)	(whole file)	10	migration history (published migrations are immutable)	applied migration history	Pins the column/value names of an applied (immutable) historical migration and their later English renames; the Portuguese names are historical facts.	none (applied migrations are immutable)		NOT_REQUIRED:10
HISTORICAL_ONLY	MIGRATION_HISTORY_GUARD	api:test	NC-020 `active`	ativo,receita	2	migration history (published migrations are immutable)	legacy-column-drop migration drafts (e2e verification)	Migration-draft e2e inserts rows with the legacy Portuguese values (`receita`, `ativo`) that the legacy-column-drop drafts must archive or reject; the legacy values are the data under test.	when the legacy-column-drop drafts are applied or retired as immutable migration history		NOT_REQUIRED:2
HISTORICAL_ONLY	MIGRATION_HISTORY_GUARD	api:test	(value/shape mapped by the reader; see reason)	telefone	1	migration history (published migrations are immutable)	PII backfill migration drafts (e2e verification)	PII backfill e2e asserts on the legacy Portuguese metadata key `telefone` that the backfill moves out of `clients.metadata`; the legacy key is the data under test.	when the PII backfill drafts are applied or retired as immutable migration history		NOT_REQUIRED:1
NECESSARY_BOUNDARY	DEPRECATED_API_ALIAS	api:artist-goals	(value/shape mapped by the reader; see reason)	(whole file)	1	web builds released before the rename (deploy skew window)	web builds released before CZ-022	CZ-022: the only place that knows the deprecated artist-goal field, values and metadata keys; maps a pre-canonical web build's input to the canonical contract (web and api deploy independently).	remove the mapper after a web release that sends the canonical artist-goal contract is deployed to every environment	apps/api/src/modules/artist-goals/artist-goal-legacy.mapper.legacy-compat.spec.ts	PROVEN:1
NECESSARY_BOUNDARY	DEPRECATED_API_ALIAS	api:artist-goals	(value/shape mapped by the reader; see reason)	periodo	1	web builds released before the rename (deploy skew window)	web builds released before CZ-022	CZ-022: declared (deprecated) so the global whitelist pipe accepts a pre-canonical web build's field; normalized to `period` by artist-goal-legacy.mapper.ts before persistence.	remove the alias after a web release that sends the canonical artist-goal contract is deployed to every environment	apps/api/src/modules/artist-goals/dto/create-artist-goal.dto.legacy.spec.ts	PROVEN:1
NECESSARY_BOUNDARY	DEPRECATED_API_ALIAS	api:artists	(value/shape mapped by the reader; see reason)	/artists/stats/vinculo	1	web builds released before the rename (deploy skew window)	web builds released before CZ-024	CZ-024: `/artists/stats/vinculo` is the pre-rename name a web build released before the rename may still send (web and api deploy independently); accepted only as a deprecated input alias and moved to `/artists/stats/relationship` before persistence; responses use `/artists/stats/relationship` only.	remove after a web release that sends `/artists/stats/relationship` is deployed to every environment	apps/api/src/modules/artists/artists.controller.genre-stats-route.spec.ts	PROVEN:1
NECESSARY_BOUNDARY	DEPRECATED_API_ALIAS	api:artists	(value/shape mapped by the reader; see reason)	vinculo	1	web builds released before the rename (deploy skew window)	web builds released before CZ-024	CZ-024: `vinculo` is the pre-rename name a web build released before the rename may still send (web and api deploy independently); accepted only as a deprecated input alias and moved to `relationship` before persistence; responses use `relationship` only.	remove after a web release that sends `relationship` is deployed to every environment	apps/api/src/modules/artists/dto/query-artist.dto.legacy.spec.ts	PROVEN:1
NECESSARY_BOUNDARY	DEPRECATED_API_ALIAS	api:artists	(value/shape mapped by the reader; see reason)	(whole file)	2	web builds released before the rename (deploy skew window)	web builds released before CZ-042	CZ-042: the only place that maps the pre-CZ-042 Portuguese artist keys, metadata keys and values to the canonical columns.	remove after a web release that sends the canonical CZ-042 contract is deployed to every environment	apps/api/src/modules/artists/artist-deprecated-fields.contract.spec.ts	PROVEN:2
NECESSARY_BOUNDARY	DEPRECATED_API_ALIAS	api:artists	NC-015 `musicGenre`	nome_artistico,nome_civil,galeria_urls,especialidades,documentos_pessoais_url,data_nascimento,endereco,telefone (+43)	51	web builds released before the rename (deploy skew window)	web builds released before the artist canonical contract	Pre-rename Portuguese artist fields a web build released before the rename may still send (web and api deploy independently); each is declared through the DEPRECATED(<canonical>) helper, mapped to its English canonical field by ARTIST_DEPRECATED_FIELDS (artist-legacy-fields.ts) before persistence, and covered by artist-contract.spec.ts and create-artist.dto.spec.ts; responses use the canonical names only.	remove together with ARTIST_DEPRECATED_FIELDS once a web release that sends only the canonical artist contract is deployed to every environment	apps/api/src/modules/artists/artist-contract.spec.ts	PROVEN:51
NECESSARY_BOUNDARY	DEPRECATED_API_ALIAS	api:artists	(value/shape mapped by the reader; see reason)	foto_url,contrato_id	2	web builds released before the rename (deploy skew window)	web builds released before the artist canonical contract	Pre-rename Portuguese artist fields a web build released before the rename may still send (web and api deploy independently); each is declared through the DEPRECATED(<canonical>) helper, mapped to its English canonical field by ARTIST_DEPRECATED_FIELDS (artist-legacy-fields.ts) before persistence, and covered by artist-contract.spec.ts and create-artist.dto.spec.ts; responses use the canonical names only.	remove together with ARTIST_DEPRECATED_FIELDS once a web release that sends only the canonical artist contract is deployed to every environment	apps/api/src/modules/artists/dto/create-artist.dto.spec.ts	PROVEN:2
NECESSARY_BOUNDARY	DEPRECATED_API_ALIAS	api:artists	(value/shape mapped by the reader; see reason)	agencia,banco,celular,chave_pix,conta,data_nascimento,documento,endereco (+3)	11	web builds released before the rename (deploy skew window)	artists/clients create and update paths (input sanitizer), redaction of logs	Legacy Portuguese spellings of personal-data keys (rg, birth date, address, bank, contact) that callers or historical metadata may still carry; the sanitizer must recognize them to drop them from caller metadata so personal data is never persisted in plaintext.	remove once no client sends the Portuguese key and the PII backfill (draft 20261002000002) has scrubbed historical metadata	apps/api/src/modules/artists/artist-pii-encryption.spec.ts	PROVEN:11
NECESSARY_BOUNDARY	DEPRECATED_API_ALIAS	api:audiovisual	(value/shape mapped by the reader; see reason)	videomaker	1	web builds released before the rename (deploy skew window)	web builds released before CZ-023	CZ-023: `videomaker` is the pre-rename name a web build released before the rename may still send (web and api deploy independently); accepted only as a deprecated input alias and moved to `videographer` before persistence; responses use `videographer` only.	remove after a web release that sends `videographer` is deployed to every environment	apps/api/src/modules/audiovisual/dto/audiovisual.dto.spec.ts	PROVEN:1
NECESSARY_BOUNDARY	DEPRECATED_API_ALIAS	api:auth	(value/shape mapped by the reader; see reason)	moduleRh	1	web builds released before the rename (deploy skew window)	auth context features echo for web builds older than migration 20260930000024	The auth context echoes the legacy moduleRh feature key (same value as moduleHr) so old web builds keep showing the HR module during the rollout window.	remove one release after the web build reading moduleHr is deployed everywhere	apps/api/src/modules/auth/auth-context.features.spec.ts	PROVEN:1
NECESSARY_BOUNDARY	DEPRECATED_API_ALIAS	api:clients	(value/shape mapped by the reader; see reason)	(whole file)	2	web builds released before the rename (deploy skew window)	web builds released before CZ-043	CZ-043: the only place that maps the pre-CZ-043 client keys, metadata payloadOperacional keys and values to the canonical columns.	remove after a web release that sends the canonical CZ-043 contract is deployed to every environment	apps/api/src/modules/clients/client-contract.spec.ts	PROVEN:2
NECESSARY_BOUNDARY	DEPRECATED_API_ALIAS	api:contacts	(value/shape mapped by the reader; see reason)	(whole file)	1	web builds released before the rename (deploy skew window)	web builds released before the rename	The single place that maps a legacy Portuguese payload/value to the canonical contract (or its compatibility test).	remove after a web release that sends only the canonical contract is deployed to every environment	apps/api/src/modules/contacts/contacts-tenant-isolation.spec.ts	PROVEN:1
NECESSARY_BOUNDARY	DEPRECATED_API_ALIAS	api:contract-service-types	(value/shape mapped by the reader; see reason)	conteudo	1	web builds released before the rename (deploy skew window)	web builds released before CZ-026	CZ-026: `conteudo` is the pre-rename name a web build released before the rename may still send (web and api deploy independently); accepted only as a deprecated input alias and moved to `content` before persistence; responses use `content` only.	remove after a web release that sends `content` is deployed to every environment	apps/api/src/modules/contract-service-types/dto/create-contract-service-type.dto.legacy-compat.spec.ts	PROVEN:1
NECESSARY_BOUNDARY	DEPRECATED_API_ALIAS	api:contract-templates	(value/shape mapped by the reader; see reason)	conteudo	1	web builds released before the rename (deploy skew window)	web builds released before CZ-026	CZ-026: `conteudo` is the pre-rename name a web build released before the rename may still send (web and api deploy independently); accepted only as a deprecated input alias and moved to `content` before persistence; responses use `content` only.	remove after a web release that sends `content` is deployed to every environment	apps/api/src/modules/contract-templates/dto/create-contract-template.dto.legacy-compat.spec.ts	PROVEN:1
NECESSARY_BOUNDARY	DEPRECATED_API_ALIAS	api:contract-templates	NC-022 `clientType`/`serviceType`	tipo_servico	1	web builds released before the rename (deploy skew window)	web builds released before CZ-026	CZ-026: `tipo_servico` is the pre-rename name a web build released before the rename may still send (web and api deploy independently); accepted only as a deprecated input alias and moved to `service_type` before persistence; responses use `service_type` only.	remove after a web release that sends `service_type` is deployed to every environment	apps/api/src/modules/contract-templates/dto/create-contract-template.dto.legacy-compat.spec.ts	PROVEN:1
NECESSARY_BOUNDARY	DEPRECATED_API_ALIAS	api:contracts	(value/shape mapped by the reader; see reason)	exclusivo	1	web builds released before the rename (deploy skew window)	web builds released before CZ-026	CZ-026: `exclusivo` is the pre-rename name a web build released before the rename may still send (web and api deploy independently); accepted only as a deprecated input alias and moved to `exclusive` before persistence; responses use `exclusive` only.	remove after a web release that sends `exclusive` is deployed to every environment	apps/api/src/modules/contracts/dto/create-contract.dto.legacy-compat.spec.ts	PROVEN:1
NECESSARY_BOUNDARY	DEPRECATED_API_ALIAS	api:contracts	(value/shape mapped by the reader; see reason)	arquivo_url	1	web builds released before the rename (deploy skew window)	web builds released before CZ-026	CZ-026: `arquivo_url` is the pre-rename name a web build released before the rename may still send (web and api deploy independently); accepted only as a deprecated input alias and moved to `file_url` before persistence; responses use `file_url` only.	remove after a web release that sends `file_url` is deployed to every environment	apps/api/src/modules/contracts/dto/create-contract.dto.legacy-compat.spec.ts	PROVEN:1
NECESSARY_BOUNDARY	DEPRECATED_API_ALIAS	api:contracts	(value/shape mapped by the reader; see reason)	versoes	1	web builds released before the rename (deploy skew window)	web builds released before CZ-026	CZ-026: `versoes` is the pre-rename name a web build released before the rename may still send (web and api deploy independently); accepted only as a deprecated input alias and moved to `versions` before persistence; responses use `versions` only.	remove after a web release that sends `versions` is deployed to every environment	apps/api/src/modules/contracts/dto/create-contract.dto.legacy-compat.spec.ts	PROVEN:1
NECESSARY_BOUNDARY	DEPRECATED_API_ALIAS	api:contracts	(value/shape mapped by the reader; see reason)	exclusivo	1	web builds released before the rename (deploy skew window)	web builds released before CZ-026	CZ-026: `exclusivo` is the pre-rename name a web build released before the rename may still send (web and api deploy independently); accepted only as a deprecated input alias and moved to `exclusive` before persistence; responses use `exclusive` only.	remove after a web release that sends `exclusive` is deployed to every environment	apps/api/src/modules/contracts/contracts.service.spec.ts	PROVEN:1
NECESSARY_BOUNDARY	DEPRECATED_API_ALIAS	api:contracts	(value/shape mapped by the reader; see reason)	versoes	1	web builds released before the rename (deploy skew window)	web builds released before CZ-026	CZ-026: `versoes` is the pre-rename name a web build released before the rename may still send (web and api deploy independently); accepted only as a deprecated input alias and moved to `versions` before persistence; responses use `versions` only.	remove after a web release that sends `versions` is deployed to every environment	apps/api/src/modules/contracts/contracts.service.spec.ts	PROVEN:1
NECESSARY_BOUNDARY	DEPRECATED_API_ALIAS	api:contracts	(value/shape mapped by the reader; see reason)	(whole file)	2	web builds released before the rename (deploy skew window)	clients built before the contract renames (2026-09-05 C1, Cluster G, CZ-026)	The single place that knows every deprecated contract field name (titulo, tipo, data_inicio, data_fim, valor, arquivo_url, the version-entry keys versao/criado_em/notas/autor, and the English camelCase aliases) and resolves them to the canonical contract; every use is logged by ContractsService.logLegacyAliasUsage.	remove each alias once ContractsService.logLegacyAliasUsage reports no use of it for 30 consecutive days in every environment after the CZ-026 web release	apps/api/src/modules/contracts/contract-legacy-alias.util.legacy-compat.spec.ts	PROVEN:2
NECESSARY_BOUNDARY	DEPRECATED_API_ALIAS	api:contracts	(value/shape mapped by the reader; see reason)	(whole file)	1	web builds released before the rename (deploy skew window)	historical rows written before the English renames	Contracts/releases responses keep the deprecated `artistas`/`clientes` keys with the same minimal projection ({id, stage_name}/{id, name, nome}) so a pre-change web build keeps rendering; canonical keys are `artist`/`client`.	delete the deprecated `artistas`/`clientes` response keys in the first API release after the web build whose readers use `contract.artist` / `contract.client` (already in the repo: no non-test match for `\.(artistas|clientes)\b` in apps/web/src) has been the production web build for 14 consecutive days; verified by contract-party-refs.security.spec.ts asserting the keys are absent from the response	apps/api/src/modules/contracts/contract-party-refs.security.spec.ts	PROVEN:1
NECESSARY_BOUNDARY	DEPRECATED_API_ALIAS	api:contracts	NC-008 `title`	titulo	1	web builds released before the rename (deploy skew window)	web builds released before CZ-026	CZ-026: `titulo` is the pre-rename name a web build released before the rename may still send (web and api deploy independently); accepted only as a deprecated input alias, mapped to `title` before persistence; responses use `title` only.	remove after a web release that sends `title` is deployed to every environment	apps/api/src/modules/contracts/dto/create-contract.dto.legacy-compat.spec.ts	PROVEN:1
NECESSARY_BOUNDARY	DEPRECATED_API_ALIAS	api:contracts	NC-009 `type`	tipo	1	web builds released before the rename (deploy skew window)	web builds released before CZ-026	CZ-026: `tipo` is the pre-rename name a web build released before the rename may still send (web and api deploy independently); accepted only as a deprecated input alias, mapped to `type` before persistence; responses use `type` only.	remove after a web release that sends `type` is deployed to every environment	apps/api/src/modules/contracts/dto/create-contract.dto.legacy-compat.spec.ts	PROVEN:1
NECESSARY_BOUNDARY	DEPRECATED_API_ALIAS	api:contracts	NC-010 `startDate`/`endDate` for the contracts/HR/goals family; `startsAt` for the events/campaigns/projects family	data_inicio	1	web builds released before the rename (deploy skew window)	web builds released before CZ-026	CZ-026: `data_inicio` is the pre-rename name a web build released before the rename may still send (web and api deploy independently); accepted only as a deprecated input alias, mapped to `start_date` before persistence; responses use `start_date` only.	remove after a web release that sends `start_date` is deployed to every environment	apps/api/src/modules/contracts/dto/create-contract.dto.legacy-compat.spec.ts	PROVEN:1
NECESSARY_BOUNDARY	DEPRECATED_API_ALIAS	api:contracts	NC-010 `startDate`/`endDate` for the contracts/HR/goals family; `startsAt` for the events/campaigns/projects family	data_fim	1	web builds released before the rename (deploy skew window)	web builds released before CZ-026	CZ-026: `data_fim` is the pre-rename name a web build released before the rename may still send (web and api deploy independently); accepted only as a deprecated input alias, mapped to `end_date` before persistence; responses use `end_date` only.	remove after a web release that sends `end_date` is deployed to every environment	apps/api/src/modules/contracts/dto/create-contract.dto.legacy-compat.spec.ts	PROVEN:1
NECESSARY_BOUNDARY	DEPRECATED_API_ALIAS	api:contracts	(value/shape mapped by the reader; see reason)	valor	1	web builds released before the rename (deploy skew window)	web builds released before CZ-026	CZ-026: `valor` is the pre-rename name a web build released before the rename may still send (web and api deploy independently); accepted only as a deprecated input alias, mapped to `fixed_value` before persistence; responses use `fixed_value` only.	remove after a web release that sends `fixed_value` is deployed to every environment	apps/api/src/modules/contracts/dto/create-contract.dto.legacy-compat.spec.ts	PROVEN:1
NECESSARY_BOUNDARY	DEPRECATED_API_ALIAS	api:contracts	NC-009 `type`	tipo	1	web builds released before the rename (deploy skew window)	web builds released before CZ-026	CZ-026: `tipo` is the pre-rename name a web build released before the rename may still send (web and api deploy independently); accepted only as a deprecated input alias, mapped to `type` before persistence; responses use `type` only.	remove after a web release that sends `type` is deployed to every environment	apps/api/src/modules/contracts/dto/query-contract.dto.legacy.spec.ts	PROVEN:1
NECESSARY_BOUNDARY	DEPRECATED_API_ALIAS	api:conversations	(value/shape mapped by the reader; see reason)	(whole file)	1	web builds released before the rename (deploy skew window)	web builds released before CZ-045	CZ-045: the only place that maps a pre-CZ-045 Portuguese service status, priority or default menu/template id to the canonical English value before validation, and drops the deprecated queueKey/sectorKey routing keys that stored menu options may still carry (accepted on input, never persisted again).	remove after a web release that sends the canonical CZ-045 values is deployed to every environment	apps/api/src/modules/conversations/musicchat-vocabulary.spec.ts	PROVEN:1
NECESSARY_BOUNDARY	DEPRECATED_API_ALIAS	api:events	(value/shape mapped by the reader; see reason)	endereco	1	web builds released before the rename (deploy skew window)	web builds released before CZ-028	CZ-028: `endereco` is the pre-rename name a web build released before the rename may still send (web and api deploy independently); accepted only as a deprecated input alias and moved to `address` before persistence; responses use `address` only.	remove after a web release that sends `address` is deployed to every environment	apps/api/src/modules/events/events.service.spec.ts	PROVEN:1
NECESSARY_BOUNDARY	DEPRECATED_API_ALIAS	api:events	(value/shape mapped by the reader; see reason)	contato_local	1	web builds released before the rename (deploy skew window)	web builds released before CZ-028	CZ-028: `contato_local` is the pre-rename name a web build released before the rename may still send (web and api deploy independently); accepted only as a deprecated input alias and moved to `venue_contact` before persistence; responses use `venue_contact` only.	remove after a web release that sends `venue_contact` is deployed to every environment	apps/api/src/modules/events/events.service.spec.ts	PROVEN:1
NECESSARY_BOUNDARY	DEPRECATED_API_ALIAS	api:events	(value/shape mapped by the reader; see reason)	publico_esperado	1	web builds released before the rename (deploy skew window)	web builds released before CZ-028	CZ-028: `publico_esperado` is the pre-rename name a web build released before the rename may still send (web and api deploy independently); accepted only as a deprecated input alias and moved to `expected_attendance` before persistence; responses use `expected_attendance` only.	remove after a web release that sends `expected_attendance` is deployed to every environment	apps/api/src/modules/events/events.service.spec.ts	PROVEN:1
NECESSARY_BOUNDARY	DEPRECATED_API_ALIAS	api:events	(value/shape mapped by the reader; see reason)	participantes	1	web builds released before the rename (deploy skew window)	web builds released before CZ-028	CZ-028: `participantes` is the pre-rename name a web build released before the rename may still send (web and api deploy independently); accepted only as a deprecated input alias and moved to `participants` before persistence; responses use `participants` only.	remove after a web release that sends `participants` is deployed to every environment	apps/api/src/modules/events/events.service.spec.ts	PROVEN:1
NECESSARY_BOUNDARY	DEPRECATED_API_ALIAS	api:finance-category-rules	(value/shape mapped by the reader; see reason)	(whole file)	1	web builds released before the rename (deploy skew window)	web builds released before CZ-041	CZ-041: maps the pre-CZ-041 RECEITA/DESPESA transaction_type sent by an older web build to REVENUE/EXPENSE.	remove after a web release that sends the canonical CZ-041 contract is deployed to every environment	apps/api/src/modules/finance-category-rules/dto/finance-category-rules.dto.spec.ts	PROVEN:1
NECESSARY_BOUNDARY	DEPRECATED_API_ALIAS	api:financial-rules	(value/shape mapped by the reader; see reason)	(whole file)	1	web builds released before the rename (deploy skew window)	web builds released before the rename	The single place that maps a legacy Portuguese payload/value to the canonical contract (or its compatibility test).	remove after a web release that sends only the canonical contract is deployed to every environment	apps/api/src/database/transaction-financial-rule-vocabulary-check.migration.spec.ts	PROVEN:1
NECESSARY_BOUNDARY	DEPRECATED_API_ALIAS	api:financial-rules	(value/shape mapped by the reader; see reason)	calculo	1	web builds released before the rename (deploy skew window)	web builds released before the financial-rules canonical contract	financial-rules canonical vocabulary: `calculo` is the pre-rename name a web build released before the rename may still send (web and api deploy independently); accepted only as a deprecated input alias, mapped to `calculation_method` before persistence; responses use `calculation_method` only.	remove after a web release that sends `calculation_method` is deployed to every environment	apps/api/src/modules/financial-rules/financial-rule-legacy.mapper.spec.ts	PROVEN:1
NECESSARY_BOUNDARY	DEPRECATED_API_ALIAS	api:financial-rules	(value/shape mapped by the reader; see reason)	condicoes	1	web builds released before the rename (deploy skew window)	web builds released before the financial-rules canonical contract	financial-rules canonical vocabulary: `condicoes` is the pre-rename name a web build released before the rename may still send (web and api deploy independently); accepted only as a deprecated input alias, mapped to `conditions` before persistence; responses use `conditions` only.	remove after a web release that sends `conditions` is deployed to every environment	apps/api/src/modules/financial-rules/dto/financial-rules.dto.legacy.spec.ts	PROVEN:1
NECESSARY_BOUNDARY	DEPRECATED_API_ALIAS	api:hr	NC-012 `notes`	cargo,tipo_contrato,telefone,data_admissao,funcionario_id,mes_referencia,salario_bruto,descontos (+5)	15	web builds released before the rename (deploy skew window)	web builds released before CZ-030	CZ-030: `cargo` is the pre-rename name a web build released before the rename may still send (web and api deploy independently); accepted only as a deprecated input alias and moved to the canonical English field before persistence; responses use the canonical English field only.	remove after a web release that sends the canonical HR contract is deployed to every environment	apps/api/src/modules/hr/hr-contract.spec.ts	PROVEN:15
NECESSARY_BOUNDARY	DEPRECATED_API_ALIAS	api:hr	(value/shape mapped by the reader; see reason)	departamento,salario,data_demissao	3	web builds released before the rename (deploy skew window)	web builds released before CZ-030	CZ-030: `departamento` is the pre-rename name a web build released before the rename may still send (web and api deploy independently); accepted only as a deprecated input alias and moved to the canonical English field before persistence; responses use the canonical English field only.	remove after a web release that sends the canonical HR contract is deployed to every environment	apps/api/src/modules/hr/dto/create-employee.dto.legacy-compat.spec.ts	PROVEN:3
NECESSARY_BOUNDARY	DEPRECATED_API_ALIAS	api:hr	(value/shape mapped by the reader; see reason)	competencia,arquivo_url,documento_url	3	web builds released before the rename (deploy skew window)	web builds released before CZ-030	CZ-030: `competencia` is the pre-rename name a web build released before the rename may still send (web and api deploy independently); accepted only as a deprecated input alias and moved to the canonical English field before persistence; responses use the canonical English field only.	remove after a web release that sends the canonical HR contract is deployed to every environment	apps/api/src/common/validators/legacy-url-dtos.spec.ts	PROVEN:3
NECESSARY_BOUNDARY	DEPRECATED_API_ALIAS	api:hr	(value/shape mapped by the reader; see reason)	pago_em	1	web builds released before the rename (deploy skew window)	web builds released before CZ-030	CZ-030: `pago_em` is the pre-rename name a web build released before the rename may still send (web and api deploy independently); accepted only as a deprecated input alias and moved to the canonical English field before persistence; responses use the canonical English field only.	remove after a web release that sends the canonical HR contract is deployed to every environment	apps/api/src/modules/hr/dto/create-payroll-entry.dto.legacy-compat.spec.ts	PROVEN:1
NECESSARY_BOUNDARY	DEPRECATED_API_ALIAS	api:hr	(value/shape mapped by the reader; see reason)	motivo	1	web builds released before the rename (deploy skew window)	web builds released before CZ-030	CZ-030: `motivo` is the pre-rename name a web build released before the rename may still send (web and api deploy independently); accepted only as a deprecated input alias and moved to the canonical English field before persistence; responses use the canonical English field only.	remove after a web release that sends the canonical HR contract is deployed to every environment	apps/api/src/modules/hr/dto/create-leave-request.dto.legacy-compat.spec.ts	PROVEN:1
NECESSARY_BOUNDARY	DEPRECATED_API_ALIAS	api:hr	(value/shape mapped by the reader; see reason)	setor	1	web builds released before the rename (deploy skew window)	web builds released before CZ-030	CZ-030: `setor` is the pre-rename name a web build released before the rename may still send (web and api deploy independently); accepted only as a deprecated input alias and moved to the canonical query param before persistence; responses use the canonical query param only.	remove after a web release that sends the canonical HR contract is deployed to every environment	apps/api/src/modules/hr/hr-legacy-department-query.spec.ts	PROVEN:1
NECESSARY_BOUNDARY	DEPRECATED_API_ALIAS	api:hr	(value/shape mapped by the reader; see reason)	competencia	1	web builds released before the rename (deploy skew window)	web builds released before CZ-030	CZ-030: `competencia` is the pre-rename name a web build released before the rename may still send (web and api deploy independently); accepted only as a deprecated input alias and moved to the canonical query param before persistence; responses use the canonical query param only.	remove after a web release that sends the canonical HR contract is deployed to every environment	apps/api/src/modules/hr/hr.controller.legacy-compat.spec.ts	PROVEN:1
NECESSARY_BOUNDARY	DEPRECATED_API_ALIAS	api:integrations	NC-008 `title`	titulo	1	web builds released before the rename (deploy skew window)	web builds released before the Abramus canonical register-work contract	Abramus register-work canonical contract: `titulo` is the pre-rename name a web build released before the rename may still send (web and api deploy independently); accepted only as a deprecated input alias, mapped to `title` before persistence; responses use `title` only.	remove after a web release that sends `title` is deployed to every environment	apps/api/src/modules/integrations/dto/integrations.dto.spec.ts	PROVEN:1
NECESSARY_BOUNDARY	DEPRECATED_API_ALIAS	api:integrations	(value/shape mapped by the reader; see reason)	compositor	1	web builds released before the rename (deploy skew window)	web builds released before the Abramus canonical register-work contract	Abramus register-work canonical contract: `compositor` is the pre-rename name a web build released before the rename may still send (web and api deploy independently); accepted only as a deprecated input alias, mapped to `composer` before persistence; responses use `composer` only.	remove after a web release that sends `composer` is deployed to every environment	apps/api/src/modules/integrations/dto/integrations.dto.spec.ts	PROVEN:1
NECESSARY_BOUNDARY	DEPRECATED_API_ALIAS	api:integrations	(value/shape mapped by the reader; see reason)	coautores	1	web builds released before the rename (deploy skew window)	web builds released before the Abramus canonical register-work contract	Abramus register-work canonical contract: `coautores` is the pre-rename name a web build released before the rename may still send (web and api deploy independently); accepted only as a deprecated input alias, mapped to `co_composers` before persistence; responses use `co_composers` only.	remove after a web release that sends `co_composers` is deployed to every environment	apps/api/src/modules/integrations/dto/integrations.dto.spec.ts	PROVEN:1
NECESSARY_BOUNDARY	DEPRECATED_API_ALIAS	api:integrations	NC-015 `musicGenre`	genero	1	web builds released before the rename (deploy skew window)	web builds released before the Abramus canonical register-work contract	Abramus register-work canonical contract: `genero` is the pre-rename name a web build released before the rename may still send (web and api deploy independently); accepted only as a deprecated input alias, mapped to `genre` before persistence; responses use `genre` only.	remove after a web release that sends `genre` is deployed to every environment	apps/api/src/modules/integrations/dto/integrations.dto.spec.ts	PROVEN:1
NECESSARY_BOUNDARY	DEPRECATED_API_ALIAS	api:integrations	NC-014 `durationText`	duracao	1	web builds released before the rename (deploy skew window)	web builds released before the Abramus canonical register-work contract	Abramus register-work canonical contract: `duracao` is the pre-rename name a web build released before the rename may still send (web and api deploy independently); accepted only as a deprecated input alias, mapped to `duration` before persistence; responses use `duration` only.	remove after a web release that sends `duration` is deployed to every environment	apps/api/src/modules/integrations/dto/integrations.dto.legacy.spec.ts	PROVEN:1
NECESSARY_BOUNDARY	DEPRECATED_API_ALIAS	api:integrations	(value/shape mapped by the reader; see reason)	editora	1	web builds released before the rename (deploy skew window)	web builds released before the Abramus canonical register-work contract	Abramus register-work canonical contract: `editora` is the pre-rename name a web build released before the rename may still send (web and api deploy independently); accepted only as a deprecated input alias, mapped to `publisher` before persistence; responses use `publisher` only.	remove after a web release that sends `publisher` is deployed to every environment	apps/api/src/modules/integrations/dto/integrations.dto.legacy.spec.ts	PROVEN:1
NECESSARY_BOUNDARY	DEPRECATED_API_ALIAS	api:integrations	(value/shape mapped by the reader; see reason)	periodo	2	web builds released before the rename (deploy skew window)	clients of GET /integrations/abramus/statements that still send the deprecated query parameter `periodo` (apps/web does not)	Deprecated inbound alias of the canonical query parameter `period`: the canonical name wins and the alias is dropped when empty (applyDeprecatedFieldAliases). The outbound ABRAMUS request still uses `periodo` because the external contract defines it (separate ledger row on abramus.service.ts).	remove the alias after one release window in which no client sends `periodo` (apps/web has no caller of this route)	apps/api/src/modules/integrations/integrations-dto-wiring.spec.ts	PROVEN:2
NECESSARY_BOUNDARY	DEPRECATED_API_ALIAS	api:inventory	(value/shape mapped by the reader; see reason)	quantidade	1	web builds released before the rename (deploy skew window)	web builds released before CZ-032	CZ-032: `quantidade` is the pre-rename name a web build released before the rename may still send (web and api deploy independently); accepted only as a deprecated input alias and moved to `quantity` before persistence; responses use `quantity` only.	remove after a web release that sends `quantity` is deployed to every environment	apps/api/src/modules/inventory/inventory-contract.spec.ts	PROVEN:1
NECESSARY_BOUNDARY	DEPRECATED_API_ALIAS	api:inventory	(value/shape mapped by the reader; see reason)	localizacao	1	web builds released before the rename (deploy skew window)	web builds released before CZ-032	CZ-032: `localizacao` is the pre-rename name a web build released before the rename may still send (web and api deploy independently); accepted only as a deprecated input alias and moved to `storage_location` before persistence; responses use `storage_location` only.	remove after a web release that sends `storage_location` is deployed to every environment	apps/api/src/modules/inventory/inventory-contract.spec.ts	PROVEN:1
NECESSARY_BOUNDARY	DEPRECATED_API_ALIAS	api:inventory	(value/shape mapped by the reader; see reason)	responsavel	1	web builds released before the rename (deploy skew window)	web builds released before CZ-032	CZ-032: `responsavel` is the pre-rename name a web build released before the rename may still send (web and api deploy independently); accepted only as a deprecated input alias and moved to `responsible_person` before persistence; responses use `responsible_person` only.	remove after a web release that sends `responsible_person` is deployed to every environment	apps/api/src/modules/inventory/inventory-contract.spec.ts	PROVEN:1
NECESSARY_BOUNDARY	DEPRECATED_API_ALIAS	api:inventory	(value/shape mapped by the reader; see reason)	setor	1	web builds released before the rename (deploy skew window)	web builds released before CZ-032	CZ-032: `setor` is the pre-rename name a web build released before the rename may still send (web and api deploy independently); accepted only as a deprecated input alias and moved to `sector` before persistence; responses use `sector` only.	remove after a web release that sends `sector` is deployed to every environment	apps/api/src/modules/inventory/inventory-contract.spec.ts	PROVEN:1
NECESSARY_BOUNDARY	DEPRECATED_API_ALIAS	api:inventory	(value/shape mapped by the reader; see reason)	data_entrada	1	web builds released before the rename (deploy skew window)	web builds released before CZ-032	CZ-032: `data_entrada` is the pre-rename name a web build released before the rename may still send (web and api deploy independently); accepted only as a deprecated input alias and moved to `entry_date` before persistence; responses use `entry_date` only.	remove after a web release that sends `entry_date` is deployed to every environment	apps/api/src/modules/inventory/inventory-contract.spec.ts	PROVEN:1
NECESSARY_BOUNDARY	DEPRECATED_API_ALIAS	api:inventory	(value/shape mapped by the reader; see reason)	local_compra	1	web builds released before the rename (deploy skew window)	web builds released before CZ-032	CZ-032: `local_compra` is the pre-rename name a web build released before the rename may still send (web and api deploy independently); accepted only as a deprecated input alias and moved to `purchase_location` before persistence; responses use `purchase_location` only.	remove after a web release that sends `purchase_location` is deployed to every environment	apps/api/src/modules/inventory/inventory-contract.spec.ts	PROVEN:1
NECESSARY_BOUNDARY	DEPRECATED_API_ALIAS	api:invoices	(value/shape mapped by the reader; see reason)	numero	1	web builds released before the rename (deploy skew window)	web builds released before CZ-036	CZ-036: `numero` is the pre-rename name a web build released before the rename may still send (web and api deploy independently); accepted only as a deprecated input alias and moved to `invoice_number` before persistence; responses use `invoice_number` only.	remove after a web release that sends `invoice_number` is deployed to every environment	apps/api/src/modules/invoices/invoice-contract.spec.ts	PROVEN:1
NECESSARY_BOUNDARY	DEPRECATED_API_ALIAS	api:invoices	(value/shape mapped by the reader; see reason)	venda_id	1	web builds released before the rename (deploy skew window)	web builds released before CZ-036	CZ-036: `venda_id` is the pre-rename name a web build released before the rename may still send (web and api deploy independently); accepted only as a deprecated input alias and moved to `sale_id` before persistence; responses use `sale_id` only.	remove after a web release that sends `sale_id` is deployed to every environment	apps/api/src/modules/invoices/dto/invoices.dto.legacy-compat.spec.ts	PROVEN:1
NECESSARY_BOUNDARY	DEPRECATED_API_ALIAS	api:invoices	(value/shape mapped by the reader; see reason)	data_emissao	1	web builds released before the rename (deploy skew window)	web builds released before CZ-036	CZ-036: `data_emissao` is the pre-rename name a web build released before the rename may still send (web and api deploy independently); accepted only as a deprecated input alias and moved to `issued_at` before persistence; responses use `issued_at` only.	remove after a web release that sends `issued_at` is deployed to every environment	apps/api/src/modules/invoices/invoice-contract.spec.ts	PROVEN:1
NECESSARY_BOUNDARY	DEPRECATED_API_ALIAS	api:invoices	NC-024 n/a	vencimento	1	web builds released before the rename (deploy skew window)	web builds released before CZ-036	CZ-036: `vencimento` is the pre-rename name a web build released before the rename may still send (web and api deploy independently); accepted only as a deprecated input alias and moved to `due_at` before persistence; responses use `due_at` only.	remove after a web release that sends `due_at` is deployed to every environment	apps/api/src/modules/invoices/invoice-contract.spec.ts	PROVEN:1
NECESSARY_BOUNDARY	DEPRECATED_API_ALIAS	api:invoices	(value/shape mapped by the reader; see reason)	tomador_razao_social	1	web builds released before the rename (deploy skew window)	web builds released before CZ-036	CZ-036: `tomador_razao_social` is the pre-rename name a web build released before the rename may still send (web and api deploy independently); accepted only as a deprecated input alias and moved to `tomador_legal_name` before persistence; responses use `tomador_legal_name` only.	remove after a web release that sends `tomador_legal_name` is deployed to every environment	apps/api/src/modules/invoices/invoice-contract.spec.ts	PROVEN:1
NECESSARY_BOUNDARY	DEPRECATED_API_ALIAS	api:invoices	(value/shape mapped by the reader; see reason)	forma_pagamento	1	web builds released before the rename (deploy skew window)	web builds released before CZ-036	CZ-036: `forma_pagamento` is the pre-rename name a web build released before the rename may still send (web and api deploy independently); accepted only as a deprecated input alias and moved to `payment_method` before persistence; responses use `payment_method` only.	remove after a web release that sends `payment_method` is deployed to every environment	apps/api/src/modules/invoices/invoice-contract.spec.ts	PROVEN:1
NECESSARY_BOUNDARY	DEPRECATED_API_ALIAS	api:invoices	(value/shape mapped by the reader; see reason)	condicao_pagamento	1	web builds released before the rename (deploy skew window)	web builds released before CZ-036	CZ-036: `condicao_pagamento` is the pre-rename name a web build released before the rename may still send (web and api deploy independently); accepted only as a deprecated input alias and moved to `payment_terms` before persistence; responses use `payment_terms` only.	remove after a web release that sends `payment_terms` is deployed to every environment	apps/api/src/modules/invoices/invoice-contract.spec.ts	PROVEN:1
NECESSARY_BOUNDARY	DEPRECATED_API_ALIAS	api:invoices	(value/shape mapped by the reader; see reason)	itens	1	web builds released before the rename (deploy skew window)	web builds released before CZ-036	CZ-036: `itens` is the pre-rename name a web build released before the rename may still send (web and api deploy independently); accepted only as a deprecated input alias and moved to `items` before persistence; responses use `items` only.	remove after a web release that sends `items` is deployed to every environment	apps/api/src/modules/invoices/invoice-contract.spec.ts	PROVEN:1
NECESSARY_BOUNDARY	DEPRECATED_API_ALIAS	api:invoices	(value/shape mapped by the reader; see reason)	codigo_servico	1	web builds released before the rename (deploy skew window)	web builds released before CZ-036	CZ-036: `codigo_servico` is the pre-rename name a web build released before the rename may still send (web and api deploy independently); accepted only as a deprecated input alias and moved to `service_code` before persistence; responses use `service_code` only.	remove after a web release that sends `service_code` is deployed to every environment	apps/api/src/modules/invoices/invoice-contract.spec.ts	PROVEN:1
NECESSARY_BOUNDARY	DEPRECATED_API_ALIAS	api:invoices	(value/shape mapped by the reader; see reason)	quantidade	1	web builds released before the rename (deploy skew window)	web builds released before CZ-036	CZ-036: `quantidade` is the pre-rename name a web build released before the rename may still send (web and api deploy independently); accepted only as a deprecated input alias and moved to `quantity` before persistence; responses use `quantity` only.	remove after a web release that sends `quantity` is deployed to every environment	apps/api/src/modules/invoices/invoice-contract.spec.ts	PROVEN:1
NECESSARY_BOUNDARY	DEPRECATED_API_ALIAS	api:invoices	(value/shape mapped by the reader; see reason)	tipo_nota	2	web builds released before the rename (deploy skew window)	apps/web invoice form and list filter, API clients of /invoices	Deprecated alias/mirror of the canonical `fiscal_document_type`: the API accepts `tipo_nota` as deprecated input (canonical wins, never persisted as a key) and still emits it as a deprecated mirror in responses because web builds released before this change read it; the web reads it only as old-API compatibility.	remove the alias, the response mirror and the web old-API read one release after every web build sends fiscal_document_type and no consumer reads tipo_nota from responses	apps/api/src/modules/invoices/fiscal-document-type.contract.spec.ts	PROVEN:2
NECESSARY_BOUNDARY	DEPRECATED_API_ALIAS	api:leads	(value/shape mapped by the reader; see reason)	nomeArtistico	1	web builds released before the rename (deploy skew window)	web builds released before CZ-033	CZ-033: `nomeArtistico` is the pre-rename name a web build released before the rename may still send (web and api deploy independently); accepted only as a deprecated input alias and moved to `stageName` before persistence; responses use `stageName` only.	remove after a web release that sends `stageName` is deployed to every environment	apps/api/src/modules/leads/lead-contract.spec.ts	PROVEN:1
NECESSARY_BOUNDARY	DEPRECATED_API_ALIAS	api:leads	(value/shape mapped by the reader; see reason)	empresa	1	web builds released before the rename (deploy skew window)	web builds released before CZ-033	CZ-033: `empresa` is the pre-rename name a web build released before the rename may still send (web and api deploy independently); accepted only as a deprecated input alias and moved to `company` before persistence; responses use `company` only.	remove after a web release that sends `company` is deployed to every environment	apps/api/src/modules/leads/lead-contract.spec.ts	PROVEN:1
NECESSARY_BOUNDARY	DEPRECATED_API_ALIAS	api:leads	(value/shape mapped by the reader; see reason)	payloadServico	1	web builds released before the rename (deploy skew window)	web builds released before CZ-033	CZ-033: `payloadServico` is the pre-rename name a web build released before the rename may still send (web and api deploy independently); accepted only as a deprecated input alias and moved to `servicePayload` before persistence; responses use `servicePayload` only.	remove after a web release that sends `servicePayload` is deployed to every environment	apps/api/src/modules/leads/lead-contract.spec.ts	PROVEN:1
NECESSARY_BOUNDARY	DEPRECATED_API_ALIAS	api:leads	(value/shape mapped by the reader; see reason)	dadosInternosCRM	1	web builds released before the rename (deploy skew window)	web builds released before CZ-033	CZ-033: `dadosInternosCRM` is the pre-rename name a web build released before the rename may still send (web and api deploy independently); accepted only as a deprecated input alias and moved to `crmInternalData` before persistence; responses use `crmInternalData` only.	remove after a web release that sends `crmInternalData` is deployed to every environment	apps/api/src/modules/leads/lead-contract.spec.ts	PROVEN:1
NECESSARY_BOUNDARY	DEPRECATED_API_ALIAS	api:licensing	(value/shape mapped by the reader; see reason)	valor	1	web builds released before the rename (deploy skew window)	web builds released before CZ-035	CZ-035: `valor` is the pre-rename name a web build released before the rename may still send (web and api deploy independently); accepted only as a deprecated input alias and moved to `amount` before persistence; responses use `amount` only.	remove after a web release that sends `amount` is deployed to every environment	apps/api/src/modules/licensing/license-contract.spec.ts	PROVEN:1
NECESSARY_BOUNDARY	DEPRECATED_API_ALIAS	api:licensing	(value/shape mapped by the reader; see reason)	moeda	1	web builds released before the rename (deploy skew window)	web builds released before CZ-035	CZ-035: `moeda` is the pre-rename name a web build released before the rename may still send (web and api deploy independently); accepted only as a deprecated input alias and moved to `currency` before persistence; responses use `currency` only.	remove after a web release that sends `currency` is deployed to every environment	apps/api/src/modules/licensing/dto/licensing.dto.legacy-compat.spec.ts	PROVEN:1
NECESSARY_BOUNDARY	DEPRECATED_API_ALIAS	api:licensing	(value/shape mapped by the reader; see reason)	obra_musical	1	web builds released before the rename (deploy skew window)	web builds released before CZ-035	CZ-035: `obra_musical` is the pre-rename name a web build released before the rename may still send (web and api deploy independently); accepted only as a deprecated input alias and moved to `work_title` before persistence; responses use `work_title` only.	remove after a web release that sends `work_title` is deployed to every environment	apps/api/src/modules/licensing/dto/licensing.dto.legacy-compat.spec.ts	PROVEN:1
NECESSARY_BOUNDARY	DEPRECATED_API_ALIAS	api:licensing	(value/shape mapped by the reader; see reason)	artista	1	web builds released before the rename (deploy skew window)	web builds released before CZ-035	CZ-035: `artista` is the pre-rename name a web build released before the rename may still send (web and api deploy independently); accepted only as a deprecated input alias and moved to `artist_name` before persistence; responses use `artist_name` only.	remove after a web release that sends `artist_name` is deployed to every environment	apps/api/src/modules/licensing/dto/licensing.dto.legacy-compat.spec.ts	PROVEN:1
NECESSARY_BOUNDARY	DEPRECATED_API_ALIAS	api:licensing	(value/shape mapped by the reader; see reason)	cliente	1	web builds released before the rename (deploy skew window)	web builds released before CZ-035	CZ-035: `cliente` is the pre-rename name a web build released before the rename may still send (web and api deploy independently); accepted only as a deprecated input alias and moved to `client_name` before persistence; responses use `client_name` only.	remove after a web release that sends `client_name` is deployed to every environment	apps/api/src/modules/licensing/license-contract.spec.ts	PROVEN:1
NECESSARY_BOUNDARY	DEPRECATED_API_ALIAS	api:licensing	(value/shape mapped by the reader; see reason)	projeto	1	web builds released before the rename (deploy skew window)	web builds released before CZ-035	CZ-035: `projeto` is the pre-rename name a web build released before the rename may still send (web and api deploy independently); accepted only as a deprecated input alias and moved to `project_name` before persistence; responses use `project_name` only.	remove after a web release that sends `project_name` is deployed to every environment	apps/api/src/modules/licensing/license-contract.spec.ts	PROVEN:1
NECESSARY_BOUNDARY	DEPRECATED_API_ALIAS	api:licensing	(value/shape mapped by the reader; see reason)	tipo_uso	1	web builds released before the rename (deploy skew window)	web builds released before CZ-035	CZ-035: `tipo_uso` is the pre-rename name a web build released before the rename may still send (web and api deploy independently); accepted only as a deprecated input alias and moved to `usage_type` before persistence; responses use `usage_type` only.	remove after a web release that sends `usage_type` is deployed to every environment	apps/api/src/modules/licensing/dto/licensing.dto.legacy-compat.spec.ts	PROVEN:1
NECESSARY_BOUNDARY	DEPRECATED_API_ALIAS	api:licensing	(value/shape mapped by the reader; see reason)	midia_destino	1	web builds released before the rename (deploy skew window)	web builds released before CZ-035	CZ-035: `midia_destino` is the pre-rename name a web build released before the rename may still send (web and api deploy independently); accepted only as a deprecated input alias and moved to `target_media` before persistence; responses use `target_media` only.	remove after a web release that sends `target_media` is deployed to every environment	apps/api/src/modules/licensing/license-contract.spec.ts	PROVEN:1
NECESSARY_BOUNDARY	DEPRECATED_API_ALIAS	api:licensing	(value/shape mapped by the reader; see reason)	territorio	1	web builds released before the rename (deploy skew window)	web builds released before CZ-035	CZ-035: `territorio` is the pre-rename name a web build released before the rename may still send (web and api deploy independently); accepted only as a deprecated input alias and moved to `territory` before persistence; responses use `territory` only.	remove after a web release that sends `territory` is deployed to every environment	apps/api/src/modules/licensing/license-contract.spec.ts	PROVEN:1
NECESSARY_BOUNDARY	DEPRECATED_API_ALIAS	api:marketing	(value/shape mapped by the reader; see reason)	(whole file)	1	web builds released before the rename (deploy skew window)	web builds released before CZ-046/CZ-047	CZ-046/CZ-047: the only place in the API that maps a pre-canonicalization Portuguese task status/priority or content status/target type/content type to the canonical English value before validation.	remove after a web release that sends the canonical CZ-046/CZ-047 values is deployed to every environment	apps/api/src/modules/marketing/marketing-vocabulary.compat.spec.ts	PROVEN:1
NECESSARY_BOUNDARY	DEPRECATED_API_ALIAS	api:phonograms	(value/shape mapped by the reader; see reason)	(whole file)	2	web builds released before the rename (deploy skew window)	web builds released before CZ-040	CZ-040: the only place that maps the pre-CZ-040 Portuguese phonogram names, values, countries and participation keys to the canonical contract.	remove after a web release that sends the canonical CZ-040 contract is deployed to every environment	apps/api/src/modules/phonograms/phonogram-contract.spec.ts	PROVEN:2
NECESSARY_BOUNDARY	DEPRECATED_API_ALIAS	api:phonograms	(value/shape mapped by the reader; see reason)	(whole file)	1	web builds released before the rename (deploy skew window)	web builds released before the rename	The single place that maps a legacy Portuguese payload/value to the canonical contract (or its compatibility test).	remove after a web release that sends only the canonical contract is deployed to every environment	apps/api/src/modules/phonograms/phonogram-legacy-alias.util.legacy-compat.spec.ts	PROVEN:1
NECESSARY_BOUNDARY	DEPRECATED_API_ALIAS	api:phonograms	NC-008 `title`	titulo	1	web builds released before the rename (deploy skew window)	API clients still sending the deprecated `titulo` alias of `title` (usage-logged as 'Phonogram legacy alias used')	service strips/translates the deprecated request alias `titulo` (phonogram-legacy-alias.util) so create/update with the old key still resolves to `title`.	remove with the DTO `titulo` alias when the log line 'Phonogram legacy alias used: alias=titulo' is 0 for one release	apps/api/src/modules/phonograms/phonograms.service.spec.ts	PROVEN:1
NECESSARY_BOUNDARY	DEPRECATED_API_ALIAS	api:phonograms	NC-023 matching camelCase; NC-008 `title`	percentual,produtorFonografico,interprete,musicoAcompanhante,titulo,cod_entidade,agregadora,isrc_pais (+18)	26	web builds released before the rename (deploy skew window)	web builds released before the rename	CZ-040: deprecated request properties a pre-rename web build still sends; mapped to the canonical columns before persistence, never returned.	remove after a web release that sends only the canonical contract is deployed to every environment	apps/api/src/modules/phonograms/phonogram-contract.spec.ts	PROVEN:26
NECESSARY_BOUNDARY	DEPRECATED_API_ALIAS	api:projects	(value/shape mapped by the reader; see reason)	orcamento	1	web builds released before the rename (deploy skew window)	web builds released before CZ-023	CZ-023: `orcamento` is the pre-rename name a web build released before the rename may still send (web and api deploy independently); accepted only as a deprecated input alias and moved to `budget` before persistence; responses use `budget` only.	remove after a web release that sends `budget` is deployed to every environment	apps/api/src/modules/projects/dto/projects.dto.spec.ts	PROVEN:1
NECESSARY_BOUNDARY	DEPRECATED_API_ALIAS	api:projects	(value/shape mapped by the reader; see reason)	musicas	1	web builds released before the rename (deploy skew window)	web builds released before CZ-031	CZ-031: `musicas` is the pre-rename name a web build released before the rename may still send (web and api deploy independently); accepted only as a deprecated input alias and moved to `tracks` before persistence; responses use `tracks` only.	remove after a web release that sends `tracks` is deployed to every environment	apps/api/src/modules/projects/dto/projects.dto.spec.ts	PROVEN:1
NECESSARY_BOUNDARY	DEPRECATED_API_ALIAS	api:projects	(value/shape mapped by the reader; see reason)	duracaoMin	1	web builds released before the rename (deploy skew window)	web builds released before CZ-031	CZ-031: `duracaoMin` is the pre-rename name a web build released before the rename may still send (web and api deploy independently); accepted only as a deprecated input alias and moved to `durationMinutes` before persistence; responses use `durationMinutes` only.	remove after a web release that sends `durationMinutes` is deployed to every environment	apps/api/src/modules/projects/dto/projects.dto.spec.ts	PROVEN:1
NECESSARY_BOUNDARY	DEPRECATED_API_ALIAS	api:projects	(value/shape mapped by the reader; see reason)	duracaoSeg	1	web builds released before the rename (deploy skew window)	web builds released before CZ-031	CZ-031: `duracaoSeg` is the pre-rename name a web build released before the rename may still send (web and api deploy independently); accepted only as a deprecated input alias and moved to `durationSeconds` before persistence; responses use `durationSeconds` only.	remove after a web release that sends `durationSeconds` is deployed to every environment	apps/api/src/modules/projects/dto/projects.dto.spec.ts	PROVEN:1
NECESSARY_BOUNDARY	DEPRECATED_API_ALIAS	api:projects	NC-015 `musicGenre`	genero	1	web builds released before the rename (deploy skew window)	web builds released before CZ-031	CZ-031: `genero` is the pre-rename name a web build released before the rename may still send (web and api deploy independently); accepted only as a deprecated input alias and moved to `genre` before persistence; responses use `genre` only.	remove after a web release that sends `genre` is deployed to every environment	apps/api/src/modules/projects/dto/projects.dto.spec.ts	PROVEN:1
NECESSARY_BOUNDARY	DEPRECATED_API_ALIAS	api:projects	(value/shape mapped by the reader; see reason)	idioma	1	web builds released before the rename (deploy skew window)	web builds released before CZ-031	CZ-031: `idioma` is the pre-rename name a web build released before the rename may still send (web and api deploy independently); accepted only as a deprecated input alias and moved to `language` before persistence; responses use `language` only.	remove after a web release that sends `language` is deployed to every environment	apps/api/src/modules/projects/dto/projects.dto.spec.ts	PROVEN:1
NECESSARY_BOUNDARY	DEPRECATED_API_ALIAS	api:projects	(value/shape mapped by the reader; see reason)	letra	1	web builds released before the rename (deploy skew window)	web builds released before CZ-031	CZ-031: `letra` is the pre-rename name a web build released before the rename may still send (web and api deploy independently); accepted only as a deprecated input alias and moved to `lyrics` before persistence; responses use `lyrics` only.	remove after a web release that sends `lyrics` is deployed to every environment	apps/api/src/modules/projects/dto/projects.dto.spec.ts	PROVEN:1
NECESSARY_BOUNDARY	DEPRECATED_API_ALIAS	api:projects	(value/shape mapped by the reader; see reason)	compositores	1	web builds released before the rename (deploy skew window)	web builds released before CZ-031	CZ-031: `compositores` is the pre-rename name a web build released before the rename may still send (web and api deploy independently); accepted only as a deprecated input alias and moved to `composers` before persistence; responses use `composers` only.	remove after a web release that sends `composers` is deployed to every environment	apps/api/src/modules/projects/dto/projects.dto.spec.ts	PROVEN:1
NECESSARY_BOUNDARY	DEPRECATED_API_ALIAS	api:projects	(value/shape mapped by the reader; see reason)	interpretes	1	web builds released before the rename (deploy skew window)	web builds released before CZ-031	CZ-031: `interpretes` is the pre-rename name a web build released before the rename may still send (web and api deploy independently); accepted only as a deprecated input alias and moved to `performers` before persistence; responses use `performers` only.	remove after a web release that sends `performers` is deployed to every environment	apps/api/src/modules/projects/dto/projects.dto.spec.ts	PROVEN:1
NECESSARY_BOUNDARY	DEPRECATED_API_ALIAS	api:projects	(value/shape mapped by the reader; see reason)	produtores	1	web builds released before the rename (deploy skew window)	web builds released before CZ-031	CZ-031: `produtores` is the pre-rename name a web build released before the rename may still send (web and api deploy independently); accepted only as a deprecated input alias and moved to `producers` before persistence; responses use `producers` only.	remove after a web release that sends `producers` is deployed to every environment	apps/api/src/modules/projects/dto/projects.dto.spec.ts	PROVEN:1
NECESSARY_BOUNDARY	DEPRECATED_API_ALIAS	api:releases	(value/shape mapped by the reader; see reason)	notas_internas	1	web builds released before the rename (deploy skew window)	web builds released before CZ-038	CZ-038: `notas_internas` is the pre-rename name a web build released before the rename may still send (web and api deploy independently); accepted only as a deprecated input alias and moved to `internal_notes` before persistence; responses use `internal_notes` only.	remove after a web release that sends `internal_notes` is deployed to every environment	apps/api/src/modules/releases/release-contract.spec.ts	PROVEN:1
NECESSARY_BOUNDARY	DEPRECATED_API_ALIAS	api:releases	(value/shape mapped by the reader; see reason)	gravadora	1	web builds released before the rename (deploy skew window)	web builds released before CZ-038	CZ-038: `gravadora` is the pre-rename name a web build released before the rename may still send (web and api deploy independently); accepted only as a deprecated input alias and moved to `record_label` before persistence; responses use `record_label` only.	remove after a web release that sends `record_label` is deployed to every environment	apps/api/src/modules/releases/release-contract.spec.ts	PROVEN:1
NECESSARY_BOUNDARY	DEPRECATED_API_ALIAS	api:releases	(value/shape mapped by the reader; see reason)	idioma	1	web builds released before the rename (deploy skew window)	web builds released before CZ-038	CZ-038: `idioma` is the pre-rename name a web build released before the rename may still send (web and api deploy independently); accepted only as a deprecated input alias and moved to `language` before persistence; responses use `language` only.	remove after a web release that sends `language` is deployed to every environment	apps/api/src/modules/releases/release-contract.spec.ts	PROVEN:1
NECESSARY_BOUNDARY	DEPRECATED_API_ALIAS	api:releases	(value/shape mapped by the reader; see reason)	cronograma	1	web builds released before the rename (deploy skew window)	web builds released before CZ-038	CZ-038: `cronograma` is the pre-rename name a web build released before the rename may still send (web and api deploy independently); accepted only as a deprecated input alias and moved to `schedule` before persistence; responses use `schedule` only.	remove after a web release that sends `schedule` is deployed to every environment	apps/api/src/modules/releases/release-contract.spec.ts	PROVEN:1
NECESSARY_BOUNDARY	DEPRECATED_API_ALIAS	api:releases	(value/shape mapped by the reader; see reason)	artistas	1	web builds released before the rename (deploy skew window)	web builds released before the embed change	Swagger declaration of the deprecated minimal `artistas` embed kept for pre-change web builds.	delete the deprecated `artistas` response key in the first API release after the web build whose readers use `release.artist` (marketing readers included; no non-test match for `\.artistas\b` in apps/web/src) has been the production web build for 14 consecutive days; verified by release-artist-ref.security.spec.ts asserting the key is absent from the response	apps/api/src/modules/releases/release-artist-ref.security.spec.ts	PROVEN:1
NECESSARY_BOUNDARY	DEPRECATED_API_ALIAS	api:reports	(value/shape mapped by the reader; see reason)	nome_ep_album,status_projeto,tipo_lancamento	3	web builds released before the rename (deploy skew window)	reports export/import query (columns, sort, filter) via canonicalizeExportParams / canonicalizeDeprecatedColumnId	Deprecated Portuguese report column ids are accepted on export query parameters and rewritten to the canonical projectType/projectTitle/projectStatus before use; the literals are the alias map keys and the tests proving the rewrite.	remove when no saved export URL, bookmarked query or client sends the pre-rename report column ids (tipo_lancamento, nome_ep_album, status_projeto) and a release cycle has passed	apps/api/src/modules/reports/form-contracts/report-column-ids.spec.ts	PROVEN:3
NECESSARY_BOUNDARY	DEPRECATED_API_ALIAS	api:reports	NC-015 `musicGenre`	agencia,agenciaBooking,appleMusicAlbunsUrl,banco,chavePix,conta,contatosEquipe,contatosVinculados (+45)	53	web builds released before the rename (deploy skew window)	reader artists: request-field = DTO property names (incl. deprecated aliases) of apps/api/src/modules/artists rendered by core/pipes/validation-messages	dictionary key `agencia` keeps the pt-BR label for the Portuguese-named request field (artists DTO, incl. deprecated aliases); field-labels.readers.spec.ts fails if no reader reaches it.	delete each key together with the deprecated alias/DTO field in modules/artists that it names (field-labels.readers.spec.ts fails on a key no reader reaches)	apps/api/src/modules/reports/i18n/field-labels.legacy-keys.spec.ts	PROVEN:53
NECESSARY_BOUNDARY	DEPRECATED_API_ALIAS	api:reports	(value/shape mapped by the reader; see reason)	videomaker	1	web builds released before the rename (deploy skew window)	reader audiovisual: request-field = DTO property names (incl. deprecated aliases) of apps/api/src/modules/audiovisual rendered by core/pipes/validation-messages	dictionary key `videomaker` keeps the pt-BR label for the Portuguese-named request field (audiovisual DTO, incl. deprecated aliases); field-labels.readers.spec.ts fails if no reader reaches it.	delete each key together with the deprecated alias/DTO field in modules/audiovisual that it names (field-labels.readers.spec.ts fails on a key no reader reaches)	apps/api/src/modules/reports/i18n/field-labels.legacy-keys.spec.ts	PROVEN:1
NECESSARY_BOUNDARY	DEPRECATED_API_ALIAS	api:reports	(value/shape mapped by the reader; see reason)	bairro,complemento,enderecoCompleto,foto,funcao,logradouro,perfil,prioridadeContato (+6)	14	web builds released before the rename (deploy skew window)	reader clients: request-field = DTO property names (incl. deprecated aliases) of apps/api/src/modules/clients rendered by core/pipes/validation-messages	dictionary key `bairro` keeps the pt-BR label for the Portuguese-named request field (clients DTO, incl. deprecated aliases); field-labels.readers.spec.ts fails if no reader reaches it.	delete each key together with the deprecated alias/DTO field in modules/clients that it names (field-labels.readers.spec.ts fails on a key no reader reaches)	apps/api/src/modules/reports/i18n/field-labels.legacy-keys.spec.ts	PROVEN:14
NECESSARY_BOUNDARY	DEPRECATED_API_ALIAS	api:reports	(value/shape mapped by the reader; see reason)	conteudo,dataFim,dataInicio,exclusivo,versoes	5	web builds released before the rename (deploy skew window)	reader contract-service-types: request-field = DTO property names (incl. deprecated aliases) of apps/api/src/modules/contract-service-types rendered by core/pipes/validation-messages	dictionary key `conteudo` keeps the pt-BR label for the Portuguese-named request field (contract-service-types DTO, incl. deprecated aliases); field-labels.readers.spec.ts fails if no reader reaches it.	delete each key together with the deprecated alias/DTO field in modules/contract-service-types that it names (field-labels.readers.spec.ts fails on a key no reader reaches)	apps/api/src/modules/reports/i18n/field-labels.legacy-keys.spec.ts	PROVEN:5
NECESSARY_BOUNDARY	DEPRECATED_API_ALIAS	api:reports	(value/shape mapped by the reader; see reason)	contatoLocal,publicoEsperado	2	web builds released before the rename (deploy skew window)	reader events: request-field = DTO property names (incl. deprecated aliases) of apps/api/src/modules/events rendered by core/pipes/validation-messages	dictionary key `contatoLocal` keeps the pt-BR label for the Portuguese-named request field (events DTO, incl. deprecated aliases); field-labels.readers.spec.ts fails if no reader reaches it.	delete each key together with the deprecated alias/DTO field in modules/events that it names (field-labels.readers.spec.ts fails on a key no reader reaches)	apps/api/src/modules/reports/i18n/field-labels.legacy-keys.spec.ts	PROVEN:2
NECESSARY_BOUNDARY	DEPRECATED_API_ALIAS	api:reports	(value/shape mapped by the reader; see reason)	arquivoUrl,cargo,dataAdmissao,dataDemissao,departamento,motivo,salario,telefone (+1)	9	web builds released before the rename (deploy skew window)	reader hr: request-field = DTO property names (incl. deprecated aliases) of apps/api/src/modules/hr rendered by core/pipes/validation-messages	dictionary key `arquivoUrl` keeps the pt-BR label for the Portuguese-named request field (hr DTO, incl. deprecated aliases); field-labels.readers.spec.ts fails if no reader reaches it.	delete each key together with the deprecated alias/DTO field in modules/hr that it names (field-labels.readers.spec.ts fails on a key no reader reaches)	apps/api/src/modules/reports/i18n/field-labels.legacy-keys.spec.ts	PROVEN:9
NECESSARY_BOUNDARY	DEPRECATED_API_ALIAS	api:reports	(value/shape mapped by the reader; see reason)	periodo	1	web builds released before the rename (deploy skew window)	reader integrations: request-field = DTO property names (incl. deprecated aliases) of apps/api/src/modules/integrations rendered by core/pipes/validation-messages	dictionary key `periodo` keeps the pt-BR label `Período` for the request field `periodo`, which is OUR OWN deprecated inbound query alias of `period` on GET /integrations/abramus/statements (ABRAMUS_STATEMENTS_DEPRECATED_QUERY in integrations.dto.ts); field-labels.readers.spec.ts fails if no reader reaches it. The only external-contract use of the name is the OUTBOUND query that abramus.service.ts sends to ABRAMUS (its own PRODUCT_TERM row); this dictionary does not label that.	delete the key together with the deprecated `periodo` alias (integrations.controller.ts / integrations.dto.ts) after one release window with no client sending it	apps/api/src/modules/reports/i18n/field-labels.legacy-keys.spec.ts	PROVEN:1
NECESSARY_BOUNDARY	DEPRECATED_API_ALIAS	api:reports	(value/shape mapped by the reader; see reason)	dataEntrada,responsavel	2	web builds released before the rename (deploy skew window)	reader inventory: request-field = DTO property names (incl. deprecated aliases) of apps/api/src/modules/inventory rendered by core/pipes/validation-messages	dictionary key `dataEntrada` keeps the pt-BR label for the Portuguese-named request field (inventory DTO, incl. deprecated aliases); field-labels.readers.spec.ts fails if no reader reaches it.	delete each key together with the deprecated alias/DTO field in modules/inventory that it names (field-labels.readers.spec.ts fails on a key no reader reaches)	apps/api/src/modules/reports/i18n/field-labels.legacy-keys.spec.ts	PROVEN:2
NECESSARY_BOUNDARY	DEPRECATED_API_ALIAS	api:reports	NC-024 n/a	codigoServico,condicaoPagamento,dataEmissao,formaPagamento,numero,quantidade,tomadorRazaoSocial,vencimento	8	web builds released before the rename (deploy skew window)	reader invoices: request-field = DTO property names (incl. deprecated aliases) of apps/api/src/modules/invoices rendered by core/pipes/validation-messages	dictionary key `codigoServico` keeps the pt-BR label for the Portuguese-named request field (invoices DTO, incl. deprecated aliases); field-labels.readers.spec.ts fails if no reader reaches it.	delete each key together with the deprecated alias/DTO field in modules/invoices that it names (field-labels.readers.spec.ts fails on a key no reader reaches)	apps/api/src/modules/reports/i18n/field-labels.legacy-keys.spec.ts	PROVEN:8
NECESSARY_BOUNDARY	DEPRECATED_API_ALIAS	api:reports	(value/shape mapped by the reader; see reason)	cidade,empresa,estado	3	web builds released before the rename (deploy skew window)	reader leads: request-field = DTO property names (incl. deprecated aliases) of apps/api/src/modules/leads rendered by core/pipes/validation-messages	dictionary key `cidade` keeps the pt-BR label for the Portuguese-named request field (leads DTO, incl. deprecated aliases); field-labels.readers.spec.ts fails if no reader reaches it.	delete each key together with the deprecated alias/DTO field in modules/leads that it names (field-labels.readers.spec.ts fails on a key no reader reaches)	apps/api/src/modules/reports/i18n/field-labels.legacy-keys.spec.ts	PROVEN:3
NECESSARY_BOUNDARY	DEPRECATED_API_ALIAS	api:reports	(value/shape mapped by the reader; see reason)	cliente,midiaDestino,moeda,obraMusical,territorio,tipoUso,valor	7	web builds released before the rename (deploy skew window)	reader licensing: request-field = DTO property names (incl. deprecated aliases) of apps/api/src/modules/licensing rendered by core/pipes/validation-messages	dictionary key `cliente` keeps the pt-BR label for the Portuguese-named request field (licensing DTO, incl. deprecated aliases); field-labels.readers.spec.ts fails if no reader reaches it.	delete each key together with the deprecated alias/DTO field in modules/licensing that it names (field-labels.readers.spec.ts fails on a key no reader reaches)	apps/api/src/modules/reports/i18n/field-labels.legacy-keys.spec.ts	PROVEN:7
NECESSARY_BOUNDARY	DEPRECATED_API_ALIAS	api:reports	NC-023 matching camelCase	agregadora,arquivoAudio,classificacao,codEntidade,criadaPorIa,dataLancamento,duracaoMin,duracaoSeg (+14)	22	web builds released before the rename (deploy skew window)	reader phonograms: request-field = DTO property names (incl. deprecated aliases) of apps/api/src/modules/phonograms rendered by core/pipes/validation-messages	dictionary key `agregadora` keeps the pt-BR label for the Portuguese-named request field (phonograms DTO, incl. deprecated aliases); field-labels.readers.spec.ts fails if no reader reaches it.	delete each key together with the deprecated alias/DTO field in modules/phonograms that it names (field-labels.readers.spec.ts fails on a key no reader reaches)	apps/api/src/modules/reports/i18n/field-labels.legacy-keys.spec.ts	PROVEN:22
NECESSARY_BOUNDARY	DEPRECATED_API_ALIAS	api:reports	NC-013 `description`	descricao,interpretes,orcamento,produtores	4	web builds released before the rename (deploy skew window)	reader projects: request-field = DTO property names (incl. deprecated aliases) of apps/api/src/modules/projects rendered by core/pipes/validation-messages	dictionary key `descricao` keeps the pt-BR label for the Portuguese-named request field (projects DTO, incl. deprecated aliases); field-labels.readers.spec.ts fails if no reader reaches it.	delete each key together with the deprecated alias/DTO field in modules/projects that it names (field-labels.readers.spec.ts fails on a key no reader reaches)	apps/api/src/modules/reports/i18n/field-labels.legacy-keys.spec.ts	PROVEN:4
NECESSARY_BOUNDARY	DEPRECATED_API_ALIAS	api:reports	(value/shape mapped by the reader; see reason)	idioma	1	web builds released before the rename (deploy skew window)	reader releases: request-field = DTO property names (incl. deprecated aliases) of apps/api/src/modules/releases rendered by core/pipes/validation-messages	dictionary key `idioma` keeps the pt-BR label for the Portuguese-named request field (releases DTO, incl. deprecated aliases); field-labels.readers.spec.ts fails if no reader reaches it.	delete each key together with the deprecated alias/DTO field in modules/releases that it names (field-labels.readers.spec.ts fails on a key no reader reaches)	apps/api/src/modules/reports/i18n/field-labels.legacy-keys.spec.ts	PROVEN:1
NECESSARY_BOUNDARY	DEPRECATED_API_ALIAS	api:reports	(value/shape mapped by the reader; see reason)	dataIdentificacao,evidencias,obraAfetada,plataforma,prioridade,urlInfracao	6	web builds released before the rename (deploy skew window)	reader takedowns: request-field = DTO property names (incl. deprecated aliases) of apps/api/src/modules/takedowns rendered by core/pipes/validation-messages	dictionary key `dataIdentificacao` keeps the pt-BR label for the Portuguese-named request field (takedowns DTO, incl. deprecated aliases); field-labels.readers.spec.ts fails if no reader reaches it.	delete each key together with the deprecated alias/DTO field in modules/takedowns that it names (field-labels.readers.spec.ts fails on a key no reader reaches)	apps/api/src/modules/reports/i18n/field-labels.legacy-keys.spec.ts	PROVEN:6
NECESSARY_BOUNDARY	DEPRECATED_API_ALIAS	api:reports	NC-018 `category`	categoria,observacao,projeto	3	web builds released before the rename (deploy skew window)	reader transactions: request-field = DTO property names (incl. deprecated aliases) of apps/api/src/modules/transactions rendered by core/pipes/validation-messages	dictionary key `categoria` keeps the pt-BR label for the Portuguese-named request field (transactions DTO, incl. deprecated aliases); field-labels.readers.spec.ts fails if no reader reaches it.	delete each key together with the deprecated alias/DTO field in modules/transactions that it names (field-labels.readers.spec.ts fails on a key no reader reaches)	apps/api/src/modules/reports/i18n/field-labels.legacy-keys.spec.ts	PROVEN:3
NECESSARY_BOUNDARY	DEPRECATED_API_ALIAS	api:reports	(value/shape mapped by the reader; see reason)	compositor,editora,iaHarmonia,iaLetra,iaMelodia,letraCompleta,letristas,outrosTitulos (+4)	12	web builds released before the rename (deploy skew window)	reader works: request-field = DTO property names (incl. deprecated aliases) of apps/api/src/modules/works rendered by core/pipes/validation-messages	dictionary key `compositor` keeps the pt-BR label for the Portuguese-named request field (works DTO, incl. deprecated aliases); field-labels.readers.spec.ts fails if no reader reaches it.	delete each key together with the deprecated alias/DTO field in modules/works that it names (field-labels.readers.spec.ts fails on a key no reader reaches)	apps/api/src/modules/reports/i18n/field-labels.legacy-keys.spec.ts	PROVEN:12
NECESSARY_BOUNDARY	DEPRECATED_API_ALIAS	api:shares	(value/shape mapped by the reader; see reason)	artista_externo	1	web builds released before the rename (deploy skew window)	web builds released before CZ-037	CZ-037: `artista_externo` is the pre-rename name a web build released before the rename may still send (web and api deploy independently); accepted only as a deprecated input alias and moved to `external_artist_name` before persistence; responses use `external_artist_name` only.	remove after a web release that sends `external_artist_name` is deployed to every environment	apps/api/src/modules/shares/share-contract.spec.ts	PROVEN:1
NECESSARY_BOUNDARY	DEPRECATED_API_ALIAS	api:shares	(value/shape mapped by the reader; see reason)	artista_project_id	1	web builds released before the rename (deploy skew window)	web builds released before CZ-037	CZ-037: `artista_project_id` is the pre-rename name a web build released before the rename may still send (web and api deploy independently); accepted only as a deprecated input alias and moved to `artist_id` before persistence; responses use `artist_id` only.	remove after a web release that sends `artist_id` is deployed to every environment	apps/api/src/modules/shares/share-contract.spec.ts	PROVEN:1
NECESSARY_BOUNDARY	DEPRECATED_API_ALIAS	api:shares	(value/shape mapped by the reader; see reason)	pagador	1	web builds released before the rename (deploy skew window)	web builds released before CZ-037	CZ-037: `pagador` is the pre-rename name a web build released before the rename may still send (web and api deploy independently); accepted only as a deprecated input alias and moved to `payer` before persistence; responses use `payer` only.	remove after a web release that sends `payer` is deployed to every environment	apps/api/src/modules/shares/share-contract.spec.ts	PROVEN:1
NECESSARY_BOUNDARY	DEPRECATED_API_ALIAS	api:shares	(value/shape mapped by the reader; see reason)	pagador_contato	1	web builds released before the rename (deploy skew window)	web builds released before CZ-037	CZ-037: `pagador_contato` is the pre-rename name a web build released before the rename may still send (web and api deploy independently); accepted only as a deprecated input alias and moved to `payer_contact` before persistence; responses use `payer_contact` only.	remove after a web release that sends `payer_contact` is deployed to every environment	apps/api/src/modules/shares/share-contract.spec.ts	PROVEN:1
NECESSARY_BOUNDARY	DEPRECATED_API_ALIAS	api:shares	(value/shape mapped by the reader; see reason)	origem_acordo	1	web builds released before the rename (deploy skew window)	web builds released before CZ-037	CZ-037: `origem_acordo` is the pre-rename name a web build released before the rename may still send (web and api deploy independently); accepted only as a deprecated input alias and moved to `agreement_source` before persistence; responses use `agreement_source` only.	remove after a web release that sends `agreement_source` is deployed to every environment	apps/api/src/modules/shares/share-contract.spec.ts	PROVEN:1
NECESSARY_BOUNDARY	DEPRECATED_API_ALIAS	api:shares	(value/shape mapped by the reader; see reason)	data_prevista	1	web builds released before the rename (deploy skew window)	web builds released before CZ-037	CZ-037: `data_prevista` is the pre-rename name a web build released before the rename may still send (web and api deploy independently); accepted only as a deprecated input alias and moved to `expected_at` before persistence; responses use `expected_at` only.	remove after a web release that sends `expected_at` is deployed to every environment	apps/api/src/modules/shares/share-contract.spec.ts	PROVEN:1
NECESSARY_BOUNDARY	DEPRECATED_API_ALIAS	api:shares	(value/shape mapped by the reader; see reason)	acordo_notas	1	web builds released before the rename (deploy skew window)	web builds released before CZ-037	CZ-037: `acordo_notas` is the pre-rename name a web build released before the rename may still send (web and api deploy independently); accepted only as a deprecated input alias and moved to `agreement_notes` before persistence; responses use `agreement_notes` only.	remove after a web release that sends `agreement_notes` is deployed to every environment	apps/api/src/modules/shares/share-contract.spec.ts	PROVEN:1
NECESSARY_BOUNDARY	DEPRECATED_API_ALIAS	api:shares	(value/shape mapped by the reader; see reason)	acordo_url	1	web builds released before the rename (deploy skew window)	web builds released before CZ-037	CZ-037: `acordo_url` is the pre-rename name a web build released before the rename may still send (web and api deploy independently); accepted only as a deprecated input alias and moved to `agreement_url` before persistence; responses use `agreement_url` only.	remove after a web release that sends `agreement_url` is deployed to every environment	apps/api/src/modules/shares/share-contract.spec.ts	PROVEN:1
NECESSARY_BOUNDARY	DEPRECATED_API_ALIAS	api:shares	(value/shape mapped by the reader; see reason)	versao	1	web builds released before the rename (deploy skew window)	web builds released before CZ-037	CZ-037: `versao` is the pre-rename name a web build released before the rename may still send (web and api deploy independently); accepted only as a deprecated input alias and moved to `version` before persistence; responses use `version` only.	remove after a web release that sends `version` is deployed to every environment	apps/api/src/modules/shares/share-contract.spec.ts	PROVEN:1
NECESSARY_BOUNDARY	DEPRECATED_API_ALIAS	api:shares	(value/shape mapped by the reader; see reason)	historico	1	web builds released before the rename (deploy skew window)	web builds released before CZ-037	CZ-037: `historico` is the pre-rename name a web build released before the rename may still send (web and api deploy independently); accepted only as a deprecated input alias and moved to `history` before persistence; responses use `history` only.	remove after a web release that sends `history` is deployed to every environment	apps/api/src/modules/shares/share-contract.spec.ts	PROVEN:1
NECESSARY_BOUNDARY	DEPRECATED_API_ALIAS	api:takedowns	(value/shape mapped by the reader; see reason)	obra_afetada	1	web builds released before the rename (deploy skew window)	web builds released before CZ-034	CZ-034: `obra_afetada` is the pre-rename name a web build released before the rename may still send (web and api deploy independently); accepted only as a deprecated input alias and moved to `affected_work` before persistence; responses use `affected_work` only.	remove after a web release that sends `affected_work` is deployed to every environment	apps/api/src/modules/takedowns/takedown-contract.spec.ts	PROVEN:1
NECESSARY_BOUNDARY	DEPRECATED_API_ALIAS	api:takedowns	(value/shape mapped by the reader; see reason)	artista	1	web builds released before the rename (deploy skew window)	web builds released before CZ-034	CZ-034: `artista` is the pre-rename name a web build released before the rename may still send (web and api deploy independently); accepted only as a deprecated input alias and moved to `artist_name` before persistence; responses use `artist_name` only.	remove after a web release that sends `artist_name` is deployed to every environment	apps/api/src/modules/takedowns/takedown-contract.spec.ts	PROVEN:1
NECESSARY_BOUNDARY	DEPRECATED_API_ALIAS	api:takedowns	(value/shape mapped by the reader; see reason)	plataforma	1	web builds released before the rename (deploy skew window)	web builds released before CZ-034	CZ-034: `plataforma` is the pre-rename name a web build released before the rename may still send (web and api deploy independently); accepted only as a deprecated input alias and moved to `platform` before persistence; responses use `platform` only.	remove after a web release that sends `platform` is deployed to every environment	apps/api/src/modules/takedowns/takedown-contract.spec.ts	PROVEN:1
NECESSARY_BOUNDARY	DEPRECATED_API_ALIAS	api:takedowns	(value/shape mapped by the reader; see reason)	url_infracao	1	web builds released before the rename (deploy skew window)	web builds released before CZ-034	CZ-034: `url_infracao` is the pre-rename name a web build released before the rename may still send (web and api deploy independently); accepted only as a deprecated input alias and moved to `infringing_url` before persistence; responses use `infringing_url` only.	remove after a web release that sends `infringing_url` is deployed to every environment	apps/api/src/modules/takedowns/takedown-contract.spec.ts	PROVEN:1
NECESSARY_BOUNDARY	DEPRECATED_API_ALIAS	api:takedowns	(value/shape mapped by the reader; see reason)	motivo	1	web builds released before the rename (deploy skew window)	web builds released before CZ-034	CZ-034: `motivo` is the pre-rename name a web build released before the rename may still send (web and api deploy independently); accepted only as a deprecated input alias and moved to `reason` before persistence; responses use `reason` only.	remove after a web release that sends `reason` is deployed to every environment	apps/api/src/modules/takedowns/takedown-contract.spec.ts	PROVEN:1
NECESSARY_BOUNDARY	DEPRECATED_API_ALIAS	api:takedowns	(value/shape mapped by the reader; see reason)	prioridade	1	web builds released before the rename (deploy skew window)	web builds released before CZ-034	CZ-034: `prioridade` is the pre-rename name a web build released before the rename may still send (web and api deploy independently); accepted only as a deprecated input alias and moved to `priority` before persistence; responses use `priority` only.	remove after a web release that sends `priority` is deployed to every environment	apps/api/src/modules/takedowns/takedown-contract.spec.ts	PROVEN:1
NECESSARY_BOUNDARY	DEPRECATED_API_ALIAS	api:takedowns	(value/shape mapped by the reader; see reason)	data_identificacao	1	web builds released before the rename (deploy skew window)	web builds released before CZ-034	CZ-034: `data_identificacao` is the pre-rename name a web build released before the rename may still send (web and api deploy independently); accepted only as a deprecated input alias and moved to `identified_at` before persistence; responses use `identified_at` only.	remove after a web release that sends `identified_at` is deployed to every environment	apps/api/src/modules/takedowns/takedown-contract.spec.ts	PROVEN:1
NECESSARY_BOUNDARY	DEPRECATED_API_ALIAS	api:takedowns	(value/shape mapped by the reader; see reason)	evidencias	1	web builds released before the rename (deploy skew window)	web builds released before CZ-034	CZ-034: `evidencias` is the pre-rename name a web build released before the rename may still send (web and api deploy independently); accepted only as a deprecated input alias and moved to `evidence` before persistence; responses use `evidence` only.	remove after a web release that sends `evidence` is deployed to every environment	apps/api/src/modules/takedowns/takedown-contract.spec.ts	PROVEN:1
NECESSARY_BOUNDARY	DEPRECATED_API_ALIAS	api:transactions	(value/shape mapped by the reader; see reason)	(whole file)	1	web builds released before the rename (deploy skew window)	web builds released before CZ-041	CZ-041: the only place that maps the pre-CZ-041 Portuguese transaction keys/values to the canonical contract before the zod schemas run.	remove after a web release that sends the canonical CZ-041 contract is deployed to every environment	apps/api/src/modules/transactions/transaction-contract.spec.ts	PROVEN:1
NECESSARY_BOUNDARY	DEPRECATED_API_ALIAS	api:works	(value/shape mapped by the reader; see reason)	(whole file)	2	web builds released before the rename (deploy skew window)	web builds released before CZ-039	CZ-039: the only place that maps the pre-CZ-039 Portuguese works field names, values and language labels sent by an older web build (or an old spreadsheet) to the canonical contract; nothing else reads them.	remove after a web release that sends the canonical CZ-039 contract is deployed to every environment	apps/api/src/modules/works/work-contract.spec.ts	PROVEN:2
NECESSARY_BOUNDARY	DEPRECATED_API_ALIAS	api:works	(value/shape mapped by the reader; see reason)	tipo_obra	1	web builds released before the rename (deploy skew window)	web builds released before CZ-039	CZ-039: `tipo_obra` is the pre-rename name a web build released before the rename may still send (web and api deploy independently); accepted only as a deprecated input alias, mapped to `work_origin` before persistence; responses use `work_origin` only.	remove after a web release that sends `work_origin` is deployed to every environment	apps/api/src/modules/works/work-contract.spec.ts	PROVEN:1
NECESSARY_BOUNDARY	DEPRECATED_API_ALIAS	api:works	(value/shape mapped by the reader; see reason)	compositor,editora,idioma,tipo_ia,ia_melodia,outros_titulos,referencias_conexas,letra_completa (+3)	11	web builds released before the rename (deploy skew window)	web builds released before the rename	CZ-039: deprecated request properties a pre-rename web build still sends; mapped to the canonical columns before persistence, never returned.	remove after a web release that sends only the canonical contract is deployed to every environment	apps/api/src/modules/works/dto/create-work.dto.legacy-compat.spec.ts	PROVEN:11
NECESSARY_BOUNDARY	DEPRECATED_API_ALIAS	api:works	(value/shape mapped by the reader; see reason)	compositores,cod_entidade,criada_por_ia,ia_harmonia,ia_letra	5	web builds released before the rename (deploy skew window)	web builds released before the rename	CZ-039: deprecated request properties a pre-rename web build still sends; mapped to the canonical columns before persistence, never returned.	remove after a web release that sends only the canonical contract is deployed to every environment	apps/api/src/modules/works/work-contract.spec.ts	PROVEN:5
NECESSARY_BOUNDARY	DEPRECATED_API_ALIAS	web:accounting	(value/shape mapped by the reader; see reason)	cartao_credito,cartao_debito,dinheiro,transferencia	4	web builds released before the rename (deploy skew window)	invoice payment method deprecated-alias map (web constants, invoices DTO/service, reports import canonicalizer), transaction/status legacy fixtures, migrations 20260930000010/20260930000011	Deprecated Portuguese payment method / transaction status / rule type values are accepted at boundaries and mapped to canonical English values, and the literals are the alias map keys and the tests or migration fixtures proving the mapping. transferencia has no ledger-approved canonical English value yet.	remove the deprecated aliases and the fixtures after migrations 20260930000010/11 ran in every environment and no client sends the pre-canonical values; decide the canonical value of transferencia first	apps/web/src/modules/accounting/constants/invoice-payment-methods.test.ts	PROVEN:4
NECESSARY_BOUNDARY	DEPRECATED_API_ALIAS	web:accounting	(value/shape mapped by the reader; see reason)	tipo_nota	2	web builds released before the rename (deploy skew window)	apps/web accounting invoice views	Deprecated alias/mirror of the canonical `fiscal_document_type`: the API accepts `tipo_nota` as deprecated input (canonical wins, never persisted as a key) and still emits it as a deprecated mirror in responses because web builds released before this change read it; the web reads it only as old-API compatibility.	remove the alias, the response mirror and the web old-API read one release after every web build sends fiscal_document_type and no consumer reads tipo_nota from responses	apps/web/src/modules/accounting/types/invoice-operation-type.test.ts	PROVEN:2
NECESSARY_BOUNDARY	EXTERNAL_PROVIDER_FIELD	web:shared	(value/shape mapped by the reader; see reason)	ViaCEPResponse,fetchAddressByCEP,bairro,cep,complemento,localidade,logradouro,uf	8	external provider (wire format outside this repository)	address and tax-id form fields (UI) and the ViaCEP third-party service	ViaCEP is an external postal-code provider: its response fields (logradouro, bairro, localidade, uf, complemento) are the provider's wire contract. addressFromPostalLookup is the single place that maps them to the canonical address fields.	none while ViaCEP is the postal-code lookup provider	apps/web/src/shared/lib/masks.postal-lookup.test.ts	PROVEN:8
NECESSARY_BOUNDARY	LEGACY_ALIAS_TEST_FIXTURE	api:ai	(value/shape mapped by the reader; see reason)	artista,empresa,legenda,roteiro,sugestao_conteudo	5	test fixture (simulates the legacy producer)	deployed builds that still send the legacy alias	Legacy-alias test fixture: exercises the deprecated Portuguese input/output alias until the alias is removed.	remove together with the legacy alias it exercises	apps/api/src/modules/ai/ai.service.spec.ts	PROVEN:5
NECESSARY_BOUNDARY	LEGACY_ALIAS_TEST_FIXTURE	api:ai	(value/shape mapped by the reader; see reason)	artista,colaborador,juridico,rh_manager	4	test fixture (simulates the legacy producer)	legacy payloads and persisted rows still carrying the Portuguese name	Test fixture for the ai module asserting the legacy Portuguese value `artista` is still accepted/mapped (read-compat, backfilled data); the literal is the input under test, not a technical name introduced by the product.	removed together with the legacy alias it exercises	apps/api/src/modules/ai/ai.controller.legacy-role.spec.ts	PROVEN:4
NECESSARY_BOUNDARY	LEGACY_ALIAS_TEST_FIXTURE	api:artist-goals	(value/shape mapped by the reader; see reason)	(whole file)	2	test fixture (simulates the legacy producer)	artist-goal-legacy.mapper.ts	CZ-022: fixtures proving the deprecated vocabulary maps to the canonical contract.	delete together with artist-goal-legacy.mapper.ts	apps/api/src/modules/artist-goals/artist-goal-legacy.mapper.spec.ts	PROVEN:2
NECESSARY_BOUNDARY	LEGACY_ALIAS_TEST_FIXTURE	api:artist-goals	NC-018 `category`; NC-013 `description`	categoria,periodo,anual,ativa,cancelada,cancelado,carreira,concluida (+23)	33	test fixture (simulates the legacy producer)	end users following pre-rename links	Test fixture asserting the legacy Portuguese value is still accepted/mapped (read-compat, backfilled data); the literal is the input under test, not a technical name introduced by the product.	removed together with the legacy alias it exercises	apps/api/src/modules/artist-goals/artist-goal-legacy.mapper.legacy-compat.spec.ts	PROVEN:33
NECESSARY_BOUNDARY	LEGACY_ALIAS_TEST_FIXTURE	api:artist-goals	(value/shape mapped by the reader; see reason)	periodo,forPeriodo,anual,mensal	6	test fixture (simulates the legacy producer)	legacy payloads and persisted rows still carrying the Portuguese name	Test fixture for the artist-goals module asserting the legacy Portuguese value `periodo` is still accepted/mapped (read-compat, backfilled data); the literal is the input under test, not a technical name introduced by the product.	removed together with the legacy alias it exercises	apps/api/src/modules/artist-goals/dto/create-artist-goal.dto.legacy.spec.ts	PROVEN:6
NECESSARY_BOUNDARY	LEGACY_ALIAS_TEST_FIXTURE	api:artist-goals	NC-018 `category`; NC-013 `description`	categoria,descricao,periodo,unidade,ativa,financeiro,mensal,receita	9	test fixture (simulates the legacy producer)	legacy payloads and persisted rows still carrying the Portuguese name	Test fixture for the artist-goals module asserting the legacy Portuguese value `categoria` is still accepted/mapped (read-compat, backfilled data); the literal is the input under test, not a technical name introduced by the product.	removed together with the legacy alias it exercises	apps/api/src/modules/artist-goals/artist-goals.legacy-wiring.spec.ts	PROVEN:9
NECESSARY_BOUNDARY	LEGACY_ALIAS_TEST_FIXTURE	api:artists	NC-016 `name`	distribuidoras,distribuidoras_gerais,nome,nomeCustom,outros	5	test fixture (simulates the legacy producer)	artist-legacy-fields.ts LEGACY_DISTRIBUTOR_IDS, web distributor-id.ts, migration 20260930000027 and tests proving the mapping	Legacy distributor id outros is mapped to other on input and read; jsonb rows are rewritten by the backfill; the literals are the map keys and the migration/tests fixtures.	remove once migration 20260930000027 ran everywhere and the residue preflight returns 0 rows; old selected_distributors map keys are gone	apps/api/src/modules/artists/artist-distributor-id.spec.ts	PROVEN:5
NECESSARY_BOUNDARY	LEGACY_ALIAS_TEST_FIXTURE	api:artists	(value/shape mapped by the reader; see reason)	(whole file)	2	test fixture (simulates the legacy producer)	artist-legacy-fields.ts and artists.service.ts legacy readers	The spec pins every deprecated Portuguese artist input key and value to its canonical mapping; the literals are the contract of the alias.	delete the spec literals together with ARTIST_DEPRECATED_FIELDS once a web release sending only the canonical contract is live everywhere	apps/api/src/modules/artists/artist-deprecated-fields.contract.spec.ts	PROVEN:2
NECESSARY_BOUNDARY	LEGACY_ALIAS_TEST_FIXTURE	api:artists	(value/shape mapped by the reader; see reason)	banco,chave_pix,conta,data_nascimento,endereco,titular_conta,chave-pix-secreta,plaintext-legado (+6)	20	test fixture (simulates the legacy producer)	end users following pre-rename links	Test fixture asserting the legacy Portuguese value is still accepted/mapped (read-compat, backfilled data); the literal is the input under test, not a technical name introduced by the product.	removed together with the legacy alias it exercises	apps/api/src/modules/artists/artist-pii-encryption.spec.ts	PROVEN:20
NECESSARY_BOUNDARY	LEGACY_ALIAS_TEST_FIXTURE	api:artists	(value/shape mapped by the reader; see reason)	vinculo,forVinculo	4	test fixture (simulates the legacy producer)	legacy payloads and persisted rows still carrying the Portuguese name	Test fixture for the artists module asserting the legacy Portuguese value `vinculo` is still accepted/mapped (read-compat, backfilled data); the literal is the input under test, not a technical name introduced by the product.	removed together with the legacy alias it exercises	apps/api/src/modules/artists/dto/query-artist.dto.legacy.spec.ts	PROVEN:4
NECESSARY_BOUNDARY	LEGACY_ALIAS_TEST_FIXTURE	api:artists	NC-015 `musicGenre`	apple_music_albuns_url,contatos_equipe,contatos_vinculados,contrato_id,deezer_fas,distribuidoras_emails,distribuidoras_empresa_emails,distribuidoras_empresa_selecionadas (+45)	74	test fixture (simulates the legacy producer)	legacy payloads and persisted rows still carrying the Portuguese name	Test fixture for the artists module asserting the legacy Portuguese value `apple_music_albuns_url` is still accepted/mapped (read-compat, backfilled data); the literal is the input under test, not a technical name introduced by the product.	removed together with the legacy alias it exercises	apps/api/src/modules/artists/dto/create-artist.dto.legacy.spec.ts	PROVEN:74
NECESSARY_BOUNDARY	LEGACY_ALIAS_TEST_FIXTURE	api:artists	NC-018 `category`; NC-016 `name`	assessoria,categoria,contador,contatos_equipe,editora_musical,financeiro,gestor,juridico (+1)	11	test fixture (simulates the legacy producer)	web builds that still send the deprecated team-contact payload (artist-legacy-fields.ts)	Compatibility test: sends the deprecated Portuguese team-contact keys and category values on purpose to prove they map to the canonical team_contacts/name/category contract.	remove together with the deprecated team-contact input mapping in artist-legacy-fields.ts	apps/api/src/modules/artists/artist-team-contact-category.spec.ts	PROVEN:11
NECESSARY_BOUNDARY	LEGACY_ALIAS_TEST_FIXTURE	api:artists	(value/shape mapped by the reader; see reason)	editora,empresario,gravadora	3	test fixture (simulates the legacy producer)	artist team contact canonicalizer	Compatibility test of the shared legacy team-contact category map.	removed together with the shared legacy map	apps/api/src/modules/artists/artist-team-contact-category.spec.ts	PROVEN:3
NECESSARY_BOUNDARY	LEGACY_ALIAS_TEST_FIXTURE	api:assets	(value/shape mapped by the reader; see reason)	guia,videoclipe	2	test fixture (simulates the legacy producer)	dual-read helpers and mappers (release metadata keys, asset type mapper, contract last-payment helper, plan feature keys, invoice payment method canonicalizer), migrations 20260930000019/21/23/24/25	Legacy Portuguese persisted keys and enum values are read through explicit mappers while every write uses canonical English; the literals are mapper keys, migration match lists and the tests/fixtures proving the mapping.	remove once the matching backfill migration ran in every environment, the residue preflight returns 0 and old clients/builds are gone	apps/api/src/modules/assets/asset-linking.service.spec.ts	PROVEN:2
NECESSARY_BOUNDARY	LEGACY_ALIAS_TEST_FIXTURE	api:assets	(value/shape mapped by the reader; see reason)	contrato,guia,videoclipe	3	test fixture (simulates the legacy producer)	legacy payloads and persisted rows still carrying the Portuguese name	Test fixture for the assets module asserting the legacy Portuguese value `contrato` is still accepted/mapped (read-compat, backfilled data); the literal is the input under test, not a technical name introduced by the product.	removed together with the legacy alias it exercises	apps/api/src/modules/assets/asset-linking.legacy-wiring.spec.ts	PROVEN:3
NECESSARY_BOUNDARY	LEGACY_ALIAS_TEST_FIXTURE	api:audiovisual	(value/shape mapped by the reader; see reason)	videomaker	1	test fixture (simulates the legacy producer)	legacy payloads and persisted rows still carrying the Portuguese name	Test fixture for the audiovisual module asserting the legacy Portuguese value `videomaker` is still accepted/mapped (read-compat, backfilled data); the literal is the input under test, not a technical name introduced by the product.	removed together with the legacy alias it exercises	apps/api/src/modules/audiovisual/projects/projects.legacy-wiring.spec.ts	PROVEN:1
NECESSARY_BOUNDARY	LEGACY_ALIAS_TEST_FIXTURE	api:auth	(value/shape mapped by the reader; see reason)	moduleRh	2	test fixture (simulates the legacy producer)	dual-read helpers and mappers (release metadata keys, asset type mapper, contract last-payment helper, plan feature keys, invoice payment method canonicalizer), migrations 20260930000019/21/23/24/25	Legacy Portuguese persisted keys and enum values are read through explicit mappers while every write uses canonical English; the literals are mapper keys, migration match lists and the tests/fixtures proving the mapping.	remove once the matching backfill migration ran in every environment, the residue preflight returns 0 and old clients/builds are gone	apps/api/src/modules/auth/auth-context.features.spec.ts	PROVEN:2
NECESSARY_BOUNDARY	LEGACY_ALIAS_TEST_FIXTURE	api:clients	(value/shape mapped by the reader; see reason)	(whole file)	1	test fixture (simulates the legacy producer)	client-profile-vocabulary.ts, auth/organization-industry.ts	Table-driven spec over the full LEGACY_* maps; the legacy literals are what the readers must keep resolving until the backfill census is 0.	delete together with the legacy maps once migration 20260930000012 residue census returns 0 everywhere	apps/api/src/modules/clients/legacy-vocabulary.readers.spec.ts	PROVEN:1
NECESSARY_BOUNDARY	LEGACY_ALIAS_TEST_FIXTURE	api:clients	(value/shape mapped by the reader; see reason)	gravadora,gravadoras,inpi,outro,outros	7	test fixture (simulates the legacy producer)	end users following pre-rename links	Test fixture asserting the legacy Portuguese value is still accepted/mapped (read-compat, backfilled data); the literal is the input under test, not a technical name introduced by the product.	removed together with the legacy alias it exercises	apps/api/src/modules/clients/legacy-vocabulary.direct-readers.spec.ts	PROVEN:7
NECESSARY_BOUNDARY	LEGACY_ALIAS_TEST_FIXTURE	api:clients	(value/shape mapped by the reader; see reason)	endereco,segmento	2	test fixture (simulates the legacy producer)	the compatibility test itself	Test input or assertion over a legacy Portuguese name that the compatibility reader still accepts; the name is the data under test, not a technical name the product introduces.	removed together with the legacy alias it exercises	apps/api/src/modules/clients/clients.service.spec.ts	PROVEN:2
NECESSARY_BOUNDARY	LEGACY_ALIAS_TEST_FIXTURE	api:clients	(value/shape mapped by the reader; see reason)	baixa	1	test fixture (simulates the legacy producer)	clients created by web builds that still send the Portuguese priority	Compatibility test: sends the deprecated Portuguese priority on purpose to prove it maps to the canonical English priority.	remove together with the deprecated priority alias in the clients vocabulary mapper	apps/api/src/modules/clients/client-priority-vocabulary.spec.ts	PROVEN:1
NECESSARY_BOUNDARY	LEGACY_ALIAS_TEST_FIXTURE	api:common	(value/shape mapped by the reader; see reason)	outros	1	test fixture (simulates the legacy producer)	contract-category-slugs.ts (API and web) legacy readers, contract list IN-match filters, transactions category reader, wizard draft readers, migration 20260930000017	Platform-owned category slugs are written in English; legacy Portuguese slugs, the external-rights phrase and legacy wizard draft keys stay as read aliases so existing rows, drafts and old clients resolve; tenant-created slugs are untouched.	remove once the category-slug and external-rights backfills ran everywhere, no stored wizard draft carries Portuguese keys (data census in contract-drafts-census.md) and old web builds are gone	apps/api/src/common/compat/external-rights-receipts.spec.ts	PROVEN:1
NECESSARY_BOUNDARY	LEGACY_ALIAS_TEST_FIXTURE	api:common	(value/shape mapped by the reader; see reason)	contrato,guia,videoclipe	6	test fixture (simulates the legacy producer)	dual-read helpers and mappers (release metadata keys, asset type mapper, contract last-payment helper, plan feature keys, invoice payment method canonicalizer), migrations 20260930000019/21/23/24/25	Legacy Portuguese persisted keys and enum values are read through explicit mappers while every write uses canonical English; the literals are mapper keys, migration match lists and the tests/fixtures proving the mapping.	remove once the matching backfill migration ran in every environment, the residue preflight returns 0 and old clients/builds are gone	apps/api/src/common/compat/asset-type.spec.ts	PROVEN:6
NECESSARY_BOUNDARY	LEGACY_ALIAS_TEST_FIXTURE	api:common	(value/shape mapped by the reader; see reason)	ultimo_pagamento_em,ultimo_pagamento_por,ultimo_pagamento_valor	3	test fixture (simulates the legacy producer)	dual-read helpers and mappers (release metadata keys, asset type mapper, contract last-payment helper, plan feature keys, invoice payment method canonicalizer), migrations 20260930000019/21/23/24/25	Legacy Portuguese persisted keys and enum values are read through explicit mappers while every write uses canonical English; the literals are mapper keys, migration match lists and the tests/fixtures proving the mapping.	remove once the matching backfill migration ran in every environment, the residue preflight returns 0 and old clients/builds are gone	apps/api/src/common/compat/contract-last-payment.spec.ts	PROVEN:3
NECESSARY_BOUNDARY	LEGACY_ALIAS_TEST_FIXTURE	api:common	(value/shape mapped by the reader; see reason)	moduleRh	1	test fixture (simulates the legacy producer)	dual-read helpers and mappers (release metadata keys, asset type mapper, contract last-payment helper, plan feature keys, invoice payment method canonicalizer), migrations 20260930000019/21/23/24/25	Legacy Portuguese persisted keys and enum values are read through explicit mappers while every write uses canonical English; the literals are mapper keys, migration match lists and the tests/fixtures proving the mapping.	remove once the matching backfill migration ran in every environment, the residue preflight returns 0 and old clients/builds are gone	apps/api/src/common/compat/plan-features.spec.ts	PROVEN:1
NECESSARY_BOUNDARY	LEGACY_ALIAS_TEST_FIXTURE	api:common	NC-016 `name`	artista,artistasAdicionais,artistasAdicionaisAlbum,compositores,copyrightDataGravacao,copyrightDataLancamento,faixas,generoSecundario (+8)	16	test fixture (simulates the legacy producer)	dual-read helpers and mappers (release metadata keys, asset type mapper, contract last-payment helper, plan feature keys, invoice payment method canonicalizer), migrations 20260930000019/21/23/24/25	Legacy Portuguese persisted keys and enum values are read through explicit mappers while every write uses canonical English; the literals are mapper keys, migration match lists and the tests/fixtures proving the mapping.	remove once the matching backfill migration ran in every environment, the residue preflight returns 0 and old clients/builds are gone	apps/api/src/common/compat/release-metadata.spec.ts	PROVEN:16
NECESSARY_BOUNDARY	LEGACY_ALIAS_TEST_FIXTURE	api:common	(value/shape mapped by the reader; see reason)	arquivo_url,documento_url	4	test fixture (simulates the legacy producer)	legacy-url-dtos.spec.ts proves deprecated aliases (arquivo_url, documento_url) are validated like their canonical fields; release-metadata-keys.migration.spec.ts fixtures use legacy key names	Tests must name the deprecated Portuguese aliases/keys to prove they are still validated and mapped.	remove with the deprecated DTO aliases and the release metadata legacy keys after the matching backfills ran and old clients are gone	apps/api/src/common/validators/legacy-url-dtos.spec.ts	PROVEN:4
NECESSARY_BOUNDARY	LEGACY_ALIAS_TEST_FIXTURE	api:common	(value/shape mapped by the reader; see reason)	rh,RH	2	test fixture (simulates the legacy producer)	end users following pre-rename links	Test fixture asserting the legacy Portuguese value is still accepted/mapped (read-compat, backfilled data); the literal is the input under test, not a technical name introduced by the product.	removed together with the legacy alias it exercises	apps/api/src/common/compat/auth-permissions.legacy-compat.spec.ts	PROVEN:2
NECESSARY_BOUNDARY	LEGACY_ALIAS_TEST_FIXTURE	api:common	(value/shape mapped by the reader; see reason)	artista,colaborador,comercial,juridico,produtor,rh_manager	6	test fixture (simulates the legacy producer)	end users following pre-rename links	Test fixture asserting the legacy Portuguese value is still accepted/mapped (read-compat, backfilled data); the literal is the input under test, not a technical name introduced by the product.	removed together with the legacy alias it exercises	apps/api/src/common/compat/types-enums.legacy-compat.spec.ts	PROVEN:6
NECESSARY_BOUNDARY	LEGACY_ALIAS_TEST_FIXTURE	api:common	(value/shape mapped by the reader; see reason)	competencia	2	test fixture (simulates the legacy producer)	legacy payloads and persisted rows still carrying the Portuguese name	Test fixture for the validators module asserting the legacy Portuguese value `competencia` is still accepted/mapped (read-compat, backfilled data); the literal is the input under test, not a technical name introduced by the product.	removed together with the legacy alias it exercises	apps/api/src/common/validators/legacy-url-dtos.spec.ts	PROVEN:2
NECESSARY_BOUNDARY	LEGACY_ALIAS_TEST_FIXTURE	api:common	(value/shape mapped by the reader; see reason)	moduleRh	1	test fixture (simulates the legacy producer)	legacy payloads and persisted rows still carrying the Portuguese name	Test fixture for the compat module asserting the legacy Portuguese value `moduleRh` is still accepted/mapped (read-compat, backfilled data); the literal is the input under test, not a technical name introduced by the product.	removed together with the legacy alias it exercises	apps/api/src/common/compat/plan-features.spec.ts	PROVEN:1
NECESSARY_BOUNDARY	LEGACY_ALIAS_TEST_FIXTURE	api:common	(value/shape mapped by the reader; see reason)	ultimo_pagamento_em,ultimo_pagamento_por,ultimo_pagamento_valor	3	test fixture (simulates the legacy producer)	legacy payloads and persisted rows still carrying the Portuguese name	Test fixture for the compat module asserting the legacy Portuguese value `ultimo_pagamento_em` is still accepted/mapped (read-compat, backfilled data); the literal is the input under test, not a technical name introduced by the product.	removed together with the legacy alias it exercises	apps/api/src/common/compat/contract-last-payment.spec.ts	PROVEN:3
NECESSARY_BOUNDARY	LEGACY_ALIAS_TEST_FIXTURE	api:common	(value/shape mapped by the reader; see reason)	ARTISTA,COLABORADOR,COMERCIAL,JURIDICO,PRODUTOR,RH_MANAGER	6	test fixture (simulates the legacy producer)	the legacy enum canonicalizers in apps/api/src/common/compat	Test fixture: legacy uppercase Portuguese role/enum spellings (`ARTISTA`, `COLABORADOR`, `COMERCIAL`, `JURIDICO`, `PRODUTOR`, `RH_MANAGER`); it simulates the pre-rename producer so the compatibility reader is proven to resolve it to the English canonical value. The Portuguese literal must appear for the assertion to detect a regression.	delete together with the legacy enum canonicalizers in apps/api/src/common/compat once no persisted row, stored document or released client can still carry the Portuguese value	apps/api/src/common/compat/types-enums.legacy-compat.spec.ts	PROVEN:6
NECESSARY_BOUNDARY	LEGACY_ALIAS_TEST_FIXTURE	api:contacts	NC-016 `name`; NC-012 `notes`	cep,cidade,endereco,estado,nome,observacoes,telefone	14	test fixture (simulates the legacy producer)	the compatibility test itself	Test input or assertion over a legacy Portuguese name that the compatibility reader still accepts; the name is the data under test, not a technical name the product introduces.	removed together with the legacy alias it exercises	apps/api/src/modules/contacts/contacts-tenant-isolation.spec.ts	PROVEN:14
NECESSARY_BOUNDARY	LEGACY_ALIAS_TEST_FIXTURE	api:contract-service-types	(value/shape mapped by the reader; see reason)	anual,artista,distribuicao,gravadora,misto,pessoa_fisica,pessoa_juridica	7	test fixture (simulates the legacy producer)	contract-service-types API (deprecated input mapping) and the contracts web form; rows persisted before migration 20260930000002	Deprecated Portuguese contract service type values are still accepted at the API boundary and mapped to the canonical English values (which are the only ones persisted and returned); the literals must appear in the map and in the tests proving the mapping.	remove the legacy value map after every environment ran migration 20260930000002 and the web release that sends canonical values is deployed everywhere	apps/api/src/modules/contract-service-types/dto/create-contract-service-type.dto.spec.ts	PROVEN:7
NECESSARY_BOUNDARY	LEGACY_ALIAS_TEST_FIXTURE	api:contract-service-types	(value/shape mapped by the reader; see reason)	anual,artista,mensal,misto,pessoa_fisica,pessoa_juridica,recorrente,trimestral (+2)	11	test fixture (simulates the legacy producer)	end users following pre-rename links	Test fixture asserting the legacy Portuguese value is still accepted/mapped (read-compat, backfilled data); the literal is the input under test, not a technical name introduced by the product.	removed together with the legacy alias it exercises	apps/api/src/modules/contract-service-types/contract-service-type.vocabulary.legacy-compat.spec.ts	PROVEN:11
NECESSARY_BOUNDARY	LEGACY_ALIAS_TEST_FIXTURE	api:contract-service-types	(value/shape mapped by the reader; see reason)	artista,conteudo,texto,valor_fixo	4	test fixture (simulates the legacy producer)	end users following pre-rename links	Test fixture asserting the legacy Portuguese value is still accepted/mapped (read-compat, backfilled data); the literal is the input under test, not a technical name introduced by the product.	removed together with the legacy alias it exercises	apps/api/src/modules/contract-service-types/dto/create-contract-service-type.dto.legacy-compat.spec.ts	PROVEN:4
NECESSARY_BOUNDARY	LEGACY_ALIAS_TEST_FIXTURE	api:contract-service-types	(value/shape mapped by the reader; see reason)	mensal,recorrente,trimestral,unico,valor_fixo	5	test fixture (simulates the legacy producer)	legacy payloads and persisted rows still carrying the Portuguese name	Test fixture for the contract-service-types module asserting the legacy Portuguese value `mensal` is still accepted/mapped (read-compat, backfilled data); the literal is the input under test, not a technical name introduced by the product.	removed together with the legacy alias it exercises	apps/api/src/modules/contract-service-types/dto/create-contract-service-type.dto.spec.ts	PROVEN:5
NECESSARY_BOUNDARY	LEGACY_ALIAS_TEST_FIXTURE	api:contract-service-types	(value/shape mapped by the reader; see reason)	conteudo	1	test fixture (simulates the legacy producer)	legacy payloads and persisted rows still carrying the Portuguese name	Test fixture for the contract-service-types module asserting the legacy Portuguese value `conteudo` is still accepted/mapped (read-compat, backfilled data); the literal is the input under test, not a technical name introduced by the product.	removed together with the legacy alias it exercises	apps/api/src/modules/contract-service-types/contract-service-types.legacy-wiring.spec.ts	PROVEN:1
NECESSARY_BOUNDARY	LEGACY_ALIAS_TEST_FIXTURE	api:contract-service-types	(value/shape mapped by the reader; see reason)	VALOR_FIXO	1	test fixture (simulates the legacy producer)	CreateContractServiceTypeDto legacy input canonicalization	Test fixture: deprecated Portuguese `financial_model` input value `VALOR_FIXO`; it simulates the pre-rename producer so the compatibility reader is proven to resolve it to the English canonical value. The Portuguese literal must appear for the assertion to detect a regression.	delete together with CreateContractServiceTypeDto legacy input canonicalization once no persisted row, stored document or released client can still carry the Portuguese value	apps/api/src/modules/contract-service-types/dto/create-contract-service-type.dto.spec.ts	PROVEN:1
NECESSARY_BOUNDARY	LEGACY_ALIAS_TEST_FIXTURE	api:contract-templates	(value/shape mapped by the reader; see reason)	semantico	1	test fixture (simulates the legacy producer)	contract-templates.service canonicalContractCategorySlug on create/update	The spec sends the legacy platform slug and asserts the service persists the canonical `semantic`: it is the proof of the write-canonical / read-legacy boundary of contract-category-slugs.ts.	remove with the `semantico` legacy alias once no contract_templates.service_type row or browser registry holds it	apps/api/src/modules/contract-templates/contract-templates.service.spec.ts	PROVEN:1
NECESSARY_BOUNDARY	LEGACY_ALIAS_TEST_FIXTURE	api:contract-templates	NC-022 `clientType`/`serviceType`	conteudo,corpo,tipo_servico,valor	5	test fixture (simulates the legacy producer)	end users following pre-rename links	Test fixture asserting the legacy Portuguese value is still accepted/mapped (read-compat, backfilled data); the literal is the input under test, not a technical name introduced by the product.	removed together with the legacy alias it exercises	apps/api/src/modules/contract-templates/dto/create-contract-template.dto.legacy-compat.spec.ts	PROVEN:5
NECESSARY_BOUNDARY	LEGACY_ALIAS_TEST_FIXTURE	api:contract-templates	NC-022 `clientType`/`serviceType`	conteudo,tipo_servico,distribuicao	3	test fixture (simulates the legacy producer)	legacy payloads and persisted rows still carrying the Portuguese name	Test fixture for the contract-templates module asserting the legacy Portuguese value `conteudo` is still accepted/mapped (read-compat, backfilled data); the literal is the input under test, not a technical name introduced by the product.	removed together with the legacy alias it exercises	apps/api/src/modules/contract-templates/contract-templates.legacy-wiring.spec.ts	PROVEN:3
NECESSARY_BOUNDARY	LEGACY_ALIAS_TEST_FIXTURE	api:contracts	(value/shape mapped by the reader; see reason)	exclusivo	1	test fixture (simulates the legacy producer)	web builds released before CZ-026	CZ-026: `exclusivo` is the pre-rename name a web build released before the rename may still send (web and api deploy independently); accepted only as a deprecated input alias and moved to `exclusive` before persistence; responses use `exclusive` only.	remove after a web release that sends `exclusive` is deployed to every environment	apps/api/src/modules/contracts/contracts.service.spec.ts	PROVEN:1
NECESSARY_BOUNDARY	LEGACY_ALIAS_TEST_FIXTURE	api:contracts	(value/shape mapped by the reader; see reason)	versoes	1	test fixture (simulates the legacy producer)	web builds released before CZ-026	CZ-026: `versoes` is the pre-rename name a web build released before the rename may still send (web and api deploy independently); accepted only as a deprecated input alias and moved to `versions` before persistence; responses use `versions` only.	remove after a web release that sends `versions` is deployed to every environment	apps/api/src/modules/contracts/contracts.service.spec.ts	PROVEN:1
NECESSARY_BOUNDARY	LEGACY_ALIAS_TEST_FIXTURE	api:contracts	(value/shape mapped by the reader; see reason)	versao	1	test fixture (simulates the legacy producer)	web builds released before CZ-026	CZ-026: `versao` is the pre-rename name a web build released before the rename may still send (web and api deploy independently); accepted only as a deprecated input alias and moved to `version` before persistence; responses use `version` only.	remove after a web release that sends `version` is deployed to every environment	apps/api/src/modules/contracts/contracts.service.spec.ts	PROVEN:1
NECESSARY_BOUNDARY	LEGACY_ALIAS_TEST_FIXTURE	api:contracts	(value/shape mapped by the reader; see reason)	criado_em	1	test fixture (simulates the legacy producer)	web builds released before CZ-026	CZ-026: `criado_em` is the pre-rename name a web build released before the rename may still send (web and api deploy independently); accepted only as a deprecated input alias and moved to `created_at` before persistence; responses use `created_at` only.	remove after a web release that sends `created_at` is deployed to every environment	apps/api/src/modules/contracts/contracts.service.spec.ts	PROVEN:1
NECESSARY_BOUNDARY	LEGACY_ALIAS_TEST_FIXTURE	api:contracts	(value/shape mapped by the reader; see reason)	notas	1	test fixture (simulates the legacy producer)	web builds released before CZ-026	CZ-026: `notas` is the pre-rename name a web build released before the rename may still send (web and api deploy independently); accepted only as a deprecated input alias and moved to `notes` before persistence; responses use `notes` only.	remove after a web release that sends `notes` is deployed to every environment	apps/api/src/modules/contracts/contracts.service.spec.ts	PROVEN:1
NECESSARY_BOUNDARY	LEGACY_ALIAS_TEST_FIXTURE	api:contracts	(value/shape mapped by the reader; see reason)	autor	1	test fixture (simulates the legacy producer)	web builds released before CZ-026	CZ-026: `autor` is the pre-rename name a web build released before the rename may still send (web and api deploy independently); accepted only as a deprecated input alias and moved to `author` before persistence; responses use `author` only.	remove after a web release that sends `author` is deployed to every environment	apps/api/src/modules/contracts/contracts.service.spec.ts	PROVEN:1
NECESSARY_BOUNDARY	LEGACY_ALIAS_TEST_FIXTURE	api:contracts	(value/shape mapped by the reader; see reason)	exclusivo	1	test fixture (simulates the legacy producer)	web builds released before CZ-026	CZ-026: `exclusivo` is the pre-rename name a web build released before the rename may still send (web and api deploy independently); accepted only as a deprecated input alias and moved to `exclusive` before persistence; responses use `exclusive` only.	remove after a web release that sends `exclusive` is deployed to every environment	apps/api/src/modules/contracts/contracts.controller.spec.ts	PROVEN:1
NECESSARY_BOUNDARY	LEGACY_ALIAS_TEST_FIXTURE	api:contracts	(value/shape mapped by the reader; see reason)	versoes	1	test fixture (simulates the legacy producer)	web builds released before CZ-026	CZ-026: `versoes` is the pre-rename name a web build released before the rename may still send (web and api deploy independently); accepted only as a deprecated input alias and moved to `versions` before persistence; responses use `versions` only.	remove after a web release that sends `versions` is deployed to every environment	apps/api/src/modules/contracts/contracts.controller.spec.ts	PROVEN:1
NECESSARY_BOUNDARY	LEGACY_ALIAS_TEST_FIXTURE	api:contracts	(value/shape mapped by the reader; see reason)	(whole file)	2	test fixture (simulates the legacy producer)	clients built before the contract renames (2026-09-05 C1, Cluster G, CZ-026)	The single place that knows every deprecated contract field name (titulo, tipo, data_inicio, data_fim, valor, arquivo_url, the version-entry keys versao/criado_em/notas/autor, and the English camelCase aliases) and resolves them to the canonical contract; every use is logged by ContractsService.logLegacyAliasUsage.	remove each alias once ContractsService.logLegacyAliasUsage reports no use of it for 30 consecutive days in every environment after the CZ-026 web release	apps/api/src/modules/contracts/contract-legacy-alias.util.spec.ts	PROVEN:2
NECESSARY_BOUNDARY	LEGACY_ALIAS_TEST_FIXTURE	api:contracts	(value/shape mapped by the reader; see reason)	(whole file)	2	test fixture (simulates the legacy producer)	historical rows written before the English renames	Contracts/releases responses keep the deprecated `artistas`/`clientes` keys with the same minimal projection ({id, stage_name}/{id, name, nome}) so a pre-change web build keeps rendering; canonical keys are `artist`/`client`.	delete the deprecated `artistas`/`clientes` response keys in the first API release after the web build whose readers use `contract.artist` / `contract.client` (already in the repo: no non-test match for `\.(artistas|clientes)\b` in apps/web/src) has been the production web build for 14 consecutive days; verified by contract-party-refs.security.spec.ts asserting the keys are absent from the response	apps/api/src/modules/contracts/contract-party-refs.security.spec.ts	PROVEN:2
NECESSARY_BOUNDARY	LEGACY_ALIAS_TEST_FIXTURE	api:contracts	(value/shape mapped by the reader; see reason)	gravacao,cessao_direitos,distribuicao,empresariamento_360	5	test fixture (simulates the legacy producer)	contract-category-slugs.ts (API and web) legacy readers, contract list IN-match filters, transactions category reader, wizard draft readers, migration 20260930000017	Platform-owned category slugs are written in English; legacy Portuguese slugs, the external-rights phrase and legacy wizard draft keys stay as read aliases so existing rows, drafts and old clients resolve; tenant-created slugs are untouched.	remove once the category-slug and external-rights backfills ran everywhere, no stored wizard draft carries Portuguese keys (data census in contract-drafts-census.md) and old web builds are gone	apps/api/src/modules/contracts/contracts.service.spec.ts	PROVEN:5
NECESSARY_BOUNDARY	LEGACY_ALIAS_TEST_FIXTURE	api:contracts	(value/shape mapped by the reader; see reason)	agenciamento,distribuicao,edicao,empresariamento_360,gestao,gravacao,licenciamento,outros	8	test fixture (simulates the legacy producer)	contract-category-slugs.ts (API and web) legacy readers, contract list IN-match filters, transactions category reader, wizard draft readers, migration 20260930000017	Platform-owned category slugs are written in English; legacy Portuguese slugs, the external-rights phrase and legacy wizard draft keys stay as read aliases so existing rows, drafts and old clients resolve; tenant-created slugs are untouched.	remove once the category-slug and external-rights backfills ran everywhere, no stored wizard draft carries Portuguese keys (data census in contract-drafts-census.md) and old web builds are gone	apps/api/src/modules/contracts/contract-category-slugs.spec.ts	PROVEN:8
NECESSARY_BOUNDARY	LEGACY_ALIAS_TEST_FIXTURE	api:contracts	(value/shape mapped by the reader; see reason)	parceria	1	test fixture (simulates the legacy producer)	the compat reader under test	Test literal proving the legacy Portuguese value is still READ and mapped to the canonical English one	removed together with the legacy reader it covers	apps/api/src/modules/contracts/contract-category-slugs.spec.ts	PROVEN:1
NECESSARY_BOUNDARY	LEGACY_ALIAS_TEST_FIXTURE	api:contracts	(value/shape mapped by the reader; see reason)	agenciamento	1	test fixture (simulates the legacy producer)	the compat reader under test	Test literal proving the legacy Portuguese value is still READ and mapped to the canonical English one	removed together with the legacy reader it covers	apps/api/src/modules/contracts/contracts.service.spec.ts	PROVEN:1
NECESSARY_BOUNDARY	LEGACY_ALIAS_TEST_FIXTURE	api:contracts	NC-009 `type`; NC-008 `title`; NC-010 `startDate`/`endDate` for the contracts/HR/goals family; `startsAt` for the events/campaigns/projects family	tipo,titulo,arquivo_url,data_fim,data_inicio,edicao,gravacao,valor	9	test fixture (simulates the legacy producer)	deployed builds that still send the legacy alias	Legacy-alias test fixture: exercises the deprecated Portuguese input/output alias until the alias is removed.	remove together with the legacy alias it exercises	apps/api/src/modules/contracts/contracts.controller.spec.ts	PROVEN:9
NECESSARY_BOUNDARY	LEGACY_ALIAS_TEST_FIXTURE	api:contracts	NC-016 `name`; NC-009 `type`; NC-008 `title`	arquivo_url,nome,tipo,titulo,valor,artista,edicao	9	test fixture (simulates the legacy producer)	deployed builds that still send the legacy alias	Legacy-alias test fixture: exercises the deprecated Portuguese input/output alias until the alias is removed.	remove together with the legacy alias it exercises	apps/api/src/modules/contracts/contracts.service.spec.ts	PROVEN:9
NECESSARY_BOUNDARY	LEGACY_ALIAS_TEST_FIXTURE	api:contracts	(value/shape mapped by the reader; see reason)	outro	1	test fixture (simulates the legacy producer)	contract-category-slugs.ts legacy reader	The spec proves the legacy singular spelling resolves to the canonical `other`; it is the covering test of the read alias, not a persisted write.	remove together with the `outro` read alias	apps/api/src/modules/contracts/contract-category-slugs.spec.ts	PROVEN:1
NECESSARY_BOUNDARY	LEGACY_ALIAS_TEST_FIXTURE	api:contracts	(value/shape mapped by the reader; see reason)	(whole file)	1	test fixture (simulates the legacy producer)	contract-category-slugs.ts legacy map	Legacy-to-canonical pairs pinning the contract category alias map; the literals are the contract of the alias.	delete the literals together with the legacy map once the contract category residue census returns 0	apps/api/src/modules/contracts/contract-category-slugs.spec.ts	PROVEN:1
NECESSARY_BOUNDARY	LEGACY_ALIAS_TEST_FIXTURE	api:contracts	NC-010 `startDate`/`endDate` for the contracts/HR/goals family; `startsAt` for the events/campaigns/projects family; NC-009 `type`; NC-008 `title`	arquivo_url,autor,criado_em,data_fim,data_inicio,notas,tipo,titulo (+2)	16	test fixture (simulates the legacy producer)	end users following pre-rename links	Test fixture asserting the legacy Portuguese value is still accepted/mapped (read-compat, backfilled data); the literal is the input under test, not a technical name introduced by the product.	removed together with the legacy alias it exercises	apps/api/src/modules/contracts/contract-legacy-alias.util.legacy-compat.spec.ts	PROVEN:16
NECESSARY_BOUNDARY	LEGACY_ALIAS_TEST_FIXTURE	api:contracts	NC-010 `startDate`/`endDate` for the contracts/HR/goals family; `startsAt` for the events/campaigns/projects family; NC-009 `type`; NC-008 `title`	data_inicio,data_fim,tipo,titulo,versao,arquivo_url,exclusivo,gravacao (+4)	15	test fixture (simulates the legacy producer)	end users following pre-rename links	Test fixture asserting the legacy Portuguese value is still accepted/mapped (read-compat, backfilled data); the literal is the input under test, not a technical name introduced by the product.	removed together with the legacy alias it exercises	apps/api/src/modules/contracts/dto/create-contract.dto.legacy-compat.spec.ts	PROVEN:15
NECESSARY_BOUNDARY	LEGACY_ALIAS_TEST_FIXTURE	api:contracts	(value/shape mapped by the reader; see reason)	artistas,clientes	2	test fixture (simulates the legacy producer)	the compatibility test itself	Test input or assertion over a legacy Portuguese name that the compatibility reader still accepts; the name is the data under test, not a technical name the product introduces.	removed together with the legacy alias it exercises	apps/api/src/modules/contracts/contract-party-refs.security.spec.ts	PROVEN:2
NECESSARY_BOUNDARY	LEGACY_ALIAS_TEST_FIXTURE	api:contracts	NC-009 `type`	tipo	1	test fixture (simulates the legacy producer)	the compatibility test itself	Test input or assertion over a legacy Portuguese name that the compatibility reader still accepts; the name is the data under test, not a technical name the product introduces.	removed together with the legacy alias it exercises	apps/api/src/modules/contracts/contracts.controller.spec.ts	PROVEN:1
NECESSARY_BOUNDARY	LEGACY_ALIAS_TEST_FIXTURE	api:contracts	NC-009 `type`; NC-008 `title`	tipo,titulo	3	test fixture (simulates the legacy producer)	the compatibility test itself	Test input or assertion over a legacy Portuguese name that the compatibility reader still accepts; the name is the data under test, not a technical name the product introduces.	removed together with the legacy alias it exercises	apps/api/src/modules/contracts/contracts.service.spec.ts	PROVEN:3
NECESSARY_BOUNDARY	LEGACY_ALIAS_TEST_FIXTURE	api:contracts	(value/shape mapped by the reader; see reason)	exclusivo,versoes	2	test fixture (simulates the legacy producer)	the compatibility test itself	Test input or assertion over a legacy Portuguese name that the compatibility reader still accepts; the name is the data under test, not a technical name the product introduces.	removed together with the legacy alias it exercises	apps/api/src/modules/contracts/contracts.canonical-first.spec.ts	PROVEN:2
NECESSARY_BOUNDARY	LEGACY_ALIAS_TEST_FIXTURE	api:contracts	NC-009 `type`	tipo	2	test fixture (simulates the legacy producer)	legacy payloads and persisted rows still carrying the Portuguese name	Test fixture for the contracts module asserting the legacy Portuguese value `tipo` is still accepted/mapped (read-compat, backfilled data); the literal is the input under test, not a technical name introduced by the product.	removed together with the legacy alias it exercises	apps/api/src/modules/contracts/dto/query-contract.dto.legacy.spec.ts	PROVEN:2
NECESSARY_BOUNDARY	LEGACY_ALIAS_TEST_FIXTURE	api:contracts	NC-010 `startDate`/`endDate` for the contracts/HR/goals family; `startsAt` for the events/campaigns/projects family; NC-009 `type`; NC-008 `title`	arquivo_url,data_fim,data_inicio,exclusivo,gravacao,tipo,titulo,valor (+1)	9	test fixture (simulates the legacy producer)	legacy payloads and persisted rows still carrying the Portuguese name	Test fixture for the contracts module asserting the legacy Portuguese value `arquivo_url` is still accepted/mapped (read-compat, backfilled data); the literal is the input under test, not a technical name introduced by the product.	removed together with the legacy alias it exercises	apps/api/src/modules/contracts/dto/create-contract.dto.legacy.spec.ts	PROVEN:9
NECESSARY_BOUNDARY	LEGACY_ALIAS_TEST_FIXTURE	api:contracts	(value/shape mapped by the reader; see reason)	exclusivo	1	test fixture (simulates the legacy producer)	contracts list filter (contractCategorySlugVariants) and the artist 360 contract filter	Contract rows may still be stored with the legacy spelling `exclusivo` (it is NOT rewritten by the backfill migration); the list filter expands the canonical slug to include it so such rows are found. Writes never produce it.	remove after a census shows no contract row stores the spelling and a backfill (approved) rewrites any remaining rows	apps/api/src/modules/contracts/contract-category-slugs.spec.ts	PROVEN:1
NECESSARY_BOUNDARY	LEGACY_ALIAS_TEST_FIXTURE	api:conversations	(value/shape mapped by the reader; see reason)	(whole file)	1	test fixture (simulates the legacy producer)	web builds released before CZ-045	CZ-045: compatibility test — sends the legacy Portuguese values on purpose.	remove after a web release that sends the canonical CZ-045 values is deployed to every environment	apps/api/src/modules/conversations/musicchat-vocabulary.spec.ts	PROVEN:1
NECESSARY_BOUNDARY	LEGACY_ALIAS_TEST_FIXTURE	api:core	(value/shape mapped by the reader; see reason)	//need-colaborador,//need-comercial,//need-juridico,needColaborador,needComercial,needJuridico,artista,colaborador (+7)	15	test fixture (simulates the legacy producer)	RBAC dual-read: ROLE_HIERARCHY legacy keys, users role writes, guard-chain and UserEditorModal tests; migration draft 20260930000030 (gated)	Equivalence and abuse-path tests must name the legacy Portuguese slugs still persisted in org_members.role to prove they authorize identically to the canonical English slugs.	remove after the RBAC S4b backfill and S5 retirement of legacy Portuguese role slugs is authorized and executed	apps/api/src/core/guards/guard-chain.canonical-role.integration.spec.ts	PROVEN:15
NECESSARY_BOUNDARY	LEGACY_ALIAS_TEST_FIXTURE	api:core	(value/shape mapped by the reader; see reason)	artista,colaborador,comercial,juridico,produtor,rh_manager	6	test fixture (simulates the legacy producer)	RBAC dual-read: ROLE_HIERARCHY legacy keys, users role writes, guard-chain and UserEditorModal tests; migration draft 20260930000030 (gated)	Equivalence and abuse-path tests must name the legacy Portuguese slugs still persisted in org_members.role to prove they authorize identically to the canonical English slugs.	remove after the RBAC S4b backfill and S5 retirement of legacy Portuguese role slugs is authorized and executed	apps/api/src/core/rbac/canonical-role-slug.spec.ts	PROVEN:6
NECESSARY_BOUNDARY	LEGACY_ALIAS_TEST_FIXTURE	api:core	(value/shape mapped by the reader; see reason)	rh	1	test fixture (simulates the legacy producer)	RbacService.getEffectivePermissions/can	Characterizes dual-read of persisted legacy rh:* permission rows exposed as hr:*	S5: legacy rh spelling removed after gated S4b rename of permissions rows	apps/api/src/core/rbac/hr-permission-alias.spec.ts	PROVEN:1
NECESSARY_BOUNDARY	LEGACY_ALIAS_TEST_FIXTURE	api:core	(value/shape mapped by the reader; see reason)	assessoria	1	test fixture (simulates the legacy producer)	end users following pre-rename links	Test fixture asserting the legacy Portuguese value is still accepted/mapped (read-compat, backfilled data); the literal is the input under test, not a technical name introduced by the product.	removed together with the legacy alias it exercises	apps/api/src/core/automation/copywriting.automation.legacy-compat.spec.ts	PROVEN:1
NECESSARY_BOUNDARY	LEGACY_ALIAS_TEST_FIXTURE	api:core	(value/shape mapped by the reader; see reason)	agencia,banco,chave_pix,conta,data_nascimento,endereco,titular_conta	14	test fixture (simulates the legacy producer)	end users following pre-rename links	Test fixture asserting the legacy Portuguese value is still accepted/mapped (read-compat, backfilled data); the literal is the input under test, not a technical name introduced by the product.	removed together with the legacy alias it exercises	apps/api/src/core/security/redact.spec.ts	PROVEN:14
NECESSARY_BOUNDARY	LEGACY_ALIAS_TEST_FIXTURE	api:core	(value/shape mapped by the reader; see reason)	RH_MANAGER,rh_manager	3	test fixture (simulates the legacy producer)	the compatibility test itself	Test input or assertion over a legacy Portuguese name that the compatibility reader still accepts; the name is the data under test, not a technical name the product introduces.	removed together with the legacy alias it exercises	apps/api/src/core/rbac/hr-permission-alias.spec.ts	PROVEN:3
NECESSARY_BOUNDARY	LEGACY_ALIAS_TEST_FIXTURE	api:core	(value/shape mapped by the reader; see reason)	DIVERGENTE	1	test fixture (simulates the legacy producer)	PermissionResolverService.LEGACY_DIVERGENCE_LABEL (rbac_dual_read telemetry)	Test fixture: asserts the legacy Portuguese telemetry label `DIVERGENTE` emitted as `divergence_legacy`; it simulates the pre-rename producer so the compatibility reader is proven to resolve it to the English canonical value. The Portuguese literal must appear for the assertion to detect a regression.	delete together with PermissionResolverService.LEGACY_DIVERGENCE_LABEL (rbac_dual_read telemetry) once no persisted row, stored document or released client can still carry the Portuguese value	apps/api/src/core/rbac/canonical-role-slug.spec.ts	PROVEN:1
NECESSARY_BOUNDARY	LEGACY_ALIAS_TEST_FIXTURE	api:core	(value/shape mapped by the reader; see reason)	Financeiro,lancamento	2	test fixture (simulates the legacy producer)	project-planning.automation.ts fallback departments	Behavioral test of DEFAULT_DEPARTMENTS: the Portuguese department names are persisted platform values (employees.department), asserted exactly with near-misses.	remove when departments get canonical English ids with dual-read and backfill	apps/api/src/core/automation/project-planning.default-departments.spec.ts	PROVEN:2
NECESSARY_BOUNDARY	LEGACY_ALIAS_TEST_FIXTURE	api:core	(value/shape mapped by the reader; see reason)	ARQUIVADA,DIVERGENTE,REMOVIDA,juridico	4	test fixture (simulates the legacy producer)	permission-resolver.service.ts rbac_dual_read telemetry	Behavioral test of the emitted divergence_legacy log value next to the canonical divergence value.	remove with LEGACY_DIVERGENCE_LABEL (dashboards/alerts migrated to the canonical field)	apps/api/src/core/rbac/permission-resolver.divergence-legacy-label.spec.ts	PROVEN:4
NECESSARY_BOUNDARY	LEGACY_ALIAS_TEST_FIXTURE	api:database	NC-023 matching camelCase	imposto,percentual	2	test fixture (simulates the legacy producer)	invoice payment method deprecated-alias map (web constants, invoices DTO/service, reports import canonicalizer), transaction/status legacy fixtures, migrations 20260930000010/20260930000011	Deprecated Portuguese payment method / transaction status / rule type values are accepted at boundaries and mapped to canonical English values, and the literals are the alias map keys and the tests or migration fixtures proving the mapping. transferencia has no ledger-approved canonical English value yet.	remove the deprecated aliases and the fixtures after migrations 20260930000010/11 ran in every environment and no client sends the pre-canonical values; decide the canonical value of transferencia first	apps/api/src/database/transaction-financial-rule-vocabulary-check.migration.spec.ts	PROVEN:2
NECESSARY_BOUNDARY	LEGACY_ALIAS_TEST_FIXTURE	api:database	(value/shape mapped by the reader; see reason)	gravadora_selo,outros,produtora	3	test fixture (simulates the legacy producer)	LEGACY_CLIENT_PROFILES / LEGACY_ORGANIZATION_INDUSTRIES / LEGACY_CONTACT_PROFILES readers and mappers in the API DTOs, the web catalog and migrations 20260930000012-14	Deprecated Portuguese values are still accepted at the API boundary and read by the web catalog so existing rows display; every write and response uses the canonical English ids; the literals are the legacy-map keys and the tests/migration fixtures proving the mapping.	remove when old web builds are gone, migrations 20260930000012-14 ran in every environment and the read-only residue preflight returns 0 rows	apps/api/src/database/client-profile-vocabulary.migration.spec.ts	PROVEN:3
NECESSARY_BOUNDARY	LEGACY_ALIAS_TEST_FIXTURE	api:database	(value/shape mapped by the reader; see reason)	gravadora	1	test fixture (simulates the legacy producer)	LEGACY_CLIENT_PROFILES / LEGACY_ORGANIZATION_INDUSTRIES / LEGACY_CONTACT_PROFILES readers and mappers in the API DTOs, the web catalog and migrations 20260930000012-14	Deprecated Portuguese values are still accepted at the API boundary and read by the web catalog so existing rows display; every write and response uses the canonical English ids; the literals are the legacy-map keys and the tests/migration fixtures proving the mapping.	remove when old web builds are gone, migrations 20260930000012-14 ran in every environment and the read-only residue preflight returns 0 rows	apps/api/src/database/organization-industry-vocabulary.migration.spec.ts	PROVEN:1
NECESSARY_BOUNDARY	LEGACY_ALIAS_TEST_FIXTURE	api:database	(value/shape mapped by the reader; see reason)	planejamento	1	test fixture (simulates the legacy producer)	LEGACY_CLIENT_PROFILES / LEGACY_ORGANIZATION_INDUSTRIES / LEGACY_CONTACT_PROFILES readers and mappers in the API DTOs, the web catalog and migrations 20260930000012-14	Deprecated Portuguese values are still accepted at the API boundary and read by the web catalog so existing rows display; every write and response uses the canonical English ids; the literals are the legacy-map keys and the tests/migration fixtures proving the mapping.	remove when old web builds are gone, migrations 20260930000012-14 ran in every environment and the read-only residue preflight returns 0 rows	apps/api/src/database/release-status-default.migration.spec.ts	PROVEN:1
NECESSARY_BOUNDARY	LEGACY_ALIAS_TEST_FIXTURE	api:database	(value/shape mapped by the reader; see reason)	artista,juridico	4	test fixture (simulates the legacy producer)	RBAC dual-read: ROLE_HIERARCHY legacy keys, users role writes, guard-chain and UserEditorModal tests; migration draft 20260930000030 (gated)	Equivalence and abuse-path tests must name the legacy Portuguese slugs still persisted in org_members.role to prove they authorize identically to the canonical English slugs.	remove after the RBAC S4b backfill and S5 retirement of legacy Portuguese role slugs is authorized and executed	apps/api/src/database/migration-drafts/canonicalize-role-slugs-in-place.draft.spec.ts	PROVEN:4
NECESSARY_BOUNDARY	LEGACY_ALIAS_TEST_FIXTURE	api:database	(value/shape mapped by the reader; see reason)	artista	1	test fixture (simulates the legacy producer)	RBAC dual-read: ROLE_HIERARCHY legacy keys, users role writes, guard-chain and UserEditorModal tests; migration draft 20260930000030 (gated)	Equivalence and abuse-path tests must name the legacy Portuguese slugs still persisted in org_members.role to prove they authorize identically to the canonical English slugs.	remove after the RBAC S4b backfill and S5 retirement of legacy Portuguese role slugs is authorized and executed	apps/api/src/database/seeds/04_rbac_seed.canonical-grants.spec.ts	PROVEN:1
NECESSARY_BOUNDARY	LEGACY_ALIAS_TEST_FIXTURE	api:database	(value/shape mapped by the reader; see reason)	artista_banda,em_contato,fechado,novo_lead,outro,perdido,proposta_enviada,qualificado	8	test fixture (simulates the legacy producer)	operational-list-vocabulary.ts legacy_slug resolution, web operational-vocabulary.ts and events/lib/event-type.ts legacy readers, migration 20260930000016	Platform default slugs became English; the legacy Portuguese slugs stay as map keys so old rows, stored event metadata and old clients still resolve; tenant-authored slugs are never translated.	remove once migration 20260930000016 ran everywhere, old API builds are gone and the legacy_slug census returns 0 unresolved rows (then drop legacy_slug in a separate destructive step)	apps/api/src/database/operational-list-provenance.migration.spec.ts	PROVEN:8
NECESSARY_BOUNDARY	LEGACY_ALIAS_TEST_FIXTURE	api:database	(value/shape mapped by the reader; see reason)	outros	1	test fixture (simulates the legacy producer)	transaction-category-slugs.ts (API and web mirror), list/export filters, reports import canonicalizer, web label registry, migration 20260930000018	Legacy Portuguese category/subcategory slugs are accepted on input and matched by filters (IN-expansion) while every write uses the canonical English id; the literals are the legacy-to-canonical map keys, the web label registry keys and the tests proving the mapping.	remove once migration 20260930000018 ran everywhere, free-text residue preflight is understood, old web builds are gone and no stored row carries the legacy slug	apps/api/src/database/transaction-taxonomy.migration.spec.ts	PROVEN:1
NECESSARY_BOUNDARY	LEGACY_ALIAS_TEST_FIXTURE	api:database	(value/shape mapped by the reader; see reason)	ultimo_pagamento_em,ultimo_pagamento_por,ultimo_pagamento_valor	3	test fixture (simulates the legacy producer)	dual-read helpers and mappers (release metadata keys, asset type mapper, contract last-payment helper, plan feature keys, invoice payment method canonicalizer), migrations 20260930000019/21/23/24/25	Legacy Portuguese persisted keys and enum values are read through explicit mappers while every write uses canonical English; the literals are mapper keys, migration match lists and the tests/fixtures proving the mapping.	remove once the matching backfill migration ran in every environment, the residue preflight returns 0 and old clients/builds are gone	apps/api/src/database/contract-last-payment.migration.spec.ts	PROVEN:3
NECESSARY_BOUNDARY	LEGACY_ALIAS_TEST_FIXTURE	api:database	(value/shape mapped by the reader; see reason)	moduleRh	2	test fixture (simulates the legacy producer)	dual-read helpers and mappers (release metadata keys, asset type mapper, contract last-payment helper, plan feature keys, invoice payment method canonicalizer), migrations 20260930000019/21/23/24/25	Legacy Portuguese persisted keys and enum values are read through explicit mappers while every write uses canonical English; the literals are mapper keys, migration match lists and the tests/fixtures proving the mapping.	remove once the matching backfill migration ran in every environment, the residue preflight returns 0 and old clients/builds are gone	apps/api/src/database/plan-features.migration.spec.ts	PROVEN:2
NECESSARY_BOUNDARY	LEGACY_ALIAS_TEST_FIXTURE	api:database	NC-016 `name`	artista,artistasAdicionaisAlbum,compositores,faixas,generoSecundario,instrumento,letra,nome (+4)	13	test fixture (simulates the legacy producer)	dual-read helpers and mappers (release metadata keys, asset type mapper, contract last-payment helper, plan feature keys, invoice payment method canonicalizer), migrations 20260930000019/21/23/24/25	Legacy Portuguese persisted keys and enum values are read through explicit mappers while every write uses canonical English; the literals are mapper keys, migration match lists and the tests/fixtures proving the mapping.	remove once the matching backfill migration ran in every environment, the residue preflight returns 0 and old clients/builds are gone	apps/api/src/database/release-metadata-keys.migration.spec.ts	PROVEN:13
NECESSARY_BOUNDARY	LEGACY_ALIAS_TEST_FIXTURE	api:database	(value/shape mapped by the reader; see reason)	contrato,guia,videoclipe	3	test fixture (simulates the legacy producer)	dual-read helpers and mappers (release metadata keys, asset type mapper, contract last-payment helper, plan feature keys, invoice payment method canonicalizer), migrations 20260930000019/21/23/24/25	Legacy Portuguese persisted keys and enum values are read through explicit mappers while every write uses canonical English; the literals are mapper keys, migration match lists and the tests/fixtures proving the mapping.	remove once the matching backfill migration ran in every environment, the residue preflight returns 0 and old clients/builds are gone	apps/api/src/database/assets-asset-type.migration.spec.ts	PROVEN:3
NECESSARY_BOUNDARY	LEGACY_ALIAS_TEST_FIXTURE	api:database	(value/shape mapped by the reader; see reason)	transferencia	1	test fixture (simulates the legacy producer)	dual-read helpers and mappers (release metadata keys, asset type mapper, contract last-payment helper, plan feature keys, invoice payment method canonicalizer), migrations 20260930000019/21/23/24/25	Legacy Portuguese persisted keys and enum values are read through explicit mappers while every write uses canonical English; the literals are mapper keys, migration match lists and the tests/fixtures proving the mapping.	remove once the matching backfill migration ran in every environment, the residue preflight returns 0 and old clients/builds are gone	apps/api/src/database/invoice-payment-method-bank-transfer.migration.spec.ts	PROVEN:1
NECESSARY_BOUNDARY	LEGACY_ALIAS_TEST_FIXTURE	api:database	(value/shape mapped by the reader; see reason)	transferencia	1	test fixture (simulates the legacy producer)	dual-read helpers and mappers (release metadata keys, asset type mapper, contract last-payment helper, plan feature keys, invoice payment method canonicalizer), migrations 20260930000019/21/23/24/25	Legacy Portuguese persisted keys and enum values are read through explicit mappers while every write uses canonical English; the literals are mapper keys, migration match lists and the tests/fixtures proving the mapping.	remove once the matching backfill migration ran in every environment, the residue preflight returns 0 and old clients/builds are gone	apps/api/src/database/invoice-payment-method-vocabulary.migration.spec.ts	PROVEN:1
NECESSARY_BOUNDARY	LEGACY_ALIAS_TEST_FIXTURE	api:database	(value/shape mapped by the reader; see reason)	faixas	1	test fixture (simulates the legacy producer)	legacy-url-dtos.spec.ts proves deprecated aliases (arquivo_url, documento_url) are validated like their canonical fields; release-metadata-keys.migration.spec.ts fixtures use legacy key names	Tests must name the deprecated Portuguese aliases/keys to prove they are still validated and mapped.	remove with the deprecated DTO aliases and the release metadata legacy keys after the matching backfills ran and old clients are gone	apps/api/src/database/release-metadata-keys.migration.spec.ts	PROVEN:1
NECESSARY_BOUNDARY	LEGACY_ALIAS_TEST_FIXTURE	api:database	(value/shape mapped by the reader; see reason)	analise_artista,artista,bastidores,campanha,capa,em_andamento,empresa,evento_externo (+5)	13	test fixture (simulates the legacy producer)	marketing-vocabulary mappers (API Transform and web wire/constants), marketing DTO deprecated aliases, migration 20260930000026 match lists and tests	Legacy Portuguese marketing slugs persisted in jsonb/varchar columns are mapped to the canonical English vocabulary on input and read; writes use canonical values; the literals are the alias map keys, the migration match lists and the tests proving the mapping.	remove once migration 20260930000026 ran everywhere, the metadata residue preflight returns 0 rows and old clients are gone	apps/api/src/database/marketing-vocabulary.migration.spec.ts	PROVEN:13
NECESSARY_BOUNDARY	LEGACY_ALIAS_TEST_FIXTURE	api:database	(value/shape mapped by the reader; see reason)	outros	1	test fixture (simulates the legacy producer)	artist-legacy-fields.ts LEGACY_DISTRIBUTOR_IDS, web distributor-id.ts, migration 20260930000027 and tests proving the mapping	Legacy distributor id outros is mapped to other on input and read; jsonb rows are rewritten by the backfill; the literals are the map keys and the migration/tests fixtures.	remove once migration 20260930000027 ran everywhere and the residue preflight returns 0 rows; old selected_distributors map keys are gone	apps/api/src/database/artist-distributor-id.migration.spec.ts	PROVEN:1
NECESSARY_BOUNDARY	LEGACY_ALIAS_TEST_FIXTURE	api:database	(value/shape mapped by the reader; see reason)	contratos	1	test fixture (simulates the legacy producer)	migration 20260930000035	Fixture of the ad-hoc category the contract.signed handler wrote before migration 20260930000035 rewrote it to `contractual_revenue` (provenance-scoped).	remove together with migration 20260930000035 once the census of contract-signed transactions with category `contratos`/`contracts` is 0 everywhere	apps/api/src/database/contract-signed-transaction-category.migration.spec.ts	PROVEN:1
NECESSARY_BOUNDARY	LEGACY_ALIAS_TEST_FIXTURE	api:database	(value/shape mapped by the reader; see reason)	(whole file)	1	test fixture (simulates the legacy producer)	operational-list-vocabulary.ts legacy_slug resolution	The table pins every legacy Portuguese platform-default slug to its canonical English slug; it is the behavioral test of the alias, so the literals must stay.	delete the literals together with the legacy_slug map once migration 20260930000016 ran everywhere	apps/api/src/database/operational-list-provenance.migration.spec.ts	PROVEN:1
NECESSARY_BOUNDARY	LEGACY_ALIAS_TEST_FIXTURE	api:database	(value/shape mapped by the reader; see reason)	receitas-internas,repasse-contrato,servicos	3	test fixture (simulates the legacy producer)	transaction-category-slugs.ts (API and web mirror), list/export filters, reports import canonicalizer, web label registry, migration 20260930000018	Test fixture asserting the legacy Portuguese value is still accepted/mapped (read-compat, backfilled data); the literal is the input under test, not a technical name introduced by the product.	removed together with the legacy alias it exercises	apps/api/src/database/transaction-taxonomy.migration.spec.ts	PROVEN:3
NECESSARY_BOUNDARY	LEGACY_ALIAS_TEST_FIXTURE	api:database	(value/shape mapped by the reader; see reason)	receitas-internas,repasse-contrato	4	test fixture (simulates the legacy producer)	end users following pre-rename links	Test fixture asserting the legacy Portuguese value is still accepted/mapped (read-compat, backfilled data); the literal is the input under test, not a technical name introduced by the product.	removed together with the legacy alias it exercises	apps/api/src/database/transaction-internal-revenue.migration.spec.ts	PROVEN:4
NECESSARY_BOUNDARY	LEGACY_ALIAS_TEST_FIXTURE	api:database	(value/shape mapped by the reader; see reason)	artista,colaborador,comercial,juridico,produtor,rh_manager	6	test fixture (simulates the legacy producer)	end users following pre-rename links	Test fixture asserting the legacy Portuguese value is still accepted/mapped (read-compat, backfilled data); the literal is the input under test, not a technical name introduced by the product.	removed together with the legacy alias it exercises	apps/api/src/database/migration-drafts/20260930000030_CanonicalizeRoleSlugsInPlaceAndBackfillMembers.legacy-compat.spec.ts	PROVEN:6
NECESSARY_BOUNDARY	LEGACY_ALIAS_TEST_FIXTURE	api:database	(value/shape mapped by the reader; see reason)	aprovado,arquivado,cancelado,distribuida,em_analise,em_producao,nome_artistico,pessoa_fisica (+6)	14	test fixture (simulates the legacy producer)	end users following pre-rename links	Test fixture asserting the legacy Portuguese value is still accepted/mapped (read-compat, backfilled data); the literal is the input under test, not a technical name introduced by the product.	removed together with the legacy alias it exercises	apps/api/src/database/verify-cz042-cz043-migrations.legacy-compat.spec.ts	PROVEN:14
NECESSARY_BOUNDARY	LEGACY_ALIAS_TEST_FIXTURE	api:database	(value/shape mapped by the reader; see reason)	alta,arquivada,baixa,conteudo,critica,editora,em_atendimento,engano (+5)	13	test fixture (simulates the legacy producer)	end users following pre-rename links	Test fixture asserting the legacy Portuguese value is still accepted/mapped (read-compat, backfilled data); the literal is the input under test, not a technical name introduced by the product.	removed together with the legacy alias it exercises	apps/api/src/database/verify-cz045-musicchat-migration.legacy-compat.spec.ts	PROVEN:13
NECESSARY_BOUNDARY	LEGACY_ALIAS_TEST_FIXTURE	api:database	(value/shape mapped by the reader; see reason)	ajustes_solicitados,aprovado,pendente,reprovado	4	test fixture (simulates the legacy producer)	end users following pre-rename links	Test fixture asserting the legacy Portuguese value is still accepted/mapped (read-compat, backfilled data); the literal is the input under test, not a technical name introduced by the product.	removed together with the legacy alias it exercises	apps/api/src/database/verify-marketing-content-approval-roundtrip.legacy-compat.spec.ts	PROVEN:4
NECESSARY_BOUNDARY	LEGACY_ALIAS_TEST_FIXTURE	api:database	(value/shape mapped by the reader; see reason)	Banco,Chave-Pix,Data_Nascimento,Telefone,origem,razao_social,telefone,chave-secreta (+3)	11	test fixture (simulates the legacy producer)	end users following pre-rename links	Test fixture asserting the legacy Portuguese value is still accepted/mapped (read-compat, backfilled data); the literal is the input under test, not a technical name introduced by the product.	removed together with the legacy alias it exercises	apps/api/src/database/migration-drafts/encrypt-artists-clients-pii.draft.spec.ts	PROVEN:11
NECESSARY_BOUNDARY	LEGACY_ALIAS_TEST_FIXTURE	api:database	(value/shape mapped by the reader; see reason)	Banco,Telefone,banco,origem,razao_social,evento	6	test fixture (simulates the legacy producer)	end users following pre-rename links	Test fixture asserting the legacy Portuguese value is still accepted/mapped (read-compat, backfilled data); the literal is the input under test, not a technical name introduced by the product.	removed together with the legacy alias it exercises	apps/api/src/database/migration-drafts/scrub-artists-clients-plaintext.draft.spec.ts	PROVEN:6
NECESSARY_BOUNDARY	LEGACY_ALIAS_TEST_FIXTURE	api:database	(value/shape mapped by the reader; see reason)	juridico,artista	3	test fixture (simulates the legacy producer)	the compatibility test itself	Test input or assertion over a legacy Portuguese name that the compatibility reader still accepts; the name is the data under test, not a technical name the product introduces.	removed together with the legacy alias it exercises	apps/api/src/database/seeds/04_rbac_seed.canonical-grants.spec.ts	PROVEN:3
NECESSARY_BOUNDARY	LEGACY_ALIAS_TEST_FIXTURE	api:database	NC-024 n/a	codigo_servico,condicao_pagamento,data_emissao,forma_pagamento,itens,numero,quantidade,tomador_razao_social (+6)	14	test fixture (simulates the legacy producer)	the compatibility test itself	Test input or assertion over a legacy Portuguese name that the compatibility reader still accepts; the name is the data under test, not a technical name the product introduces.	removed together with the legacy alias it exercises	apps/api/src/database/invoice-payment-method-bank-transfer.migration.spec.ts	PROVEN:14
NECESSARY_BOUNDARY	LEGACY_ALIAS_TEST_FIXTURE	api:database	(value/shape mapped by the reader; see reason)	calculo,condicoes,comissao,desconto,faixa,fixo,outros,taxa	8	test fixture (simulates the legacy producer)	the compatibility test itself	Test input or assertion over a legacy Portuguese name that the compatibility reader still accepts; the name is the data under test, not a technical name the product introduces.	removed together with the legacy alias it exercises	apps/api/src/database/transaction-financial-rule-vocabulary-check.migration.spec.ts	PROVEN:8
NECESSARY_BOUNDARY	LEGACY_ALIAS_TEST_FIXTURE	api:database	(value/shape mapped by the reader; see reason)	comercial,juridico	2	test fixture (simulates the legacy producer)	migration AddEnglishRoleSlugAliases20260930000001 and the role slug alias resolver	Test fixture: legacy Portuguese role slugs `comercial` and `juridico` inserted into roles before the alias migration runs; it simulates the pre-rename producer so the compatibility reader is proven to resolve it to the English canonical value. The Portuguese literal must appear for the assertion to detect a regression.	delete together with migration AddEnglishRoleSlugAliases20260930000001 and the role slug alias resolver once no persisted row, stored document or released client can still carry the Portuguese value	apps/api/src/database/add-english-role-slug-aliases.pg-integration.spec.ts	PROVEN:2
NECESSARY_BOUNDARY	LEGACY_ALIAS_TEST_FIXTURE	api:database	(value/shape mapped by the reader; see reason)	ARTISTA,EMPRESA,PROJETO_MUSICAL	3	test fixture (simulates the legacy producer)	the marketing vocabulary backfill migration	Test fixture: legacy Portuguese `promotedEntityType` values (`PROJETO_MUSICAL`, `ARTISTA`, `EMPRESA`) in stored marketing builder payloads; it simulates the pre-rename producer so the compatibility reader is proven to resolve it to the English canonical value. The Portuguese literal must appear for the assertion to detect a regression.	delete together with the marketing vocabulary backfill migration once no persisted row, stored document or released client can still carry the Portuguese value	apps/api/src/database/marketing-vocabulary.migration.spec.ts	PROVEN:3
NECESSARY_BOUNDARY	LEGACY_ALIAS_TEST_FIXTURE	api:database	(value/shape mapped by the reader; see reason)	MEU,VIDEOMAKER	2	test fixture (simulates the legacy producer)	the operational-list AP3 migration	Test fixture: persisted operational-list slugs (`VIDEOMAKER`, tenant-authored `MEU`) under the legacy `contact_pf_classification` kind; it simulates the pre-rename producer so the compatibility reader is proven to resolve it to the English canonical value. The Portuguese literal must appear for the assertion to detect a regression.	delete together with the operational-list AP3 migration once no persisted row, stored document or released client can still carry the Portuguese value	apps/api/src/database/operational-list-ap3.migration.spec.ts	PROVEN:2
NECESSARY_BOUNDARY	LEGACY_ALIAS_TEST_FIXTURE	api:database	(value/shape mapped by the reader; see reason)	tipo_nota	1	test fixture (simulates the legacy producer)	apps/web invoice form and list filter, API clients of /invoices	Compatibility test: feeds the deprecated `tipo_nota` alias through the invoice body and query alias tables on purpose to prove it moves to fiscal_document_type and that canonical wins.	remove the alias, the response mirror and the web old-API read one release after every web build sends fiscal_document_type and no consumer reads tipo_nota from responses	apps/api/src/database/invoice-payment-method-bank-transfer.migration.spec.ts	PROVEN:1
NECESSARY_BOUNDARY	LEGACY_ALIAS_TEST_FIXTURE	api:events	(value/shape mapped by the reader; see reason)	endereco	1	test fixture (simulates the legacy producer)	web builds released before CZ-028	CZ-028: `endereco` is the pre-rename name a web build released before the rename may still send (web and api deploy independently); accepted only as a deprecated input alias and moved to `address` before persistence; responses use `address` only.	remove after a web release that sends `address` is deployed to every environment	apps/api/src/modules/events/events.service.spec.ts	PROVEN:1
NECESSARY_BOUNDARY	LEGACY_ALIAS_TEST_FIXTURE	api:events	(value/shape mapped by the reader; see reason)	contato_local	1	test fixture (simulates the legacy producer)	web builds released before CZ-028	CZ-028: `contato_local` is the pre-rename name a web build released before the rename may still send (web and api deploy independently); accepted only as a deprecated input alias and moved to `venue_contact` before persistence; responses use `venue_contact` only.	remove after a web release that sends `venue_contact` is deployed to every environment	apps/api/src/modules/events/events.service.spec.ts	PROVEN:1
NECESSARY_BOUNDARY	LEGACY_ALIAS_TEST_FIXTURE	api:events	(value/shape mapped by the reader; see reason)	publico_esperado	1	test fixture (simulates the legacy producer)	web builds released before CZ-028	CZ-028: `publico_esperado` is the pre-rename name a web build released before the rename may still send (web and api deploy independently); accepted only as a deprecated input alias and moved to `expected_attendance` before persistence; responses use `expected_attendance` only.	remove after a web release that sends `expected_attendance` is deployed to every environment	apps/api/src/modules/events/events.service.spec.ts	PROVEN:1
NECESSARY_BOUNDARY	LEGACY_ALIAS_TEST_FIXTURE	api:events	(value/shape mapped by the reader; see reason)	participantes	1	test fixture (simulates the legacy producer)	web builds released before CZ-028	CZ-028: `participantes` is the pre-rename name a web build released before the rename may still send (web and api deploy independently); accepted only as a deprecated input alias and moved to `participants` before persistence; responses use `participants` only.	remove after a web release that sends `participants` is deployed to every environment	apps/api/src/modules/events/events.service.spec.ts	PROVEN:1
NECESSARY_BOUNDARY	LEGACY_ALIAS_TEST_FIXTURE	api:finance-category-rules	(value/shape mapped by the reader; see reason)	(whole file)	1	test fixture (simulates the legacy producer)	web builds released before the rename	Category/subcategory slugs are the persisted taxonomy blocked on BLK-TRANSACTION-CATEGORY-TAXONOMY; the remaining keys are CZ-041 deprecated input aliases (compat tests).	remove after a web release that sends only the canonical contract is deployed to every environment	apps/api/src/modules/finance-category-rules/finance-category-matcher.util.spec.ts	PROVEN:1
NECESSARY_BOUNDARY	LEGACY_ALIAS_TEST_FIXTURE	api:finance-category-rules	(value/shape mapped by the reader; see reason)	despesa	1	test fixture (simulates the legacy producer)	end users following pre-rename links	Test fixture asserting the legacy Portuguese value is still accepted/mapped (read-compat, backfilled data); the literal is the input under test, not a technical name introduced by the product.	removed together with the legacy alias it exercises	apps/api/src/modules/finance-category-rules/dto/finance-category-rules.dto.spec.ts	PROVEN:1
NECESSARY_BOUNDARY	LEGACY_ALIAS_TEST_FIXTURE	api:finance-category-rules	(value/shape mapped by the reader; see reason)	DESPESA,RECEITA,TRANSFERENCIA	3	test fixture (simulates the legacy producer)	CreateFinanceCategoryRuleDto / QueryFinanceCategoryRuleDto request canonicalization	Test fixture: deprecated Portuguese `transaction_type` request values (`RECEITA`, `DESPESA`, `TRANSFERENCIA`); it simulates the pre-rename producer so the compatibility reader is proven to resolve it to the English canonical value. The Portuguese literal must appear for the assertion to detect a regression.	delete together with CreateFinanceCategoryRuleDto / QueryFinanceCategoryRuleDto request canonicalization once no persisted row, stored document or released client can still carry the Portuguese value	apps/api/src/modules/finance-category-rules/dto/finance-category-rules.dto.spec.ts	PROVEN:3
NECESSARY_BOUNDARY	LEGACY_ALIAS_TEST_FIXTURE	api:financial-rules	(value/shape mapped by the reader; see reason)	(whole file)	2	test fixture (simulates the legacy producer)	web builds released before the rename	The single place that maps a legacy Portuguese payload/value to the canonical contract (or its compatibility test).	remove after a web release that sends only the canonical contract is deployed to every environment	apps/api/src/modules/financial-rules/financial-rule-legacy.mapper.spec.ts	PROVEN:2
NECESSARY_BOUNDARY	LEGACY_ALIAS_TEST_FIXTURE	api:financial-rules	NC-023 matching camelCase	calculo,condicoes,percentual	7	test fixture (simulates the legacy producer)	legacy payloads and persisted rows still carrying the Portuguese name	Test fixture for the financial-rules module asserting the legacy Portuguese value `calculo` is still accepted/mapped (read-compat, backfilled data); the literal is the input under test, not a technical name introduced by the product.	removed together with the legacy alias it exercises	apps/api/src/modules/financial-rules/dto/financial-rules.dto.legacy.spec.ts	PROVEN:7
NECESSARY_BOUNDARY	LEGACY_ALIAS_TEST_FIXTURE	api:financial-rules	NC-023 matching camelCase	calculo,condicoes,imposto,percentual	6	test fixture (simulates the legacy producer)	legacy payloads and persisted rows still carrying the Portuguese name	Test fixture for the financial-rules module asserting the legacy Portuguese value `calculo` is still accepted/mapped (read-compat, backfilled data); the literal is the input under test, not a technical name introduced by the product.	removed together with the legacy alias it exercises	apps/api/src/modules/financial-rules/financial-rules.legacy-wiring.spec.ts	PROVEN:6
NECESSARY_BOUNDARY	LEGACY_ALIAS_TEST_FIXTURE	api:hr	(value/shape mapped by the reader; see reason)	(whole file)	2	test fixture (simulates the legacy producer)	web builds released before CZ-030	CZ-030: the only place that knows the pre-CZ-030 HR field names and PT-BR display labels used as contract/leave type values; maps them to the canonical English contract before persistence.	remove after a web release that sends the canonical HR contract is deployed to every environment	apps/api/src/modules/hr/hr-contract.spec.ts	PROVEN:2
NECESSARY_BOUNDARY	LEGACY_ALIAS_TEST_FIXTURE	api:hr	(value/shape mapped by the reader; see reason)	data_demissao,departamento,salario,cargo,data_admissao,telefone,tipo_contrato	10	test fixture (simulates the legacy producer)	end users following pre-rename links	Test fixture asserting the legacy Portuguese value is still accepted/mapped (read-compat, backfilled data); the literal is the input under test, not a technical name introduced by the product.	removed together with the legacy alias it exercises	apps/api/src/modules/hr/dto/create-employee.dto.legacy-compat.spec.ts	PROVEN:10
NECESSARY_BOUNDARY	LEGACY_ALIAS_TEST_FIXTURE	api:hr	(value/shape mapped by the reader; see reason)	motivo	2	test fixture (simulates the legacy producer)	end users following pre-rename links	Test fixture asserting the legacy Portuguese value is still accepted/mapped (read-compat, backfilled data); the literal is the input under test, not a technical name introduced by the product.	removed together with the legacy alias it exercises	apps/api/src/modules/hr/dto/create-leave-request.dto.legacy-compat.spec.ts	PROVEN:2
NECESSARY_BOUNDARY	LEGACY_ALIAS_TEST_FIXTURE	api:hr	(value/shape mapped by the reader; see reason)	competencia,pago_em	2	test fixture (simulates the legacy producer)	end users following pre-rename links	Test fixture asserting the legacy Portuguese value is still accepted/mapped (read-compat, backfilled data); the literal is the input under test, not a technical name introduced by the product.	removed together with the legacy alias it exercises	apps/api/src/modules/hr/dto/create-payroll-entry.dto.legacy-compat.spec.ts	PROVEN:2
NECESSARY_BOUNDARY	LEGACY_ALIAS_TEST_FIXTURE	api:hr	(value/shape mapped by the reader; see reason)	Producao,setor	2	test fixture (simulates the legacy producer)	end users following pre-rename links	Test fixture asserting the legacy Portuguese value is still accepted/mapped (read-compat, backfilled data); the literal is the input under test, not a technical name introduced by the product.	removed together with the legacy alias it exercises	apps/api/src/modules/hr/hr-legacy-department-query.spec.ts	PROVEN:2
NECESSARY_BOUNDARY	LEGACY_ALIAS_TEST_FIXTURE	api:hr	(value/shape mapped by the reader; see reason)	competencia	1	test fixture (simulates the legacy producer)	end users following pre-rename links	Test fixture asserting the legacy Portuguese value is still accepted/mapped (read-compat, backfilled data); the literal is the input under test, not a technical name introduced by the product.	removed together with the legacy alias it exercises	apps/api/src/modules/hr/hr.controller.legacy-compat.spec.ts	PROVEN:1
NECESSARY_BOUNDARY	LEGACY_ALIAS_TEST_FIXTURE	api:hr	(value/shape mapped by the reader; see reason)	autonomo	1	test fixture (simulates the legacy producer)	the compatibility test itself	Test input or assertion over a legacy Portuguese name that the compatibility reader still accepts; the name is the data under test, not a technical name the product introduces.	removed together with the legacy alias it exercises	apps/api/src/modules/hr/hr-contract.spec.ts	PROVEN:1
NECESSARY_BOUNDARY	LEGACY_ALIAS_TEST_FIXTURE	api:hr	NC-012 `notes`	arquivo_url,competencia,data_pagamento,descontos,funcionario_id,mes_referencia,nota,observacoes (+3)	13	test fixture (simulates the legacy producer)	legacy payloads and persisted rows still carrying the Portuguese name	Test fixture for the hr module asserting the legacy Portuguese value `arquivo_url` is still accepted/mapped (read-compat, backfilled data); the literal is the input under test, not a technical name introduced by the product.	removed together with the legacy alias it exercises	apps/api/src/modules/hr/dto/create-payroll-entry.dto.legacy.spec.ts	PROVEN:13
NECESSARY_BOUNDARY	LEGACY_ALIAS_TEST_FIXTURE	api:hr	(value/shape mapped by the reader; see reason)	cargo,data_admissao,data_demissao,departamento,salario,telefone,tipo_contrato	7	test fixture (simulates the legacy producer)	legacy payloads and persisted rows still carrying the Portuguese name	Test fixture for the hr module asserting the legacy Portuguese value `cargo` is still accepted/mapped (read-compat, backfilled data); the literal is the input under test, not a technical name introduced by the product.	removed together with the legacy alias it exercises	apps/api/src/modules/hr/dto/create-employee.dto.legacy.spec.ts	PROVEN:7
NECESSARY_BOUNDARY	LEGACY_ALIAS_TEST_FIXTURE	api:hr	(value/shape mapped by the reader; see reason)	cargo,autonomo	2	test fixture (simulates the legacy producer)	legacy payloads and persisted rows still carrying the Portuguese name	Test fixture for the hr module asserting the legacy Portuguese value `cargo` is still accepted/mapped (read-compat, backfilled data); the literal is the input under test, not a technical name introduced by the product.	removed together with the legacy alias it exercises	apps/api/src/modules/hr/hr.legacy-wiring.spec.ts	PROVEN:2
NECESSARY_BOUNDARY	LEGACY_ALIAS_TEST_FIXTURE	api:integrations	NC-008 `title`	titulo	1	test fixture (simulates the legacy producer)	web builds released before the Abramus canonical register-work contract	Abramus register-work canonical contract: `titulo` is the pre-rename name a web build released before the rename may still send (web and api deploy independently); accepted only as a deprecated input alias, mapped to `title` before persistence; responses use `title` only.	remove after a web release that sends `title` is deployed to every environment	apps/api/src/modules/integrations/integrations-dto-wiring.spec.ts	PROVEN:1
NECESSARY_BOUNDARY	LEGACY_ALIAS_TEST_FIXTURE	api:integrations	(value/shape mapped by the reader; see reason)	compositor	1	test fixture (simulates the legacy producer)	web builds released before the Abramus canonical register-work contract	Abramus register-work canonical contract: `compositor` is the pre-rename name a web build released before the rename may still send (web and api deploy independently); accepted only as a deprecated input alias, mapped to `composer` before persistence; responses use `composer` only.	remove after a web release that sends `composer` is deployed to every environment	apps/api/src/modules/integrations/integrations-dto-wiring.spec.ts	PROVEN:1
NECESSARY_BOUNDARY	LEGACY_ALIAS_TEST_FIXTURE	api:integrations	(value/shape mapped by the reader; see reason)	coautores	1	test fixture (simulates the legacy producer)	web builds released before the Abramus canonical register-work contract	Abramus register-work canonical contract: `coautores` is the pre-rename name a web build released before the rename may still send (web and api deploy independently); accepted only as a deprecated input alias, mapped to `co_composers` before persistence; responses use `co_composers` only.	remove after a web release that sends `co_composers` is deployed to every environment	apps/api/src/modules/integrations/integrations-dto-wiring.spec.ts	PROVEN:1
NECESSARY_BOUNDARY	LEGACY_ALIAS_TEST_FIXTURE	api:integrations	NC-015 `musicGenre`	genero	1	test fixture (simulates the legacy producer)	web builds released before the Abramus canonical register-work contract	Abramus register-work canonical contract: `genero` is the pre-rename name a web build released before the rename may still send (web and api deploy independently); accepted only as a deprecated input alias, mapped to `genre` before persistence; responses use `genre` only.	remove after a web release that sends `genre` is deployed to every environment	apps/api/src/modules/integrations/integrations-dto-wiring.spec.ts	PROVEN:1
NECESSARY_BOUNDARY	LEGACY_ALIAS_TEST_FIXTURE	api:integrations	NC-014 `durationText`	duracao	1	test fixture (simulates the legacy producer)	web builds released before the Abramus canonical register-work contract	Abramus register-work canonical contract: `duracao` is the pre-rename name a web build released before the rename may still send (web and api deploy independently); accepted only as a deprecated input alias, mapped to `duration` before persistence; responses use `duration` only.	remove after a web release that sends `duration` is deployed to every environment	apps/api/src/modules/integrations/integrations-dto-wiring.spec.ts	PROVEN:1
NECESSARY_BOUNDARY	LEGACY_ALIAS_TEST_FIXTURE	api:integrations	(value/shape mapped by the reader; see reason)	editora	1	test fixture (simulates the legacy producer)	web builds released before the Abramus canonical register-work contract	Abramus register-work canonical contract: `editora` is the pre-rename name a web build released before the rename may still send (web and api deploy independently); accepted only as a deprecated input alias, mapped to `publisher` before persistence; responses use `publisher` only.	remove after a web release that sends `publisher` is deployed to every environment	apps/api/src/modules/integrations/integrations-dto-wiring.spec.ts	PROVEN:1
NECESSARY_BOUNDARY	LEGACY_ALIAS_TEST_FIXTURE	api:integrations	NC-014 `durationText`; NC-015 `musicGenre`; NC-008 `title`	duracao,editora,coautores,compositor,genero,titulo	8	test fixture (simulates the legacy producer)	legacy payloads and persisted rows still carrying the Portuguese name	Test fixture for the integrations module asserting the legacy Portuguese value `duracao` is still accepted/mapped (read-compat, backfilled data); the literal is the input under test, not a technical name introduced by the product.	removed together with the legacy alias it exercises	apps/api/src/modules/integrations/dto/integrations.dto.legacy.spec.ts	PROVEN:8
NECESSARY_BOUNDARY	LEGACY_ALIAS_TEST_FIXTURE	api:integrations	(value/shape mapped by the reader; see reason)	periodo	1	test fixture (simulates the legacy producer)	clients of GET /integrations/abramus/statements that still send `periodo` (apps/web does not)	Fixture of the swagger contract assertion: GET /integrations/abramus/statements documents `period` as canonical and the query parameter `periodo` as deprecated (our own alias, folded by applyDeprecatedFieldAliases; the spec also sends `?periodo=` and `?period=&periodo=` to prove it is accepted and the canonical wins). It is not the external ABRAMUS name (that is the outbound query built in abramus.service.ts, which has its own row).	delete together with the controller alias (remove the alias after one release window in which no client sends `periodo`)	apps/api/src/modules/integrations/integrations-dto-wiring.spec.ts	PROVEN:1
NECESSARY_BOUNDARY	LEGACY_ALIAS_TEST_FIXTURE	api:inventory	(value/shape mapped by the reader; see reason)	(whole file)	2	test fixture (simulates the legacy producer)	web builds released before CZ-032	CZ-032: fixtures reproduce the payload a pre-CZ-032 web build sends, to prove it still validates and persists canonically.	remove after a web release that sends the canonical CZ-032 contract is deployed to every environment	apps/api/src/modules/inventory/inventory-contract.spec.ts	PROVEN:2
NECESSARY_BOUNDARY	LEGACY_ALIAS_TEST_FIXTURE	api:invoices	(value/shape mapped by the reader; see reason)	(whole file)	2	test fixture (simulates the legacy producer)	web builds released before CZ-036	CZ-036: fixtures reproduce the payload a pre-CZ-036 web build sends, to prove it still validates and persists canonically.	remove after a web release that sends the canonical CZ-036 contract is deployed to every environment	apps/api/src/modules/invoices/invoice-contract.spec.ts	PROVEN:2
NECESSARY_BOUNDARY	LEGACY_ALIAS_TEST_FIXTURE	api:invoices	(value/shape mapped by the reader; see reason)	venda_id	2	test fixture (simulates the legacy producer)	end users following pre-rename links	Test fixture asserting the legacy Portuguese value is still accepted/mapped (read-compat, backfilled data); the literal is the input under test, not a technical name introduced by the product.	removed together with the legacy alias it exercises	apps/api/src/modules/invoices/dto/invoices.dto.legacy-compat.spec.ts	PROVEN:2
NECESSARY_BOUNDARY	LEGACY_ALIAS_TEST_FIXTURE	api:invoices	(value/shape mapped by the reader; see reason)	tipo_nota	1	test fixture (simulates the legacy producer)	invoice-contract.spec.ts	Deprecated alias/mirror of the canonical `fiscal_document_type`: the API accepts `tipo_nota` as deprecated input (canonical wins, never persisted as a key) and still emits it as a deprecated mirror in responses because web builds released before this change read it; the web reads it only as old-API compatibility.	remove the alias, the response mirror and the web old-API read one release after every web build sends fiscal_document_type and no consumer reads tipo_nota from responses	apps/api/src/modules/invoices/invoice-contract.spec.ts	PROVEN:1
NECESSARY_BOUNDARY	LEGACY_ALIAS_TEST_FIXTURE	api:invoices	(value/shape mapped by the reader; see reason)	tipo_nota	1	test fixture (simulates the legacy producer)	apps/web invoice form and list filter, API clients of /invoices	Compatibility test: sends or reads the deprecated `tipo_nota` on purpose to prove the alias maps to the canonical fiscal_document_type and that canonical wins.	remove the alias, the response mirror and the web old-API read one release after every web build sends fiscal_document_type and no consumer reads tipo_nota from responses	apps/api/src/modules/invoices/fiscal-document-type.contract.spec.ts	PROVEN:1
NECESSARY_BOUNDARY	LEGACY_ALIAS_TEST_FIXTURE	api:leads	(value/shape mapped by the reader; see reason)	(whole file)	2	test fixture (simulates the legacy producer)	web builds released before CZ-033	CZ-033: fixtures reproduce the payload a pre-CZ-033 web build sends, to prove it still validates and persists canonically.	remove after a web release that sends the canonical CZ-033 contract is deployed to every environment	apps/api/src/modules/leads/lead-contract.spec.ts	PROVEN:2
NECESSARY_BOUNDARY	LEGACY_ALIAS_TEST_FIXTURE	api:leads	NC-016 `name`	nome,contatado,novo	3	test fixture (simulates the legacy producer)	deployed builds that still send the legacy alias	Legacy-alias test fixture: exercises the deprecated Portuguese input/output alias until the alias is removed.	remove together with the legacy alias it exercises	apps/api/src/modules/leads/leads.service.spec.ts	PROVEN:3
NECESSARY_BOUNDARY	LEGACY_ALIAS_TEST_FIXTURE	api:leads	(value/shape mapped by the reader; see reason)	responsavel,segmento	2	test fixture (simulates the legacy producer)	the compatibility test itself	Test input or assertion over a legacy Portuguese name that the compatibility reader still accepts; the name is the data under test, not a technical name the product introduces.	removed together with the legacy alias it exercises	apps/api/src/modules/leads/handlers/lead-events.handler.spec.ts	PROVEN:2
NECESSARY_BOUNDARY	LEGACY_ALIAS_TEST_FIXTURE	api:leads	NC-013 `description`	administracao_editorial,agencia,agenciamento_gestao,alta,aniversario,arrecadacao_autoral,artista_banda,atendimento_personalizado (+95)	103	test fixture (simulates the legacy producer)	legacy payloads and persisted rows still carrying the Portuguese name	Test fixture for the leads module asserting the legacy Portuguese value `administracao_editorial` is still accepted/mapped (read-compat, backfilled data); the literal is the input under test, not a technical name introduced by the product.	removed together with the legacy alias it exercises	apps/api/src/modules/leads/lead-vocabulary.legacy-compat.spec.ts	PROVEN:103
NECESSARY_BOUNDARY	LEGACY_ALIAS_TEST_FIXTURE	api:licensing	(value/shape mapped by the reader; see reason)	(whole file)	2	test fixture (simulates the legacy producer)	web builds released before CZ-035	CZ-035: fixtures reproduce the payload a pre-CZ-035 web build sends, to prove it still validates and persists canonically.	remove after a web release that sends the canonical CZ-035 contract is deployed to every environment	apps/api/src/modules/licensing/license-contract.spec.ts	PROVEN:2
NECESSARY_BOUNDARY	LEGACY_ALIAS_TEST_FIXTURE	api:licensing	(value/shape mapped by the reader; see reason)	midia_destino,moeda,obra_musical,valor,america_latina,ativa,brasil,expirada (+20)	32	test fixture (simulates the legacy producer)	end users following pre-rename links	Test fixture asserting the legacy Portuguese value is still accepted/mapped (read-compat, backfilled data); the literal is the input under test, not a technical name introduced by the product.	removed together with the legacy alias it exercises	apps/api/src/modules/licensing/license-vocabulary.legacy-compat.spec.ts	PROVEN:32
NECESSARY_BOUNDARY	LEGACY_ALIAS_TEST_FIXTURE	api:licensing	(value/shape mapped by the reader; see reason)	obra_musical,tipo_uso,artista,moeda	6	test fixture (simulates the legacy producer)	end users following pre-rename links	Test fixture asserting the legacy Portuguese value is still accepted/mapped (read-compat, backfilled data); the literal is the input under test, not a technical name introduced by the product.	removed together with the legacy alias it exercises	apps/api/src/modules/licensing/dto/licensing.dto.legacy-compat.spec.ts	PROVEN:6
NECESSARY_BOUNDARY	LEGACY_ALIAS_TEST_FIXTURE	api:marketing	(value/shape mapped by the reader; see reason)	analise_marca,aprovado,arte_divulgacao,artista,bastidor,campanha,cancelado,capa (+10)	18	test fixture (simulates the legacy producer)	marketing-vocabulary mappers (API Transform and web wire/constants), marketing DTO deprecated aliases, migration 20260930000026 match lists and tests	Legacy Portuguese marketing slugs persisted in jsonb/varchar columns are mapped to the canonical English vocabulary on input and read; writes use canonical values; the literals are the alias map keys, the migration match lists and the tests proving the mapping.	remove once migration 20260930000026 ran everywhere, the metadata residue preflight returns 0 rows and old clients are gone	apps/api/src/modules/marketing/marketing-vocabulary.mk2.spec.ts	PROVEN:18
NECESSARY_BOUNDARY	LEGACY_ALIAS_TEST_FIXTURE	api:marketing	(value/shape mapped by the reader; see reason)	(whole file)	1	test fixture (simulates the legacy producer)	marketing-vocabulary.ts, marketing DTO pipe	The spec pins legacy Portuguese marketing values to canonical English through the real DTOs and pipe.	delete together with the legacy readers once migration 20260930000026 residue census returns 0 everywhere	apps/api/src/modules/marketing/marketing-vocabulary.compat.spec.ts	PROVEN:1
NECESSARY_BOUNDARY	LEGACY_ALIAS_TEST_FIXTURE	api:marketing	(value/shape mapped by the reader; see reason)	artista,bastidores,campanha,lancamento_musical,portal_noticias,trafego_pago	6	test fixture (simulates the legacy producer)	legacy payloads and persisted rows still carrying the Portuguese name	Test fixture for the marketing module asserting the legacy Portuguese value `artista` is still accepted/mapped (read-compat, backfilled data); the literal is the input under test, not a technical name introduced by the product.	removed together with the legacy alias it exercises	apps/api/src/modules/marketing/marketing-campaign-builder.legacy-wiring.spec.ts	PROVEN:6
NECESSARY_BOUNDARY	LEGACY_ALIAS_TEST_FIXTURE	api:marketing	(value/shape mapped by the reader; see reason)	urgente	1	test fixture (simulates the legacy producer)	marketing projects created by web builds that still send the Portuguese priority	Compatibility test: sends the deprecated Portuguese priority on purpose to prove it maps to the canonical English priority.	remove together with the deprecated priority alias in marketing-vocabulary.ts	apps/api/src/modules/marketing/marketing-priority-vocabulary.spec.ts	PROVEN:1
NECESSARY_BOUNDARY	LEGACY_ALIAS_TEST_FIXTURE	api:marketing	(value/shape mapped by the reader; see reason)	ARTISTA,EMPRESA,PROJETO_MUSICAL	3	test fixture (simulates the legacy producer)	canonicalMarketingCampaignPayload and the marketing project DTOs	Test fixture: deprecated Portuguese `promotedEntityType` values (`PROJETO_MUSICAL`, `ARTISTA`, `EMPRESA`) sent by released clients or stored in rows; it simulates the pre-rename producer so the compatibility reader is proven to resolve it to the English canonical value. The Portuguese literal must appear for the assertion to detect a regression.	delete together with canonicalMarketingCampaignPayload and the marketing project DTOs once no persisted row, stored document or released client can still carry the Portuguese value	apps/api/src/modules/marketing/marketing-vocabulary.mk2.spec.ts	PROVEN:3
NECESSARY_BOUNDARY	LEGACY_ALIAS_TEST_FIXTURE	api:operational-lists	(value/shape mapped by the reader; see reason)	artista_banda	1	test fixture (simulates the legacy producer)	operational-lists service and web settings tests proving legacy slug resolution	Tests must name legacy Portuguese slugs to prove they still resolve to the canonical platform default.	remove with the operational list legacy slug map	apps/api/src/modules/operational-lists/operational-lists.service.spec.ts	PROVEN:1
NECESSARY_BOUNDARY	LEGACY_ALIAS_TEST_FIXTURE	api:operational-lists	(value/shape mapped by the reader; see reason)	VIDEOMAKER	1	test fixture (simulates the legacy producer)	OperationalListsService default-item handling	Test fixture: persisted default slug `VIDEOMAKER` on a legacy-kind row; it simulates the pre-rename producer so the compatibility reader is proven to resolve it to the English canonical value. The Portuguese literal must appear for the assertion to detect a regression.	delete together with OperationalListsService default-item handling once no persisted row, stored document or released client can still carry the Portuguese value	apps/api/src/modules/operational-lists/operational-lists.service.spec.ts	PROVEN:1
NECESSARY_BOUNDARY	LEGACY_ALIAS_TEST_FIXTURE	api:operational-lists	(value/shape mapped by the reader; see reason)	CINEGRAFISTA,VIDEOMAKER,contact_pf_classification,videomaker	4	test fixture (simulates the legacy producer)	operational-lists.defaults.ts bootstrap seed	Behavioral test of the platform default contact classification item seeded on first read (slug is a stored platform value; legacy kind name asserted absent).	remove when platform slugs get English ids with legacy_slug dual-read	apps/api/src/modules/operational-lists/operational-lists.default-contact-classification.spec.ts	PROVEN:4
NECESSARY_BOUNDARY	LEGACY_ALIAS_TEST_FIXTURE	api:phonograms	(value/shape mapped by the reader; see reason)	(whole file)	2	test fixture (simulates the legacy producer)	web builds released before the rename	The single place that maps a legacy Portuguese payload/value to the canonical contract (or its compatibility test).	remove after a web release that sends only the canonical contract is deployed to every environment	apps/api/src/modules/phonograms/phonogram-legacy-alias.util.spec.ts	PROVEN:2
NECESSARY_BOUNDARY	LEGACY_ALIAS_TEST_FIXTURE	api:phonograms	NC-008 `title`	titulo	2	test fixture (simulates the legacy producer)	deployed builds that still send the legacy alias	Legacy-alias test fixture: exercises the deprecated Portuguese input/output alias until the alias is removed.	remove together with the legacy alias it exercises	apps/api/src/modules/phonograms/phonograms.controller.spec.ts	PROVEN:2
NECESSARY_BOUNDARY	LEGACY_ALIAS_TEST_FIXTURE	api:phonograms	NC-008 `title`	titulo	2	test fixture (simulates the legacy producer)	deployed builds that still send the legacy alias	Legacy-alias test fixture: exercises the deprecated Portuguese input/output alias until the alias is removed.	remove together with the legacy alias it exercises	apps/api/src/modules/phonograms/phonograms.service.spec.ts	PROVEN:2
NECESSARY_BOUNDARY	LEGACY_ALIAS_TEST_FIXTURE	api:phonograms	NC-008 `title`	titulo	2	test fixture (simulates the legacy producer)	end users following pre-rename links	Test fixture asserting the legacy Portuguese value is still accepted/mapped (read-compat, backfilled data); the literal is the input under test, not a technical name introduced by the product.	removed together with the legacy alias it exercises	apps/api/src/modules/phonograms/phonogram-legacy-alias.util.legacy-compat.spec.ts	PROVEN:2
NECESSARY_BOUNDARY	LEGACY_ALIAS_TEST_FIXTURE	api:phonograms	(value/shape mapped by the reader; see reason)	tituloWarnings	1	test fixture (simulates the legacy producer)	legacy payloads and persisted rows still carrying the Portuguese name	Test fixture for the phonograms module asserting the legacy Portuguese value `tituloWarnings` is still accepted/mapped (read-compat, backfilled data); the literal is the input under test, not a technical name introduced by the product.	removed together with the legacy alias it exercises	apps/api/src/modules/phonograms/phonograms.service.spec.ts	PROVEN:1
NECESSARY_BOUNDARY	LEGACY_ALIAS_TEST_FIXTURE	api:phonograms	NC-016 `name`; NC-023 matching camelCase	interprete,musicoAcompanhante,nome,percentual,produtorFonografico,classificacao,criada_por_ia,data_lancamento (+12)	20	test fixture (simulates the legacy producer)	legacy payloads and persisted rows still carrying the Portuguese name	Test fixture for the phonograms module asserting the legacy Portuguese value `interprete` is still accepted/mapped (read-compat, backfilled data); the literal is the input under test, not a technical name introduced by the product.	removed together with the legacy alias it exercises	apps/api/src/modules/phonograms/phonograms.legacy-wiring.spec.ts	PROVEN:20
NECESSARY_BOUNDARY	LEGACY_ALIAS_TEST_FIXTURE	api:projects	(value/shape mapped by the reader; see reason)	orcamento	1	test fixture (simulates the legacy producer)	web builds released before CZ-023	CZ-023: `orcamento` is the pre-rename name a web build released before the rename may still send (web and api deploy independently); accepted only as a deprecated input alias and moved to `budget` before persistence; responses use `budget` only.	remove after a web release that sends `budget` is deployed to every environment	apps/api/src/modules/projects/dto/projects.dto.spec.ts	PROVEN:1
NECESSARY_BOUNDARY	LEGACY_ALIAS_TEST_FIXTURE	api:projects	(value/shape mapped by the reader; see reason)	orcamento	1	test fixture (simulates the legacy producer)	web builds released before CZ-023	CZ-023: `orcamento` is the pre-rename name a web build released before the rename may still send (web and api deploy independently); accepted only as a deprecated input alias and moved to `budget` before persistence; responses use `budget` only.	remove after a web release that sends `budget` is deployed to every environment	apps/api/src/modules/projects/projects-cross-tenant-fk.security.spec.ts	PROVEN:1
NECESSARY_BOUNDARY	LEGACY_ALIAS_TEST_FIXTURE	api:projects	(value/shape mapped by the reader; see reason)	musicas	1	test fixture (simulates the legacy producer)	web builds released before CZ-031	CZ-031: `musicas` is the pre-rename name a web build released before the rename may still send (web and api deploy independently); accepted only as a deprecated input alias and moved to `tracks` before persistence; responses use `tracks` only.	remove after a web release that sends `tracks` is deployed to every environment	apps/api/src/modules/projects/dto/projects.dto.spec.ts	PROVEN:1
NECESSARY_BOUNDARY	LEGACY_ALIAS_TEST_FIXTURE	api:projects	(value/shape mapped by the reader; see reason)	duracaoMin	1	test fixture (simulates the legacy producer)	web builds released before CZ-031	CZ-031: `duracaoMin` is the pre-rename name a web build released before the rename may still send (web and api deploy independently); accepted only as a deprecated input alias and moved to `durationMinutes` before persistence; responses use `durationMinutes` only.	remove after a web release that sends `durationMinutes` is deployed to every environment	apps/api/src/modules/projects/dto/projects.dto.spec.ts	PROVEN:1
NECESSARY_BOUNDARY	LEGACY_ALIAS_TEST_FIXTURE	api:projects	(value/shape mapped by the reader; see reason)	duracaoSeg	1	test fixture (simulates the legacy producer)	web builds released before CZ-031	CZ-031: `duracaoSeg` is the pre-rename name a web build released before the rename may still send (web and api deploy independently); accepted only as a deprecated input alias and moved to `durationSeconds` before persistence; responses use `durationSeconds` only.	remove after a web release that sends `durationSeconds` is deployed to every environment	apps/api/src/modules/projects/dto/projects.dto.spec.ts	PROVEN:1
NECESSARY_BOUNDARY	LEGACY_ALIAS_TEST_FIXTURE	api:projects	NC-015 `musicGenre`	genero	1	test fixture (simulates the legacy producer)	web builds released before CZ-031	CZ-031: `genero` is the pre-rename name a web build released before the rename may still send (web and api deploy independently); accepted only as a deprecated input alias and moved to `genre` before persistence; responses use `genre` only.	remove after a web release that sends `genre` is deployed to every environment	apps/api/src/modules/projects/dto/projects.dto.spec.ts	PROVEN:1
NECESSARY_BOUNDARY	LEGACY_ALIAS_TEST_FIXTURE	api:projects	(value/shape mapped by the reader; see reason)	idioma	1	test fixture (simulates the legacy producer)	web builds released before CZ-031	CZ-031: `idioma` is the pre-rename name a web build released before the rename may still send (web and api deploy independently); accepted only as a deprecated input alias and moved to `language` before persistence; responses use `language` only.	remove after a web release that sends `language` is deployed to every environment	apps/api/src/modules/projects/dto/projects.dto.spec.ts	PROVEN:1
NECESSARY_BOUNDARY	LEGACY_ALIAS_TEST_FIXTURE	api:projects	(value/shape mapped by the reader; see reason)	letra	1	test fixture (simulates the legacy producer)	web builds released before CZ-031	CZ-031: `letra` is the pre-rename name a web build released before the rename may still send (web and api deploy independently); accepted only as a deprecated input alias and moved to `lyrics` before persistence; responses use `lyrics` only.	remove after a web release that sends `lyrics` is deployed to every environment	apps/api/src/modules/projects/dto/projects.dto.spec.ts	PROVEN:1
NECESSARY_BOUNDARY	LEGACY_ALIAS_TEST_FIXTURE	api:projects	(value/shape mapped by the reader; see reason)	compositores	1	test fixture (simulates the legacy producer)	web builds released before CZ-031	CZ-031: `compositores` is the pre-rename name a web build released before the rename may still send (web and api deploy independently); accepted only as a deprecated input alias and moved to `composers` before persistence; responses use `composers` only.	remove after a web release that sends `composers` is deployed to every environment	apps/api/src/modules/projects/dto/projects.dto.spec.ts	PROVEN:1
NECESSARY_BOUNDARY	LEGACY_ALIAS_TEST_FIXTURE	api:projects	(value/shape mapped by the reader; see reason)	interpretes	1	test fixture (simulates the legacy producer)	web builds released before CZ-031	CZ-031: `interpretes` is the pre-rename name a web build released before the rename may still send (web and api deploy independently); accepted only as a deprecated input alias and moved to `performers` before persistence; responses use `performers` only.	remove after a web release that sends `performers` is deployed to every environment	apps/api/src/modules/projects/dto/projects.dto.spec.ts	PROVEN:1
NECESSARY_BOUNDARY	LEGACY_ALIAS_TEST_FIXTURE	api:projects	(value/shape mapped by the reader; see reason)	produtores	1	test fixture (simulates the legacy producer)	web builds released before CZ-031	CZ-031: `produtores` is the pre-rename name a web build released before the rename may still send (web and api deploy independently); accepted only as a deprecated input alias and moved to `producers` before persistence; responses use `producers` only.	remove after a web release that sends `producers` is deployed to every environment	apps/api/src/modules/projects/dto/projects.dto.spec.ts	PROVEN:1
NECESSARY_BOUNDARY	LEGACY_ALIAS_TEST_FIXTURE	api:projects	(value/shape mapped by the reader; see reason)	musicas	1	test fixture (simulates the legacy producer)	web builds released before CZ-031	CZ-031: `musicas` is the pre-rename name a web build released before the rename may still send (web and api deploy independently); accepted only as a deprecated input alias and moved to `tracks` before persistence; responses use `tracks` only.	remove after a web release that sends `tracks` is deployed to every environment	apps/api/src/modules/projects/projects.service.spec.ts	PROVEN:1
NECESSARY_BOUNDARY	LEGACY_ALIAS_TEST_FIXTURE	api:projects	(value/shape mapped by the reader; see reason)	duracaoMin	1	test fixture (simulates the legacy producer)	web builds released before CZ-031	CZ-031: `duracaoMin` is the pre-rename name a web build released before the rename may still send (web and api deploy independently); accepted only as a deprecated input alias and moved to `durationMinutes` before persistence; responses use `durationMinutes` only.	remove after a web release that sends `durationMinutes` is deployed to every environment	apps/api/src/modules/projects/projects.service.spec.ts	PROVEN:1
NECESSARY_BOUNDARY	LEGACY_ALIAS_TEST_FIXTURE	api:projects	(value/shape mapped by the reader; see reason)	duracaoSeg	1	test fixture (simulates the legacy producer)	web builds released before CZ-031	CZ-031: `duracaoSeg` is the pre-rename name a web build released before the rename may still send (web and api deploy independently); accepted only as a deprecated input alias and moved to `durationSeconds` before persistence; responses use `durationSeconds` only.	remove after a web release that sends `durationSeconds` is deployed to every environment	apps/api/src/modules/projects/projects.service.spec.ts	PROVEN:1
NECESSARY_BOUNDARY	LEGACY_ALIAS_TEST_FIXTURE	api:projects	NC-015 `musicGenre`	genero	1	test fixture (simulates the legacy producer)	web builds released before CZ-031	CZ-031: `genero` is the pre-rename name a web build released before the rename may still send (web and api deploy independently); accepted only as a deprecated input alias and moved to `genre` before persistence; responses use `genre` only.	remove after a web release that sends `genre` is deployed to every environment	apps/api/src/modules/projects/projects.service.spec.ts	PROVEN:1
NECESSARY_BOUNDARY	LEGACY_ALIAS_TEST_FIXTURE	api:projects	(value/shape mapped by the reader; see reason)	idioma	1	test fixture (simulates the legacy producer)	web builds released before CZ-031	CZ-031: `idioma` is the pre-rename name a web build released before the rename may still send (web and api deploy independently); accepted only as a deprecated input alias and moved to `language` before persistence; responses use `language` only.	remove after a web release that sends `language` is deployed to every environment	apps/api/src/modules/projects/projects.service.spec.ts	PROVEN:1
NECESSARY_BOUNDARY	LEGACY_ALIAS_TEST_FIXTURE	api:projects	(value/shape mapped by the reader; see reason)	letra	1	test fixture (simulates the legacy producer)	web builds released before CZ-031	CZ-031: `letra` is the pre-rename name a web build released before the rename may still send (web and api deploy independently); accepted only as a deprecated input alias and moved to `lyrics` before persistence; responses use `lyrics` only.	remove after a web release that sends `lyrics` is deployed to every environment	apps/api/src/modules/projects/projects.service.spec.ts	PROVEN:1
NECESSARY_BOUNDARY	LEGACY_ALIAS_TEST_FIXTURE	api:projects	(value/shape mapped by the reader; see reason)	compositores	1	test fixture (simulates the legacy producer)	web builds released before CZ-031	CZ-031: `compositores` is the pre-rename name a web build released before the rename may still send (web and api deploy independently); accepted only as a deprecated input alias and moved to `composers` before persistence; responses use `composers` only.	remove after a web release that sends `composers` is deployed to every environment	apps/api/src/modules/projects/projects.service.spec.ts	PROVEN:1
NECESSARY_BOUNDARY	LEGACY_ALIAS_TEST_FIXTURE	api:projects	(value/shape mapped by the reader; see reason)	interpretes	1	test fixture (simulates the legacy producer)	web builds released before CZ-031	CZ-031: `interpretes` is the pre-rename name a web build released before the rename may still send (web and api deploy independently); accepted only as a deprecated input alias and moved to `performers` before persistence; responses use `performers` only.	remove after a web release that sends `performers` is deployed to every environment	apps/api/src/modules/projects/projects.service.spec.ts	PROVEN:1
NECESSARY_BOUNDARY	LEGACY_ALIAS_TEST_FIXTURE	api:projects	(value/shape mapped by the reader; see reason)	produtores	1	test fixture (simulates the legacy producer)	web builds released before CZ-031	CZ-031: `produtores` is the pre-rename name a web build released before the rename may still send (web and api deploy independently); accepted only as a deprecated input alias and moved to `producers` before persistence; responses use `producers` only.	remove after a web release that sends `producers` is deployed to every environment	apps/api/src/modules/projects/projects.service.spec.ts	PROVEN:1
NECESSARY_BOUNDARY	LEGACY_ALIAS_TEST_FIXTURE	api:projects	(value/shape mapped by the reader; see reason)	nao	1	test fixture (simulates the legacy producer)	projects.service findById/update via project-track-vocabulary.ts	findById rehydrates a project track row written before migration 20260930000032 (`nao`, `portugues`) and the update proof sends the deprecated `sim`/`nao`/language slug; both assert the canonical English output.	remove with the project track legacy vocabulary after migration 20260930000032 ran everywhere and the residue census is 0	apps/api/src/modules/projects/projects.service.spec.ts	PROVEN:1
NECESSARY_BOUNDARY	LEGACY_ALIAS_TEST_FIXTURE	api:projects	(value/shape mapped by the reader; see reason)	chines-mandarim,ingles,instrumental-sem-letra,musicas,portugues	5	test fixture (simulates the legacy producer)	the compatibility test itself	Test input or assertion over a legacy Portuguese name that the compatibility reader still accepts; the name is the data under test, not a technical name the product introduces.	removed together with the legacy alias it exercises	apps/api/src/modules/projects/project-track-vocabulary.spec.ts	PROVEN:5
NECESSARY_BOUNDARY	LEGACY_ALIAS_TEST_FIXTURE	api:registry	(value/shape mapped by the reader; see reason)	editora	1	test fixture (simulates the legacy producer)	end users following pre-rename links	Test fixture asserting the legacy Portuguese value is still accepted/mapped (read-compat, backfilled data); the literal is the input under test, not a technical name introduced by the product.	removed together with the legacy alias it exercises	apps/api/src/modules/registry/payloads/society-payload-builder.service.legacy-compat.spec.ts	PROVEN:1
NECESSARY_BOUNDARY	LEGACY_ALIAS_TEST_FIXTURE	api:registry	(value/shape mapped by the reader; see reason)	cantor,editora,produtor	3	test fixture (simulates the legacy producer)	end users following pre-rename links	Test fixture asserting the legacy Portuguese value is still accepted/mapped (read-compat, backfilled data); the literal is the input under test, not a technical name introduced by the product.	removed together with the legacy alias it exercises	apps/api/src/modules/registry/validation/entity-validators.legacy-compat.spec.ts	PROVEN:3
NECESSARY_BOUNDARY	LEGACY_ALIAS_TEST_FIXTURE	api:releases	(value/shape mapped by the reader; see reason)	(whole file)	2	test fixture (simulates the legacy producer)	web builds released before CZ-038	CZ-038: fixtures reproduce the payload a pre-CZ-038 web build sends, to prove it still validates and persists canonically.	remove after a web release that sends the canonical CZ-038 contract is deployed to every environment	apps/api/src/modules/releases/release-contract.spec.ts	PROVEN:2
NECESSARY_BOUNDARY	LEGACY_ALIAS_TEST_FIXTURE	api:releases	(value/shape mapped by the reader; see reason)	(whole file)	1	test fixture (simulates the legacy producer)	historical rows written before the English renames	Contracts/releases responses keep the deprecated `artistas`/`clientes` keys with the same minimal projection ({id, stage_name}/{id, name, nome}) so a pre-change web build keeps rendering; canonical keys are `artist`/`client`.	delete the deprecated `artistas` response key in the first API release after the web build whose readers use `release.artist` (marketing readers included; no non-test match for `\.artistas\b` in apps/web/src) has been the production web build for 14 consecutive days; verified by release-artist-ref.security.spec.ts asserting the key is absent from the response	apps/api/src/modules/releases/release-artist-ref.security.spec.ts	PROVEN:1
NECESSARY_BOUNDARY	LEGACY_ALIAS_TEST_FIXTURE	api:releases	(value/shape mapped by the reader; see reason)	artistas	2	test fixture (simulates the legacy producer)	the compatibility test itself	Test input or assertion over a legacy Portuguese name that the compatibility reader still accepts; the name is the data under test, not a technical name the product introduces.	removed together with the legacy alias it exercises	apps/api/src/modules/releases/release-artist-ref.security.spec.ts	PROVEN:2
NECESSARY_BOUNDARY	LEGACY_ALIAS_TEST_FIXTURE	api:releases	(value/shape mapped by the reader; see reason)	clipe,compilacao,videoclipe	3	test fixture (simulates the legacy producer)	legacy payloads and persisted rows still carrying the Portuguese name	Test fixture for the releases module asserting the legacy Portuguese value `clipe` is still accepted/mapped (read-compat, backfilled data); the literal is the input under test, not a technical name introduced by the product.	removed together with the legacy alias it exercises	apps/api/src/modules/releases/releases.legacy-wiring.spec.ts	PROVEN:3
NECESSARY_BOUNDARY	LEGACY_ALIAS_TEST_FIXTURE	api:reports	(value/shape mapped by the reader; see reason)	(whole file)	1	test fixture (simulates the legacy producer)	web builds released before CZ-039	CZ-039/040: compatibility test — spreadsheets exported before the rename carry the old headers.	remove after a web release that sends the canonical CZ-039 contract is deployed to every environment	apps/api/src/modules/reports/import/import-mapper.service.spec.ts	PROVEN:1
NECESSARY_BOUNDARY	LEGACY_ALIAS_TEST_FIXTURE	api:reports	(value/shape mapped by the reader; see reason)	(whole file)	1	test fixture (simulates the legacy producer)	web builds / data written before the rename	field-labels.pt-br.spec.ts asserts the legacy label keys still resolve a PT-BR header, because exports and imports written before the field renames carry those keys.	remove with the legacy aliases / when the migrations are squashed	apps/api/src/modules/reports/i18n/field-labels.pt-br.spec.ts	PROVEN:1
NECESSARY_BOUNDARY	LEGACY_ALIAS_TEST_FIXTURE	api:reports	(value/shape mapped by the reader; see reason)	status_projeto,tipo_lancamento,nome_ep_album	5	test fixture (simulates the legacy producer)	reports export/import query (columns, sort, filter) via canonicalizeExportParams / canonicalizeDeprecatedColumnId	Deprecated Portuguese report column ids are accepted on export query parameters and rewritten to the canonical projectType/projectTitle/projectStatus before use; the literals are the alias map keys and the tests proving the rewrite.	remove when no saved export URL, bookmarked query or client sends the pre-rename report column ids (tipo_lancamento, nome_ep_album, status_projeto) and a release cycle has passed	apps/api/src/modules/reports/form-contracts/report-column-ids.spec.ts	PROVEN:5
NECESSARY_BOUNDARY	LEGACY_ALIAS_TEST_FIXTURE	api:reports	(value/shape mapped by the reader; see reason)	dinheiro	1	test fixture (simulates the legacy producer)	invoice payment method deprecated-alias map (web constants, invoices DTO/service, reports import canonicalizer), transaction/status legacy fixtures, migrations 20260930000010/20260930000011	Deprecated Portuguese payment method / transaction status / rule type values are accepted at boundaries and mapped to canonical English values, and the literals are the alias map keys and the tests or migration fixtures proving the mapping. transferencia has no ledger-approved canonical English value yet.	remove the deprecated aliases and the fixtures after migrations 20260930000010/11 ran in every environment and no client sends the pre-canonical values; decide the canonical value of transferencia first	apps/api/src/modules/reports/import/import-engine.service.spec.ts	PROVEN:1
NECESSARY_BOUNDARY	LEGACY_ALIAS_TEST_FIXTURE	api:reports	(value/shape mapped by the reader; see reason)	receitas-musicais	1	test fixture (simulates the legacy producer)	transaction-category-slugs.ts (API and web mirror), list/export filters, reports import canonicalizer, web label registry, migration 20260930000018	Legacy Portuguese category/subcategory slugs are accepted on input and matched by filters (IN-expansion) while every write uses the canonical English id; the literals are the legacy-to-canonical map keys, the web label registry keys and the tests proving the mapping.	remove once migration 20260930000018 ran everywhere, free-text residue preflight is understood, old web builds are gone and no stored row carries the legacy slug	apps/api/src/modules/reports/export/export-query-builder.service.spec.ts	PROVEN:1
NECESSARY_BOUNDARY	LEGACY_ALIAS_TEST_FIXTURE	api:reports	(value/shape mapped by the reader; see reason)	equipamentos,receitas-musicais	2	test fixture (simulates the legacy producer)	transaction-category-slugs.ts (API and web mirror), list/export filters, reports import canonicalizer, web label registry, migration 20260930000018	Legacy Portuguese category/subcategory slugs are accepted on input and matched by filters (IN-expansion) while every write uses the canonical English id; the literals are the legacy-to-canonical map keys, the web label registry keys and the tests proving the mapping.	remove once migration 20260930000018 ran everywhere, free-text residue preflight is understood, old web builds are gone and no stored row carries the legacy slug	apps/api/src/modules/reports/import/import-commit.service.spec.ts	PROVEN:2
NECESSARY_BOUNDARY	LEGACY_ALIAS_TEST_FIXTURE	api:reports	(value/shape mapped by the reader; see reason)	artista,compositores,idioma,isVersionAlternativa,letra,tipoVersao	6	test fixture (simulates the legacy producer)	dual-read helpers and mappers (release metadata keys, asset type mapper, contract last-payment helper, plan feature keys, invoice payment method canonicalizer), migrations 20260930000019/21/23/24/25	Legacy Portuguese persisted keys and enum values are read through explicit mappers while every write uses canonical English; the literals are mapper keys, migration match lists and the tests/fixtures proving the mapping.	remove once the matching backfill migration ran in every environment, the residue preflight returns 0 and old clients/builds are gone	apps/api/src/modules/reports/computed-fields/release-tracks.field.spec.ts	PROVEN:6
NECESSARY_BOUNDARY	LEGACY_ALIAS_TEST_FIXTURE	api:reports	NC-016 `name`	artista,artistasAdicionaisAlbum,compositores,copyrightDataGravacao,copyrightDataLancamento,faixa_idioma,generoSecundario,isVersionAlternativa (+4)	12	test fixture (simulates the legacy producer)	dual-read helpers and mappers (release metadata keys, asset type mapper, contract last-payment helper, plan feature keys, invoice payment method canonicalizer), migrations 20260930000019/21/23/24/25	Legacy Portuguese persisted keys and enum values are read through explicit mappers while every write uses canonical English; the literals are mapper keys, migration match lists and the tests/fixtures proving the mapping.	remove once the matching backfill migration ran in every environment, the residue preflight returns 0 and old clients/builds are gone	apps/api/src/modules/reports/form-contracts/report-column-ids.spec.ts	PROVEN:12
NECESSARY_BOUNDARY	LEGACY_ALIAS_TEST_FIXTURE	api:reports	(value/shape mapped by the reader; see reason)	outros	1	test fixture (simulates the legacy producer)	legacy-slug read-compat of transactions.category/subcategory	Test TX1 'the legacy placeholder "outros" in the cell is still auto-categorized': a spreadsheet cell holding the legacy placeholder `outros` triggers the finance-category matcher (suggestion applied when it hits, stored as canonical `other` when it misses). The literal is the input cell under test, not a name the product introduces.	docs/runbooks/staging-to-production.md#residue-census-20260930000018 residue preflight = 0 for one release window	apps/api/src/modules/reports/import/import-commit.service.spec.ts	PROVEN:1
NECESSARY_BOUNDARY	LEGACY_ALIAS_TEST_FIXTURE	api:reports	(value/shape mapped by the reader; see reason)	receitas-musicais,outros	2	test fixture (simulates the legacy producer)	legacy-slug read-compat of transactions.category/subcategory	Test asserts canonicalImportValue('transactions','category','receitas-musicais') === 'music_revenue': the legacy kebab-case Portuguese slug in an import cell is canonicalized to the English id before persistence (free text and canonical ids are left untouched).	docs/runbooks/staging-to-production.md#residue-census-20260930000018 residue preflight = 0 for one release window	apps/api/src/modules/reports/import/import-value-canonicalizers.spec.ts	PROVEN:2
NECESSARY_BOUNDARY	LEGACY_ALIAS_TEST_FIXTURE	api:reports	(value/shape mapped by the reader; see reason)	aluguel,despesa,proj-gerado	3	test fixture (simulates the legacy producer)	deployed builds that still send the legacy alias	Legacy-alias test fixture: exercises the deprecated Portuguese input/output alias until the alias is removed.	remove together with the legacy alias it exercises	apps/api/src/modules/reports/import/import-commit.service.spec.ts	PROVEN:3
NECESSARY_BOUNDARY	LEGACY_ALIAS_TEST_FIXTURE	api:reports	(value/shape mapped by the reader; see reason)	(whole file)	1	test fixture (simulates the legacy producer)	web builds released before CZ-038	Fixtures reproduce cells of spreadsheets exported before the value renames, to prove the reports import stores canonical values.	remove after a web release that sends the canonical CZ-038 contract is deployed to every environment	apps/api/src/modules/reports/import/import-value-canonicalizers.spec.ts	PROVEN:1
NECESSARY_BOUNDARY	LEGACY_ALIAS_TEST_FIXTURE	api:reports	(value/shape mapped by the reader; see reason)	portugues,sim	2	test fixture (simulates the legacy producer)	reports export of project tracks via project-track-vocabulary.ts labels	The export spec feeds a row not yet backfilled by migration 20260930000032 and asserts it exports the same PT-BR label as a canonical row.	remove with the project track legacy vocabulary after migration 20260930000032 ran everywhere and the residue census is 0	apps/api/src/modules/reports/export/export-engine.service.spec.ts	PROVEN:2
NECESSARY_BOUNDARY	LEGACY_ALIAS_TEST_FIXTURE	api:reports	NC-016 `name`	letristas,nome,artista,artistasAdicionaisAlbum,compositores,copyrightDataGravacao,copyrightDataLancamento,faixa_idioma (+5)	15	test fixture (simulates the legacy producer)	end users following pre-rename links	Test fixture asserting the legacy Portuguese value is still accepted/mapped (read-compat, backfilled data); the literal is the input under test, not a technical name introduced by the product.	removed together with the legacy alias it exercises	apps/api/src/modules/reports/import/import-mapper.service.legacy-compat.spec.ts	PROVEN:15
NECESSARY_BOUNDARY	LEGACY_ALIAS_TEST_FIXTURE	api:reports	(value/shape mapped by the reader; see reason)	pix-legado	1	test fixture (simulates the legacy producer)	end users following pre-rename links	Test fixture asserting the legacy Portuguese value is still accepted/mapped (read-compat, backfilled data); the literal is the input under test, not a technical name introduced by the product.	removed together with the legacy alias it exercises	apps/api/src/modules/reports/export/export-pii-dual-read.spec.ts	PROVEN:1
NECESSARY_BOUNDARY	LEGACY_ALIAS_TEST_FIXTURE	api:reports	NC-018 `category`; NC-013 `description`; NC-015 `musicGenre`; NC-016 `name`	agencia,agenciaBooking,agregadora,appleMusicAlbunsUrl,arquivoAudio,arquivoUrl,artista,bairro (+161)	169	test fixture (simulates the legacy producer)	end users following pre-rename links	Test fixture asserting the legacy Portuguese value is still accepted/mapped (read-compat, backfilled data); the literal is the input under test, not a technical name introduced by the product.	removed together with the legacy alias it exercises	apps/api/src/modules/reports/i18n/field-labels.legacy-keys.spec.ts	PROVEN:169
NECESSARY_BOUNDARY	LEGACY_ALIAS_TEST_FIXTURE	api:reports	(value/shape mapped by the reader; see reason)	Projetos	1	test fixture (simulates the legacy producer)	the compatibility test itself	Test input or assertion over a legacy Portuguese name that the compatibility reader still accepts; the name is the data under test, not a technical name the product introduces.	removed together with the legacy alias it exercises	apps/api/src/modules/reports/export/export-engine.service.spec.ts	PROVEN:1
NECESSARY_BOUNDARY	LEGACY_ALIAS_TEST_FIXTURE	api:reports	(value/shape mapped by the reader; see reason)	artista,faixa_idioma	2	test fixture (simulates the legacy producer)	the compatibility test itself	Test input or assertion over a legacy Portuguese name that the compatibility reader still accepts; the name is the data under test, not a technical name the product introduces.	removed together with the legacy alias it exercises	apps/api/src/modules/reports/form-contracts/report-column-ids.spec.ts	PROVEN:2
NECESSARY_BOUNDARY	LEGACY_ALIAS_TEST_FIXTURE	api:reports	(value/shape mapped by the reader; see reason)	Artistas,Projetos,exemplo	3	test fixture (simulates the legacy producer)	the compatibility test itself	Test input or assertion over a legacy Portuguese name that the compatibility reader still accepts; the name is the data under test, not a technical name the product introduces.	removed together with the legacy alias it exercises	apps/api/src/modules/reports/import/import-engine.service.spec.ts	PROVEN:3
NECESSARY_BOUNDARY	LEGACY_ALIAS_TEST_FIXTURE	api:reports	(value/shape mapped by the reader; see reason)	cod_entidade	1	test fixture (simulates the legacy producer)	the compatibility test itself	Test input or assertion over a legacy Portuguese name that the compatibility reader still accepts; the name is the data under test, not a technical name the product introduces.	removed together with the legacy alias it exercises	apps/api/src/modules/reports/import/import-mapper.service.spec.ts	PROVEN:1
NECESSARY_BOUNDARY	LEGACY_ALIAS_TEST_FIXTURE	api:reports	(value/shape mapped by the reader; see reason)	Faixa,Nome,Projeto	3	test fixture (simulates the legacy producer)	legacy payloads and persisted rows still carrying the Portuguese name	Test fixture for the reports module asserting the legacy Portuguese value `Faixa` is still accepted/mapped (read-compat, backfilled data); the literal is the input under test, not a technical name introduced by the product.	removed together with the legacy alias it exercises	apps/api/src/modules/reports/import/import-validation.service.spec.ts	PROVEN:3
NECESSARY_BOUNDARY	LEGACY_ALIAS_TEST_FIXTURE	api:reports	(value/shape mapped by the reader; see reason)	chines-mandarim,ingles,nao,sim	4	test fixture (simulates the legacy producer)	legacy payloads and persisted rows still carrying the Portuguese name	Test fixture for the reports module asserting the legacy Portuguese value `chines-mandarim` is still accepted/mapped (read-compat, backfilled data); the literal is the input under test, not a technical name introduced by the product.	removed together with the legacy alias it exercises	apps/api/src/modules/reports/computed-fields/registry.legacy-wiring.spec.ts	PROVEN:4
NECESSARY_BOUNDARY	LEGACY_ALIAS_TEST_FIXTURE	api:reports	(value/shape mapped by the reader; see reason)	alta,baixa,feminino,indicacao,quente	5	test fixture (simulates the legacy producer)	legacy payloads and persisted rows still carrying the Portuguese name	Test fixture for the reports module asserting the legacy Portuguese value `alta` is still accepted/mapped (read-compat, backfilled data); the literal is the input under test, not a technical name introduced by the product.	removed together with the legacy alias it exercises	apps/api/src/modules/reports/import/import-commit.legacy-wiring.spec.ts	PROVEN:5
NECESSARY_BOUNDARY	LEGACY_ALIAS_TEST_FIXTURE	api:reports	(value/shape mapped by the reader; see reason)	expirada,mecanica,mecânica,negociacao,pendente,proposta,publicidade_digital,redes_sociais (+3)	11	test fixture (simulates the legacy producer)	legacy payloads and persisted rows still carrying the Portuguese name	Test fixture for the reports module asserting the legacy Portuguese value `expirada` is still accepted/mapped (read-compat, backfilled data); the literal is the input under test, not a technical name introduced by the product.	removed together with the legacy alias it exercises	apps/api/src/modules/reports/import/import-value-canonicalizers.legacy-wiring.spec.ts	PROVEN:11
NECESSARY_BOUNDARY	LEGACY_ALIAS_TEST_FIXTURE	api:reports	(value/shape mapped by the reader; see reason)	artista,compositores,faixa,faixas,idioma,letra	8	test fixture (simulates the legacy producer)	release-tracks.field.ts export read and import write	Test fixture: sends/reads the legacy Portuguese metadata keys (faixas and the per-track keys) to prove the SQL COALESCE read and the import cleanup, with near-miss keys that must not be read.	remove together with the legacy `faixas` metadata read once the release-metadata backfill is verified in every environment	apps/api/src/modules/reports/computed-fields/release-tracks.field.legacy-key.spec.ts	PROVEN:8
NECESSARY_BOUNDARY	LEGACY_ALIAS_TEST_FIXTURE	api:scripts	(value/shape mapped by the reader; see reason)	(whole file)	2	test fixture (simulates the legacy producer)	web builds / data written before the rename	Inserts rows in the pre-migration Portuguese shape on purpose to prove migrations 19/22/23 backfill, down() write-back and re-apply.	remove with the legacy aliases / when the migrations are squashed	apps/api/scripts/verify-cz042-cz043-migrations.ts	PROVEN:2
NECESSARY_BOUNDARY	LEGACY_ALIAS_TEST_FIXTURE	api:scripts	(value/shape mapped by the reader; see reason)	(whole file)	1	test fixture (simulates the legacy producer)	web builds released before CZ-045	Disposable-database (name ending _mig) regression for migration 20260928000026_CanonicalizeMusicChatValuesToEnglish: it inserts conversations and settings in the pre-migration Portuguese shape on purpose to prove up(), down() and re-up() remap them exactly and change nothing else; it refuses to run on any other database.	remove after a web release that sends the canonical CZ-045 values is deployed to every environment	apps/api/scripts/verify-cz045-musicchat-migration.ts	PROVEN:1
NECESSARY_BOUNDARY	LEGACY_ALIAS_TEST_FIXTURE	api:scripts	(value/shape mapped by the reader; see reason)	razao_social,banco,chave_pix,data_nascimento,endereco,relacionamentos,responsavel_cargo,responsavel_email	8	test fixture (simulates the legacy producer)	old payloads, stored jsonb and deprecated parameters	Fixture of a disposable-database verification script: it inserts rows in the pre-migration Portuguese shape on purpose and asserts the migration backfill (the script reads these names only to prove the migrations map them).	removed together with the legacy alias it reads (residue census returns 0 for one release window)	apps/api/scripts/verify-cz042-cz043-migrations.ts	PROVEN:8
NECESSARY_BOUNDARY	LEGACY_ALIAS_TEST_FIXTURE	api:shares	(value/shape mapped by the reader; see reason)	(whole file)	2	test fixture (simulates the legacy producer)	web builds released before CZ-037	CZ-037: fixtures reproduce the payload a pre-CZ-037 web build sends, to prove it still validates and persists canonically.	remove after a web release that sends the canonical CZ-037 contract is deployed to every environment	apps/api/src/modules/shares/share-contract.spec.ts	PROVEN:2
NECESSARY_BOUNDARY	LEGACY_ALIAS_TEST_FIXTURE	api:shares	(value/shape mapped by the reader; see reason)	compositor	1	test fixture (simulates the legacy producer)	apps/api/src/modules/shares/share-legacy-fields.ts (canonicalizeShareValues)	Fixture proving that the deprecated `role` query alias still accepts the pre-rename Portuguese role value `compositor` and that canonicalizeShareValues maps it to `composer` before the filter is applied; the canonical value is the only one produced in responses.	remove together with the legacy share role value mapping once a web release that sends `party_role` with canonical values is deployed to every environment	apps/api/src/modules/shares/shares-query-aliases.spec.ts	PROVEN:1
NECESSARY_BOUNDARY	LEGACY_ALIAS_TEST_FIXTURE	api:shares	(value/shape mapped by the reader; see reason)	artista_project_id	1	test fixture (simulates the legacy producer)	shares update/create alias handling	Security test: the deprecated alias key is sent on purpose to prove it is checked for tenant ownership like the canonical key.	removed together with the deprecated share aliases	apps/api/src/modules/shares/shares-fk-ownership.security.spec.ts	PROVEN:1
NECESSARY_BOUNDARY	LEGACY_ALIAS_TEST_FIXTURE	api:takedowns	(value/shape mapped by the reader; see reason)	(whole file)	2	test fixture (simulates the legacy producer)	web builds released before CZ-034	CZ-034: fixtures reproduce the payload a pre-CZ-034 web build sends, to prove it still validates and persists canonically.	remove after a web release that sends the canonical CZ-034 contract is deployed to every environment	apps/api/src/modules/takedowns/takedown-contract.spec.ts	PROVEN:2
NECESSARY_BOUNDARY	LEGACY_ALIAS_TEST_FIXTURE	api:takedowns	(value/shape mapped by the reader; see reason)	data_identificacao,obra_afetada,plataforma,prioridade,url_infracao,alta,baixa,enviado (+4)	17	test fixture (simulates the legacy producer)	end users following pre-rename links	Test fixture asserting the legacy Portuguese value is still accepted/mapped (read-compat, backfilled data); the literal is the input under test, not a technical name introduced by the product.	removed together with the legacy alias it exercises	apps/api/src/modules/takedowns/takedown-legacy-fields.legacy-compat.spec.ts	PROVEN:17
NECESSARY_BOUNDARY	LEGACY_ALIAS_TEST_FIXTURE	api:takedowns	(value/shape mapped by the reader; see reason)	alta,baixa	2	test fixture (simulates the legacy producer)	takedowns created by web builds that still send the Portuguese priority	Compatibility test: sends the deprecated Portuguese priority values on purpose to prove they map to the canonical English priority.	remove together with the deprecated priority alias in takedown-legacy-fields.ts	apps/api/src/modules/takedowns/takedown-priority-vocabulary.spec.ts	PROVEN:2
NECESSARY_BOUNDARY	LEGACY_ALIAS_TEST_FIXTURE	api:test	(value/shape mapped by the reader; see reason)	banco,origem,razao_social,telefone	4	test fixture (simulates the legacy producer)	end users following pre-rename links	Test fixture asserting the legacy Portuguese value is still accepted/mapped (read-compat, backfilled data); the literal is the input under test, not a technical name introduced by the product.	removed together with the legacy alias it exercises	apps/api/test/e2e/schema/pii-backfill-drafts.e2e-spec.ts	PROVEN:4
NECESSARY_BOUNDARY	LEGACY_ALIAS_TEST_FIXTURE	api:test	(value/shape mapped by the reader; see reason)	teste	1	test fixture (simulates the legacy producer)	e2e fixture only (no runtime reader)	E2E fixture inserts the free-text contract type `teste` as an arbitrary value. It is not renamed to English because the real-database e2e suite cannot be executed in this environment to prove the rename is behavior-neutral.	rename `teste` to `test` the first time this suite is run against a disposable database (value is arbitrary free text)	apps/api/test/e2e/integrations/signature-webhooks-real-context.e2e-spec.ts	PROVEN:1
NECESSARY_BOUNDARY	LEGACY_ALIAS_TEST_FIXTURE	api:test	(value/shape mapped by the reader; see reason)	teste	1	test fixture (simulates the legacy producer)	e2e fixture only (no runtime reader)	E2E fixture inserts the free-text contract type `teste` as an arbitrary value. It is not renamed to English because the real-database e2e suite cannot be executed in this environment to prove the rename is behavior-neutral.	rename `teste` to `test` the first time this suite is run against a disposable database (value is arbitrary free text)	apps/api/test/e2e/rls/phase3n-context.e2e-spec.ts	PROVEN:1
NECESSARY_BOUNDARY	LEGACY_ALIAS_TEST_FIXTURE	api:transactions	(value/shape mapped by the reader; see reason)	(whole file)	2	test fixture (simulates the legacy producer)	web builds released before the rename	Category/subcategory slugs are the persisted taxonomy blocked on BLK-TRANSACTION-CATEGORY-TAXONOMY; the remaining keys are CZ-041 deprecated input aliases (compat tests).	remove after a web release that sends only the canonical contract is deployed to every environment	apps/api/src/modules/transactions/transactions.service.spec.ts	PROVEN:2
NECESSARY_BOUNDARY	LEGACY_ALIAS_TEST_FIXTURE	api:transactions	(value/shape mapped by the reader; see reason)	subcategoria,design-grafico,direitos-autorais,outros,participacao-show-evento,recebimentos-externos-streaming,receitas-internas,receitas-musicais (+1)	9	test fixture (simulates the legacy producer)	transaction-category-slugs.ts (API and web mirror), list/export filters, reports import canonicalizer, web label registry, migration 20260930000018	Legacy Portuguese category/subcategory slugs are accepted on input and matched by filters (IN-expansion) while every write uses the canonical English id; the literals are the legacy-to-canonical map keys, the web label registry keys and the tests proving the mapping.	remove once migration 20260930000018 ran everywhere, free-text residue preflight is understood, old web builds are gone and no stored row carries the legacy slug	apps/api/src/modules/transactions/transaction-category-slugs.spec.ts	PROVEN:9
NECESSARY_BOUNDARY	LEGACY_ALIAS_TEST_FIXTURE	api:transactions	(value/shape mapped by the reader; see reason)	ultimo_pagamento_em	1	test fixture (simulates the legacy producer)	dual-read helpers and mappers (release metadata keys, asset type mapper, contract last-payment helper, plan feature keys, invoice payment method canonicalizer), migrations 20260930000019/21/23/24/25	Legacy Portuguese persisted keys and enum values are read through explicit mappers while every write uses canonical English; the literals are mapper keys, migration match lists and the tests/fixtures proving the mapping.	remove once the matching backfill migration ran in every environment, the residue preflight returns 0 and old clients/builds are gone	apps/api/src/modules/transactions/handlers/transaction-events.handler.spec.ts	PROVEN:1
NECESSARY_BOUNDARY	LEGACY_ALIAS_TEST_FIXTURE	api:transactions	(value/shape mapped by the reader; see reason)	outros	1	test fixture (simulates the legacy producer)	legacy-slug read-compat of transactions.category/subcategory	Test proves TransactionsService.create still treats the legacy placeholder category `outros` (read-compat of rows and old clients) as 'uncategorized': when a finance-category rule matches, the suggested category replaces it (asserts saved.category === 'streaming'). `outros` is the key LEGACY_UNCATEGORIZED_CATEGORY / the legacy slug map of transaction-category-slugs.ts resolves to canonical `other`.	docs/runbooks/staging-to-production.md#residue-census-20260930000018 residue preflight = 0 for one release window	apps/api/src/modules/transactions/transactions.service.spec.ts	PROVEN:1
NECESSARY_BOUNDARY	LEGACY_ALIAS_TEST_FIXTURE	api:transactions	(value/shape mapped by the reader; see reason)	outros	1	test fixture (simulates the legacy producer)	legacy-slug read-compat of transactions.category/subcategory	Test of createTransactionSchema fed the whole deprecated pre-CZ-041 Portuguese payload (tipoTransacao, tipoCliente, dataTransacao, formaPagamento, ...) with category `outros`: it asserts the legacy keys/values map to the canonical contract and no legacy key survives in the parsed output. `outros` is the legacy category slug value in that payload.	docs/runbooks/staging-to-production.md#residue-census-20260930000018 residue preflight = 0 for one release window	apps/api/src/modules/transactions/transaction-contract.spec.ts	PROVEN:1
NECESSARY_BOUNDARY	LEGACY_ALIAS_TEST_FIXTURE	api:transactions	(value/shape mapped by the reader; see reason)	repasse-contrato,receitas-internas	3	test fixture (simulates the legacy producer)	transaction-category-slugs.ts (API and web mirror), list/export filters, reports import canonicalizer, web label registry, migration 20260930000018	Test fixture asserting the legacy Portuguese value is still accepted/mapped (read-compat, backfilled data); the literal is the input under test, not a technical name introduced by the product.	removed together with the legacy alias it exercises	apps/api/src/modules/transactions/transaction-category-slugs.spec.ts	PROVEN:3
NECESSARY_BOUNDARY	LEGACY_ALIAS_TEST_FIXTURE	api:transactions	(value/shape mapped by the reader; see reason)	das,icms,iptu,ipva,irrf,pro-labore	6	test fixture (simulates the legacy producer)	end users following pre-rename links	Test fixture asserting the legacy Portuguese value is still accepted/mapped (read-compat, backfilled data); the literal is the input under test, not a technical name introduced by the product.	removed together with the legacy alias it exercises	apps/api/src/modules/transactions/transaction-category-slugs.legacy-compat.spec.ts	PROVEN:6
NECESSARY_BOUNDARY	LEGACY_ALIAS_TEST_FIXTURE	api:transactions	(value/shape mapped by the reader; see reason)	despesa,imposto,receita	3	test fixture (simulates the legacy producer)	legacy payloads and persisted rows still carrying the Portuguese name	Test fixture for the transactions module asserting the legacy Portuguese value `despesa` is still accepted/mapped (read-compat, backfilled data); the literal is the input under test, not a technical name introduced by the product.	removed together with the legacy alias it exercises	apps/api/src/modules/transactions/transactions.legacy-wiring.spec.ts	PROVEN:3
NECESSARY_BOUNDARY	LEGACY_ALIAS_TEST_FIXTURE	api:users	(value/shape mapped by the reader; see reason)	ar_gestao,artista,colaborador,comercial,financeiro_contabil,juridico,leitor,produtor (+4)	12	test fixture (simulates the legacy producer)	RBAC dual-read: ROLE_HIERARCHY legacy keys, users role writes, guard-chain and UserEditorModal tests; migration draft 20260930000030 (gated)	Equivalence and abuse-path tests must name the legacy Portuguese slugs still persisted in org_members.role to prove they authorize identically to the canonical English slugs.	remove after the RBAC S4b backfill and S5 retirement of legacy Portuguese role slugs is authorized and executed	apps/api/src/modules/users/users-canonical-role-write.security.spec.ts	PROVEN:12
NECESSARY_BOUNDARY	LEGACY_ALIAS_TEST_FIXTURE	api:users	(value/shape mapped by the reader; see reason)	artista,colaborador,rh_manager	3	test fixture (simulates the legacy producer)	legacy payloads and persisted rows still carrying the Portuguese name	Test fixture for the users module asserting the legacy Portuguese value `artista` is still accepted/mapped (read-compat, backfilled data); the literal is the input under test, not a technical name introduced by the product.	removed together with the legacy alias it exercises	apps/api/src/modules/users/rbac-admin.legacy-role.spec.ts	PROVEN:3
NECESSARY_BOUNDARY	LEGACY_ALIAS_TEST_FIXTURE	api:users	(value/shape mapped by the reader; see reason)	juridico	1	test fixture (simulates the legacy producer)	legacy payloads and persisted rows still carrying the Portuguese name	Test fixture for the users module asserting the legacy Portuguese value `juridico` is still accepted/mapped (read-compat, backfilled data); the literal is the input under test, not a technical name introduced by the product.	removed together with the legacy alias it exercises	apps/api/src/modules/users/users.legacy-wiring.spec.ts	PROVEN:1
NECESSARY_BOUNDARY	LEGACY_ALIAS_TEST_FIXTURE	api:works	(value/shape mapped by the reader; see reason)	co_compositores,detentores,titulares,cod_amar,cod_assim,codigo_entidade	6	test fixture (simulates the legacy producer)	deployed builds that still send the legacy alias	Legacy-alias test fixture: exercises the deprecated Portuguese input/output alias until the alias is removed.	remove together with the legacy alias it exercises	apps/api/src/modules/works/works-field-contract.spec.ts	PROVEN:6
NECESSARY_BOUNDARY	LEGACY_ALIAS_TEST_FIXTURE	api:works	NC-016 `name`	editora,ferramenta,nome,autoral,cod_entidade,compositor,compositores,criada_por_ia (+14)	23	test fixture (simulates the legacy producer)	end users following pre-rename links	Test fixture asserting the legacy Portuguese value is still accepted/mapped (read-compat, backfilled data); the literal is the input under test, not a technical name introduced by the product.	removed together with the legacy alias it exercises	apps/api/src/modules/works/dto/create-work.dto.legacy-compat.spec.ts	PROVEN:23
NECESSARY_BOUNDARY	LEGACY_ALIAS_TEST_FIXTURE	api:works	NC-016 `name`; NC-023 matching camelCase	classeFuncao,compositor,criada_por_ia,idioma,nome,participantes,percentual,tipo_ia (+8)	22	test fixture (simulates the legacy producer)	legacy payloads and persisted rows still carrying the Portuguese name	Test fixture for the works module asserting the legacy Portuguese value `classeFuncao` is still accepted/mapped (read-compat, backfilled data); the literal is the input under test, not a technical name introduced by the product.	removed together with the legacy alias it exercises	apps/api/src/modules/works/works.legacy-wiring.spec.ts	PROVEN:22
NECESSARY_BOUNDARY	LEGACY_ALIAS_TEST_FIXTURE	web:accounting	(value/shape mapped by the reader; see reason)	(whole file)	1	test fixture (simulates the legacy producer)	historical rows written before the English renames	Label-registry test over the transaction taxonomy: it asserts one PT-BR label per stored slug, that legacy kebab-case spellings (design-grafico, direitos-autorais, producao-audiovisual, locacao-equipamentos) and their canonical ids (graphic_design, copyright, ...) resolve to the same label, and that unknown values are humanized instead of shown raw. The legacy slugs are the input under test while the legacy slug map exists (BLK-TRANSACTION-CATEGORY-TAXONOMY).	remove when transaction-constants.labels.test.ts asserts only canonical English taxonomy slugs: i.e. when the transaction taxonomy decision D-A is closed, the legacy slug map of transaction-category-slugs.ts is deleted and no legacy slug literal remains in this test	apps/web/src/modules/accounting/constants/transaction-constants.labels.test.ts	PROVEN:1
NECESSARY_BOUNDARY	LEGACY_ALIAS_TEST_FIXTURE	web:accounting	(value/shape mapped by the reader; see reason)	aprovado,atrasado,cancelado,estornado,pago,parcial,pendente,processando	8	test fixture (simulates the legacy producer)	invoice payment method deprecated-alias map (web constants, invoices DTO/service, reports import canonicalizer), transaction/status legacy fixtures, migrations 20260930000010/20260930000011	Deprecated Portuguese payment method / transaction status / rule type values are accepted at boundaries and mapped to canonical English values, and the literals are the alias map keys and the tests or migration fixtures proving the mapping. transferencia has no ledger-approved canonical English value yet.	remove the deprecated aliases and the fixtures after migrations 20260930000010/11 ran in every environment and no client sends the pre-canonical values; decide the canonical value of transferencia first	apps/web/src/modules/accounting/components/TransactionViewModal.test.tsx	PROVEN:8
NECESSARY_BOUNDARY	LEGACY_ALIAS_TEST_FIXTURE	web:accounting	(value/shape mapped by the reader; see reason)	cartao_credito,cartao_debito,dinheiro,transferencia	4	test fixture (simulates the legacy producer)	invoice payment method deprecated-alias map (web constants, invoices DTO/service, reports import canonicalizer), transaction/status legacy fixtures, migrations 20260930000010/20260930000011	Deprecated Portuguese payment method / transaction status / rule type values are accepted at boundaries and mapped to canonical English values, and the literals are the alias map keys and the tests or migration fixtures proving the mapping. transferencia has no ledger-approved canonical English value yet.	remove the deprecated aliases and the fixtures after migrations 20260930000010/11 ran in every environment and no client sends the pre-canonical values; decide the canonical value of transferencia first	apps/web/src/modules/accounting/constants/invoice-payment-methods.test.ts	PROVEN:4
NECESSARY_BOUNDARY	LEGACY_ALIAS_TEST_FIXTURE	web:accounting	(value/shape mapped by the reader; see reason)	anuncios,design-grafico,direitos-autorais,formacao,licenciamento,licenciamento-fonograma,licenciamento-obra,outros (+12)	20	test fixture (simulates the legacy producer)	transaction-category-slugs.ts (API and web mirror), list/export filters, reports import canonicalizer, web label registry, migration 20260930000018	Legacy Portuguese category/subcategory slugs are accepted on input and matched by filters (IN-expansion) while every write uses the canonical English id; the literals are the legacy-to-canonical map keys, the web label registry keys and the tests proving the mapping.	remove once migration 20260930000018 ran everywhere, free-text residue preflight is understood, old web builds are gone and no stored row carries the legacy slug	apps/web/src/modules/accounting/constants/transaction-category-slugs.parity.test.ts	PROVEN:20
NECESSARY_BOUNDARY	LEGACY_ALIAS_TEST_FIXTURE	web:accounting	(value/shape mapped by the reader; see reason)	servicos,design-grafico,produtos,cenografia-pirotecnia,show-evento	5	test fixture (simulates the legacy producer)	legacy-slug read-compat of transactions.category/subcategory	Deliberate legacy-slug equivalence proof (it.each) until migration 20260930000018 has run everywhere	docs/runbooks/staging-to-production.md#residue-census-20260930000018 residue preflight = 0 for one release window	apps/web/src/modules/accounting/components/transaction-form/rules/__tests__/financial-form-rules.test.ts	PROVEN:5
NECESSARY_BOUNDARY	LEGACY_ALIAS_TEST_FIXTURE	web:accounting	(value/shape mapped by the reader; see reason)	das,icms,iptu,ipva,irrf,pro-labore	7	test fixture (simulates the legacy producer)	end users following pre-rename links	Test fixture asserting the legacy Portuguese value is still accepted/mapped (read-compat, backfilled data); the literal is the input under test, not a technical name introduced by the product.	removed together with the legacy alias it exercises	apps/web/src/modules/accounting/constants/transaction-category-slugs.legacy-compat.test.ts	PROVEN:7
NECESSARY_BOUNDARY	LEGACY_ALIAS_TEST_FIXTURE	web:accounting	(value/shape mapped by the reader; see reason)	pro-labore,remuneracao	2	test fixture (simulates the legacy producer)	end users following pre-rename links	Test fixture asserting the legacy Portuguese value is still accepted/mapped (read-compat, backfilled data); the literal is the input under test, not a technical name introduced by the product.	removed together with the legacy alias it exercises	apps/web/src/modules/accounting/constants/transaction-constants.legacy-compat.test.ts	PROVEN:2
NECESSARY_BOUNDARY	LEGACY_ALIAS_TEST_FIXTURE	web:accounting	(value/shape mapped by the reader; see reason)	cartao_credito,cartao_debito,dinheiro,transferencia	4	test fixture (simulates the legacy producer)	legacy payloads and persisted rows still carrying the Portuguese name	Test fixture for the accounting module asserting the legacy Portuguese value `cartao_credito` is still accepted/mapped (read-compat, backfilled data); the literal is the input under test, not a technical name introduced by the product.	removed together with the legacy alias it exercises	apps/web/src/modules/accounting/components/InvoiceViewModal.legacy-wiring.test.tsx	PROVEN:4
NECESSARY_BOUNDARY	LEGACY_ALIAS_TEST_FIXTURE	web:accounting	(value/shape mapped by the reader; see reason)	direitos-conexos,gravacao-estudio,receitas-musicais,servicos,show-evento,tecnologia	6	test fixture (simulates the legacy producer)	legacy payloads and persisted rows still carrying the Portuguese name	Test fixture for the accounting module asserting the legacy Portuguese value `direitos-conexos` is still accepted/mapped (read-compat, backfilled data); the literal is the input under test, not a technical name introduced by the product.	removed together with the legacy alias it exercises	apps/web/src/modules/accounting/components/TransactionViewModal.legacy-wiring.test.tsx	PROVEN:6
NECESSARY_BOUNDARY	LEGACY_ALIAS_TEST_FIXTURE	web:accounting	(value/shape mapped by the reader; see reason)	cartao_credito,cartao_debito,dinheiro,transferencia	4	test fixture (simulates the legacy producer)	legacy payloads and persisted rows still carrying the Portuguese name	Test fixture for the accounting module asserting the legacy Portuguese value `cartao_credito` is still accepted/mapped (read-compat, backfilled data); the literal is the input under test, not a technical name introduced by the product.	removed together with the legacy alias it exercises	apps/web/src/modules/accounting/components/invoice-form/hooks/useInvoiceForm.legacy-wiring.test.ts	PROVEN:4
NECESSARY_BOUNDARY	LEGACY_ALIAS_TEST_FIXTURE	web:accounting	(value/shape mapped by the reader; see reason)	equipamentos,outros,receitas-musicais,servicos,tecnologia	5	test fixture (simulates the legacy producer)	legacy payloads and persisted rows still carrying the Portuguese name	Test fixture for the accounting module asserting the legacy Portuguese value `equipamentos` is still accepted/mapped (read-compat, backfilled data); the literal is the input under test, not a technical name introduced by the product.	removed together with the legacy alias it exercises	apps/web/src/modules/accounting/components/transaction-form/hooks/useFinancialRules.legacy-wiring.test.ts	PROVEN:5
NECESSARY_BOUNDARY	LEGACY_ALIAS_TEST_FIXTURE	web:accounting	(value/shape mapped by the reader; see reason)	contrato	1	test fixture (simulates the legacy producer)	legacy payloads and persisted rows still carrying the Portuguese name	Test fixture for the accounting module asserting the legacy Portuguese value `contrato` is still accepted/mapped (read-compat, backfilled data); the literal is the input under test, not a technical name introduced by the product.	removed together with the legacy alias it exercises	apps/web/src/modules/accounting/components/transaction-form/hooks/useTransactionFormController.legacy-wiring.test.ts	PROVEN:1
NECESSARY_BOUNDARY	LEGACY_ALIAS_TEST_FIXTURE	web:accounting	(value/shape mapped by the reader; see reason)	consultoria,direitos-conexos,ensaio,equipamentos,formacao,gravacao-estudio,infraestrutura,locacao-estudio (+10)	18	test fixture (simulates the legacy producer)	legacy payloads and persisted rows still carrying the Portuguese name	Test fixture for the accounting module asserting the legacy Portuguese value `consultoria` is still accepted/mapped (read-compat, backfilled data); the literal is the input under test, not a technical name introduced by the product.	removed together with the legacy alias it exercises	apps/web/src/modules/accounting/components/transaction-form/rules/__tests__/financial-form-rules.legacy-wiring.test.ts	PROVEN:18
NECESSARY_BOUNDARY	LEGACY_ALIAS_TEST_FIXTURE	web:accounting	(value/shape mapped by the reader; see reason)	servicos,tecnologia	2	test fixture (simulates the legacy producer)	legacy payloads and persisted rows still carrying the Portuguese name	Test fixture for the accounting module asserting the legacy Portuguese value `servicos` is still accepted/mapped (read-compat, backfilled data); the literal is the input under test, not a technical name introduced by the product.	removed together with the legacy alias it exercises	apps/web/src/modules/accounting/hooks/useTransactionCategoryFilterOptions.legacy-wiring.test.tsx	PROVEN:2
NECESSARY_BOUNDARY	LEGACY_ALIAS_TEST_FIXTURE	web:accounting	(value/shape mapped by the reader; see reason)	servicos,tecnologia	2	test fixture (simulates the legacy producer)	legacy payloads and persisted rows still carrying the Portuguese name	Test fixture for the accounting module asserting the legacy Portuguese value `servicos` is still accepted/mapped (read-compat, backfilled data); the literal is the input under test, not a technical name introduced by the product.	removed together with the legacy alias it exercises	apps/web/src/modules/accounting/pages/Accounting.legacy-wiring.test.tsx	PROVEN:2
NECESSARY_BOUNDARY	LEGACY_ALIAS_TEST_FIXTURE	web:accounting	(value/shape mapped by the reader; see reason)	outros,servicos,tecnologia	3	test fixture (simulates the legacy producer)	legacy payloads and persisted rows still carrying the Portuguese name	Test fixture for the accounting module asserting the legacy Portuguese value `outros` is still accepted/mapped (read-compat, backfilled data); the literal is the input under test, not a technical name introduced by the product.	removed together with the legacy alias it exercises	apps/web/src/modules/accounting/pages/ProfitAndLoss.legacy-wiring.test.tsx	PROVEN:3
NECESSARY_BOUNDARY	LEGACY_ALIAS_TEST_FIXTURE	web:accounting	(value/shape mapped by the reader; see reason)	direitos-conexos,gravacao-estudio,receitas-musicais,servicos,show-evento,simples-nacional,tecnologia	7	test fixture (simulates the legacy producer)	legacy payloads and persisted rows still carrying the Portuguese name	Test fixture for the accounting module asserting the legacy Portuguese value `direitos-conexos` is still accepted/mapped (read-compat, backfilled data); the literal is the input under test, not a technical name introduced by the product.	removed together with the legacy alias it exercises	apps/web/src/modules/accounting/services/form-to-payload.legacy-wiring.test.ts	PROVEN:7
NECESSARY_BOUNDARY	LEGACY_ALIAS_TEST_FIXTURE	web:accounting	(value/shape mapped by the reader; see reason)	tipo_nota	1	test fixture (simulates the legacy producer)	apps/web invoice form and list filter, API clients of /invoices	Compatibility test: sends or reads the deprecated `tipo_nota` on purpose to prove the alias maps to the canonical fiscal_document_type and that canonical wins.	remove the alias, the response mirror and the web old-API read one release after every web build sends fiscal_document_type and no consumer reads tipo_nota from responses	apps/web/src/modules/accounting/components/invoice-form/hooks/useInvoiceForm.legacy-wiring.test.ts	PROVEN:1
NECESSARY_BOUNDARY	LEGACY_ALIAS_TEST_FIXTURE	web:accounting	(value/shape mapped by the reader; see reason)	tipo_nota	1	test fixture (simulates the legacy producer)	apps/web invoice form and list filter, API clients of /invoices	Compatibility test: sends or reads the deprecated `tipo_nota` on purpose to prove the alias maps to the canonical fiscal_document_type and that canonical wins.	remove the alias, the response mirror and the web old-API read one release after every web build sends fiscal_document_type and no consumer reads tipo_nota from responses	apps/web/src/modules/accounting/types/invoice-operation-type.test.ts	PROVEN:1
NECESSARY_BOUNDARY	LEGACY_ALIAS_TEST_FIXTURE	web:accounting	(value/shape mapped by the reader; see reason)	tipo_nota	1	test fixture (simulates the legacy producer)	apps/web invoice form and list filter, API clients of /invoices	Compatibility test: renders an invoice that carries only the deprecated `tipo_nota` mirror on purpose to prove the badge reads fiscal_document_type first and falls back to the legacy value.	remove the alias, the response mirror and the web old-API read one release after every web build sends fiscal_document_type and no consumer reads tipo_nota from responses	apps/web/src/modules/accounting/components/InvoiceViewModal.file-url.test.tsx	PROVEN:1
NECESSARY_BOUNDARY	LEGACY_ALIAS_TEST_FIXTURE	web:app	(value/shape mapped by the reader; see reason)	(whole file)	1	test fixture (simulates the legacy producer)	end users following pre-rename links	Legacy Portuguese URLs (bookmarks, the public artist application link shared with artists, links in old e-mails, Stripe return URLs of sessions opened before the rename, open browser tabs) must keep resolving; each redirects to its English route with params, renamed query keys and hash preserved.	remove after 2027-03-31, or earlier once edge/access logs show no hit on any legacy path for 30 consecutive days	apps/web/src/app/routes/legacy-redirects.test.tsx	PROVEN:1
NECESSARY_BOUNDARY	LEGACY_ALIAS_TEST_FIXTURE	web:app	(value/shape mapped by the reader; see reason)	editFonograma,editObra,fonograma,newObra,obra,projeto	6	test fixture (simulates the legacy producer)	legacy payloads and persisted rows still carrying the Portuguese name	Test fixture for the legacy-redirects module asserting the legacy Portuguese value `editFonograma` is still accepted/mapped (read-compat, backfilled data); the literal is the input under test, not a technical name introduced by the product.	removed together with the legacy alias it exercises	apps/web/src/app/routes/legacy-redirects.test.tsx	PROVEN:6
NECESSARY_BOUNDARY	LEGACY_ALIAS_TEST_FIXTURE	web:app	(value/shape mapped by the reader; see reason)	moduleRh,rh	3	test fixture (simulates the legacy producer)	legacy payloads and persisted rows still carrying the Portuguese name	Test fixture for the __tests__ module asserting the legacy Portuguese value `moduleRh` is still accepted/mapped (read-compat, backfilled data); the literal is the input under test, not a technical name introduced by the product.	removed together with the legacy alias it exercises	apps/web/src/app/providers/__tests__/TenantContext.legacy-wiring.test.tsx	PROVEN:3
NECESSARY_BOUNDARY	LEGACY_ALIAS_TEST_FIXTURE	web:artist	(value/shape mapped by the reader; see reason)	outros	2	test fixture (simulates the legacy producer)	artist-legacy-fields.ts LEGACY_DISTRIBUTOR_IDS, web distributor-id.ts, migration 20260930000027 and tests proving the mapping	Legacy distributor id outros is mapped to other on input and read; jsonb rows are rewritten by the backfill; the literals are the map keys and the migration/tests fixtures.	remove once migration 20260930000027 ran everywhere and the residue preflight returns 0 rows; old selected_distributors map keys are gone	apps/web/src/modules/artist/lib/distributor-id.test.ts	PROVEN:2
NECESSARY_BOUNDARY	LEGACY_ALIAS_TEST_FIXTURE	web:artist	(value/shape mapped by the reader; see reason)	distribuicao,exclusividade,gestao,licenciamento,nao_exclusivo,outro,outros,parceria (+1)	9	test fixture (simulates the legacy producer)	the compat reader under test	Test literal proving the legacy Portuguese value is still READ and mapped to the canonical English one	removed together with the legacy reader it covers	apps/web/src/modules/artist/lib/contract-type-filters.test.ts	PROVEN:9
NECESSARY_BOUNDARY	LEGACY_ALIAS_TEST_FIXTURE	web:artist	(value/shape mapped by the reader; see reason)	(whole file)	1	test fixture (simulates the legacy producer)	contract-type-filters.ts canonicalFilterContractType	Pins legacy Portuguese contract type filter values to canonical filter ids.	delete together with the legacy filter aliases once the contract category residue census returns 0	apps/web/src/modules/artist/lib/contract-type-filters.test.ts	PROVEN:1
NECESSARY_BOUNDARY	LEGACY_ALIAS_TEST_FIXTURE	web:artist	NC-015 `musicGenre`; NC-012 `notes`	Nome,genero_musical,nome_artistico,data_nascimento,documentos_pessoais_url,nome_civil,notas_internas,observacoes (+1)	11	test fixture (simulates the legacy producer)	end users following pre-rename links	Test fixture asserting the legacy Portuguese value is still accepted/mapped (read-compat, backfilled data); the literal is the input under test, not a technical name introduced by the product.	removed together with the legacy alias it exercises	apps/web/src/modules/artist/forms/artist-form.definition.legacy-compat.test.ts	PROVEN:11
NECESSARY_BOUNDARY	LEGACY_ALIAS_TEST_FIXTURE	web:artist	(value/shape mapped by the reader; see reason)	assessoria,categoria_desconhecida,contador,editora_musical,empresario,gestor,juridico,financeiro	8	test fixture (simulates the legacy producer)	end users following pre-rename links	Test fixture asserting the legacy Portuguese value is still accepted/mapped (read-compat, backfilled data); the literal is the input under test, not a technical name introduced by the product.	removed together with the legacy alias it exercises	apps/web/src/modules/artist/components/ArtistVision360Modal.legacy-compat.test.tsx	PROVEN:8
NECESSARY_BOUNDARY	LEGACY_ALIAS_TEST_FIXTURE	web:artist	(value/shape mapped by the reader; see reason)	exclusivo,nao_exclusivo,representacao,servicos	4	test fixture (simulates the legacy producer)	end users following pre-rename links	Test fixture asserting the legacy Portuguese value is still accepted/mapped (read-compat, backfilled data); the literal is the input under test, not a technical name introduced by the product.	removed together with the legacy alias it exercises	apps/web/src/modules/artist/lib/contract-type-filters.legacy-compat.test.ts	PROVEN:4
NECESSARY_BOUNDARY	LEGACY_ALIAS_TEST_FIXTURE	web:artist	(value/shape mapped by the reader; see reason)	anuncio,anuncio-digital,patrocinio,licenciado-x,patrocinado-x,publi-post	6	test fixture (simulates the legacy producer)	end users following pre-rename links	Test fixture asserting the legacy Portuguese value is still accepted/mapped (read-compat, backfilled data); the literal is the input under test, not a technical name introduced by the product.	removed together with the legacy alias it exercises	apps/web/src/modules/artist/lib/revenue-nature.legacy-compat.test.ts	PROVEN:6
NECESSARY_BOUNDARY	LEGACY_ALIAS_TEST_FIXTURE	web:artist	(value/shape mapped by the reader; see reason)	compositor_autor,dj_produtor,interprete,produtor	4	test fixture (simulates the legacy producer)	end users following pre-rename links	Test fixture asserting the legacy Portuguese value is still accepted/mapped (read-compat, backfilled data); the literal is the input under test, not a technical name introduced by the product.	removed together with the legacy alias it exercises	apps/web/src/modules/artist/services/artist.mapper.legacy-compat.test.ts	PROVEN:4
NECESSARY_BOUNDARY	LEGACY_ALIAS_TEST_FIXTURE	web:artist	(value/shape mapped by the reader; see reason)	outros	2	test fixture (simulates the legacy producer)	legacy payloads and persisted rows still carrying the Portuguese name	Test fixture for the artist module asserting the legacy Portuguese value `outros` is still accepted/mapped (read-compat, backfilled data); the literal is the input under test, not a technical name introduced by the product.	removed together with the legacy alias it exercises	apps/web/src/modules/artist/components/ArtistFormModal.legacy-wiring.test.tsx	PROVEN:2
NECESSARY_BOUNDARY	LEGACY_ALIAS_TEST_FIXTURE	web:artist	NC-015 `musicGenre`; NC-012 `notes`	Distribuidoras,data_nascimento,genero_musical,nome_artistico,observacoes,tipo_perfil,algo-desconhecido	7	test fixture (simulates the legacy producer)	legacy payloads and persisted rows still carrying the Portuguese name	Test fixture for the artist module asserting the legacy Portuguese value `Distribuidoras` is still accepted/mapped (read-compat, backfilled data); the literal is the input under test, not a technical name introduced by the product.	removed together with the legacy alias it exercises	apps/web/src/modules/artist/pages/Artists.legacy-wiring.test.tsx	PROVEN:7
NECESSARY_BOUNDARY	LEGACY_ALIAS_TEST_FIXTURE	web:artist	(value/shape mapped by the reader; see reason)	outros	2	test fixture (simulates the legacy producer)	legacy payloads and persisted rows still carrying the Portuguese name	Test fixture for the artist module asserting the legacy Portuguese value `outros` is still accepted/mapped (read-compat, backfilled data); the literal is the input under test, not a technical name introduced by the product.	removed together with the legacy alias it exercises	apps/web/src/modules/artist/services/artist.mapper.legacy-wiring.test.ts	PROVEN:2
NECESSARY_BOUNDARY	LEGACY_ALIAS_TEST_FIXTURE	web:artist	(value/shape mapped by the reader; see reason)	activity (Movimentação) descriptions of events use the PT-BR type label,agendado,concluido,distribuicao,em_andamento,exclusivo,pendente,receitas-musicais (+4)	12	test fixture (simulates the legacy producer)	legacy payloads and persisted rows still carrying the Portuguese name	Test fixture for the artist module asserting the legacy Portuguese value `activity (Movimentação) descriptions of events use the PT-BR type label` is still accepted/mapped (read-compat, backfilled data); the literal is the input under test, not a technical name introduced by the product.	removed together with the legacy alias it exercises	apps/web/src/modules/artist/components/ArtistVision360Modal.legacy-wiring.test.tsx	PROVEN:12
NECESSARY_BOUNDARY	LEGACY_ALIAS_TEST_FIXTURE	web:artist	(value/shape mapped by the reader; see reason)	receitas-musicais,sincronizacao	2	test fixture (simulates the legacy producer)	legacy payloads and persisted rows still carrying the Portuguese name	Test fixture for the artist module asserting the legacy Portuguese value `receitas-musicais` is still accepted/mapped (read-compat, backfilled data); the literal is the input under test, not a technical name introduced by the product.	removed together with the legacy alias it exercises	apps/web/src/modules/artist/lib/revenue-nature.legacy-wiring.test.ts	PROVEN:2
NECESSARY_BOUNDARY	LEGACY_ALIAS_TEST_FIXTURE	web:artist	(value/shape mapped by the reader; see reason)	VIDEOMAKER	1	test fixture (simulates the legacy producer)	crm-relationships option catalogs (labelFor) and hr departments	Rendering test: the persisted legacy platform value (contact category slug or department name) is the input under test; the test asserts the PT-BR label shown to the user and that the raw value is never displayed.	remove when contact categories and departments get canonical English ids with dual-read and backfill	apps/web/src/modules/artist/components/ArtistVision360Modal.linked-team-category.test.tsx	PROVEN:1
NECESSARY_BOUNDARY	LEGACY_ALIAS_TEST_FIXTURE	web:artist	(value/shape mapped by the reader; see reason)	VIDEOMAKER,advogado,videomaker	3	test fixture (simulates the legacy producer)	crm-relationships option catalogs (labelFor) and hr departments	Rendering test: the persisted legacy platform value (contact category slug or department name) is the input under test; the test asserts the PT-BR label shown to the user and that the raw value is never displayed.	remove when contact categories and departments get canonical English ids with dual-read and backfill	apps/web/src/modules/artist/components/TeamContactsCRM.category-labels.test.tsx	PROVEN:3
NECESSARY_BOUNDARY	LEGACY_ALIAS_TEST_FIXTURE	web:artist	(value/shape mapped by the reader; see reason)	assessoria,contador,editora,editora_musical,empresario,financeiro,gestor,gravadora (+1)	9	test fixture (simulates the legacy producer)	teamContactCategoryLabel (ArtistVision360Modal team section) over artists.team_contacts rows; maps unbackfilled legacy slugs to the canonical ones	Behavioral test of teamContactCategoryLabel: each legacy slug and each canonical slug resolves to the same PT-BR label; the legacy slug is the input under test.	remove after the legacy teamContacts payload is backfilled to English categories	apps/web/src/modules/artist/lib/team-contact-category.test.ts	PROVEN:9
NECESSARY_BOUNDARY	LEGACY_ALIAS_TEST_FIXTURE	web:auth	(value/shape mapped by the reader; see reason)	editora,escritorio,gravadora	3	test fixture (simulates the legacy producer)	LEGACY_CLIENT_PROFILES / LEGACY_ORGANIZATION_INDUSTRIES / LEGACY_CONTACT_PROFILES readers and mappers in the API DTOs, the web catalog and migrations 20260930000012-14	Deprecated Portuguese values are still accepted at the API boundary and read by the web catalog so existing rows display; every write and response uses the canonical English ids; the literals are the legacy-map keys and the tests/migration fixtures proving the mapping.	remove when old web builds are gone, migrations 20260930000012-14 ran in every environment and the read-only residue preflight returns 0 rows	apps/web/src/modules/auth/constants/organization-industry.test.ts	PROVEN:3
NECESSARY_BOUNDARY	LEGACY_ALIAS_TEST_FIXTURE	web:auth	(value/shape mapped by the reader; see reason)	/ano,anual,mensal	3	test fixture (simulates the legacy producer)	StatusBadge LEGACY_STATUS_ALIASES, settings/lib/user-status.ts, activation-plans.service.ts and tests proving legacy values still render	Tolerant read maps keep rendering rows or responses that still carry Portuguese legacy values; canonical English values are the only ones written.	remove once no persisted or incoming value uses the legacy Portuguese slug (data census) and old clients are gone	apps/web/src/modules/auth/services/activation-plans.service.test.ts	PROVEN:3
NECESSARY_BOUNDARY	LEGACY_ALIAS_TEST_FIXTURE	web:auth	(value/shape mapped by the reader; see reason)	chavePix,contatosEquipe,nomeCivil,notasInternas,tipoPerfil,titularConta	6	test fixture (simulates the legacy producer)	lyricsVocabulary compat mapper (old stored melancolico/narrativo/direto/misto values) and signup payload legacy key tests	Legacy Portuguese lyric analysis tokens are mapped to the English ids on read; the literals are the compat map keys and the tests proving it.	remove once no stored analysis output or lead metadata read path depends on the Portuguese tokens/keys (data census)	apps/web/src/modules/auth/pages/artist-registration-payload.test.ts	PROVEN:6
NECESSARY_BOUNDARY	LEGACY_ALIAS_TEST_FIXTURE	web:auth	(value/shape mapped by the reader; see reason)	agencia,distribuidora,editora,gravadora,outro,valor-desconhecido	6	test fixture (simulates the legacy producer)	legacy payloads and persisted rows still carrying the Portuguese name	Test fixture for the auth module asserting the legacy Portuguese value `agencia` is still accepted/mapped (read-compat, backfilled data); the literal is the input under test, not a technical name introduced by the product.	removed together with the legacy alias it exercises	apps/web/src/modules/auth/pages/Onboarding.legacy-wiring.test.tsx	PROVEN:6
NECESSARY_BOUNDARY	LEGACY_ALIAS_TEST_FIXTURE	web:auth	(value/shape mapped by the reader; see reason)	anual,mensal,p-anual,p-mensal,selo-teste	5	test fixture (simulates the legacy producer)	legacy payloads and persisted rows still carrying the Portuguese name	Test fixture for the auth module asserting the legacy Portuguese value `anual` is still accepted/mapped (read-compat, backfilled data); the literal is the input under test, not a technical name introduced by the product.	removed together with the legacy alias it exercises	apps/web/src/modules/auth/pages/Register.legacy-wiring.test.tsx	PROVEN:5
NECESSARY_BOUNDARY	LEGACY_ALIAS_TEST_FIXTURE	web:catalog	(value/shape mapped by the reader; see reason)	compositores,interpretes,produtores	3	test fixture (simulates the legacy producer)	artist-legacy-fields.ts LEGACY_DISTRIBUTOR_IDS, web distributor-id.ts, migration 20260930000027 and tests proving the mapping	Legacy distributor id outros is mapped to other on input and read; jsonb rows are rewritten by the backfill; the literals are the map keys and the migration/tests fixtures.	remove once migration 20260930000027 ran everywhere and the residue preflight returns 0 rows; old selected_distributors map keys are gone	apps/web/src/modules/catalog/lib/phonogram-participants.test.ts	PROVEN:3
NECESSARY_BOUNDARY	LEGACY_ALIAS_TEST_FIXTURE	web:catalog	NC-016 `name`	nome,produtores,obra-7,option-work-obra-7	6	test fixture (simulates the legacy producer)	end users following pre-rename links	Test fixture asserting the legacy Portuguese value is still accepted/mapped (read-compat, backfilled data); the literal is the input under test, not a technical name introduced by the product.	removed together with the legacy alias it exercises	apps/web/src/modules/catalog/components/PhonogramFormModal.legacy-compat.test.tsx	PROVEN:6
NECESSARY_BOUNDARY	LEGACY_ALIAS_TEST_FIXTURE	web:catalog	(value/shape mapped by the reader; see reason)	portugues,sim	2	test fixture (simulates the legacy producer)	legacy payloads and persisted rows still carrying the Portuguese name	Test fixture for the catalog module asserting the legacy Portuguese value `portugues` is still accepted/mapped (read-compat, backfilled data); the literal is the input under test, not a technical name introduced by the product.	removed together with the legacy alias it exercises	apps/web/src/modules/catalog/pages/MusicRegistration.legacy-wiring.test.tsx	PROVEN:2
NECESSARY_BOUNDARY	LEGACY_ALIAS_TEST_FIXTURE	web:contracts	(value/shape mapped by the reader; see reason)	artista,misto,pessoa_fisica,pessoa_juridica,recorrente,trimestral,unico,valor_fixo	8	test fixture (simulates the legacy producer)	contract-service-types API (deprecated input mapping) and the contracts web form; rows persisted before migration 20260930000002	Deprecated Portuguese contract service type values are still accepted at the API boundary and mapped to the canonical English values (which are the only ones persisted and returned); the literals must appear in the map and in the tests proving the mapping.	remove the legacy value map after every environment ran migration 20260930000002 and the web release that sends canonical values is deployed everywhere	apps/web/src/modules/contracts/lib/contract-service-type-vocabulary.test.ts	PROVEN:8
NECESSARY_BOUNDARY	LEGACY_ALIAS_TEST_FIXTURE	web:contracts	(value/shape mapped by the reader; see reason)	agenciamento,empresariamento_360,gravacao,outros,semantico	5	test fixture (simulates the legacy producer)	contract-category-slugs.ts (API and web) legacy readers, contract list IN-match filters, transactions category reader, wizard draft readers, migration 20260930000017	Platform-owned category slugs are written in English; legacy Portuguese slugs, the external-rights phrase and legacy wizard draft keys stay as read aliases so existing rows, drafts and old clients resolve; tenant-created slugs are untouched.	remove once the category-slug and external-rights backfills ran everywhere, no stored wizard draft carries Portuguese keys (data census in contract-drafts-census.md) and old web builds are gone	apps/web/src/modules/contracts/lib/contract-type-filter.test.ts	PROVEN:5
NECESSARY_BOUNDARY	LEGACY_ALIAS_TEST_FIXTURE	web:contracts	(value/shape mapped by the reader; see reason)	distribuicao,empresariamento_360,gestao,gravacao,outros,producao	6	test fixture (simulates the legacy producer)	the compat reader under test	Test literal proving the legacy Portuguese value is still READ and mapped to the canonical English one	removed together with the legacy reader it covers	apps/web/src/modules/contracts/hooks/contract-category-label.test.ts	PROVEN:6
NECESSARY_BOUNDARY	LEGACY_ALIAS_TEST_FIXTURE	web:contracts	(value/shape mapped by the reader; see reason)	artista,empresario,produtor	3	test fixture (simulates the legacy producer)	the compat reader under test	Test literal proving the legacy Portuguese value is still READ and mapped to the canonical English one	removed together with the legacy reader it covers	apps/web/src/modules/contracts/lib/contract-signer-roles.test.ts	PROVEN:3
NECESSARY_BOUNDARY	LEGACY_ALIAS_TEST_FIXTURE	web:contracts	(value/shape mapped by the reader; see reason)	assinatura,exclusiva,financeiro,licenca,nao_exclusiva,obra_musical,participantes,personalizada (+4)	12	test fixture (simulates the legacy producer)	the compat reader under test	Test literal proving the legacy Portuguese value is still READ and mapped to the canonical English one	removed together with the legacy reader it covers	apps/web/src/modules/contracts/lib/contract-variable-vocabulary.test.ts	PROVEN:12
NECESSARY_BOUNDARY	LEGACY_ALIAS_TEST_FIXTURE	web:contracts	(value/shape mapped by the reader; see reason)	cessao_direitos	1	test fixture (simulates the legacy producer)	contractCategoryLabel over the browser (localStorage) category registry	Category registries already stored in users' browsers still carry the legacy platform slugs; the test proves the label hook resolves them while the platform now writes the canonical slug.	remove once no browser category registry holds a legacy slug (registry moves server-side or is migrated on load)	apps/web/src/modules/contracts/hooks/contract-category-label.test.ts	PROVEN:1
NECESSARY_BOUNDARY	LEGACY_ALIAS_TEST_FIXTURE	web:contracts	(value/shape mapped by the reader; see reason)	semantico	1	test fixture (simulates the legacy producer)	contractCategoryLabel over the browser (localStorage) category registry	Same boundary as `cessao_direitos`: a legacy slug in an already-stored browser registry still resolves to its PT-BR label.	remove once no browser category registry holds a legacy slug	apps/web/src/modules/contracts/hooks/contract-category-label.test.ts	PROVEN:1
NECESSARY_BOUNDARY	LEGACY_ALIAS_TEST_FIXTURE	web:contracts	NC-016 `name`; NC-021 `sortOrder`	estado_civil,estado_civil_representante,nome,obrigatorio,ordem,artista,artistas,canonico (+22)	35	test fixture (simulates the legacy producer)	end users following pre-rename links	Test fixture asserting the legacy Portuguese value is still accepted/mapped (read-compat, backfilled data); the literal is the input under test, not a technical name introduced by the product.	removed together with the legacy alias it exercises	apps/web/src/modules/contracts/lib/contract-wizard-party.legacy-compat.test.ts	PROVEN:35
NECESSARY_BOUNDARY	LEGACY_ALIAS_TEST_FIXTURE	web:contracts	(value/shape mapped by the reader; see reason)	agenciamento,cessao_direitos,distribuicao,edicao,empresariamento,empresariamento_360,exclusividade,gestao (+12)	20	test fixture (simulates the legacy producer)	end users following pre-rename links	Test fixture asserting the legacy Portuguese value is still accepted/mapped (read-compat, backfilled data); the literal is the input under test, not a technical name introduced by the product.	removed together with the legacy alias it exercises	apps/web/src/modules/contracts/components/ContractFormModal.legacy-compat.test.tsx	PROVEN:20
NECESSARY_BOUNDARY	LEGACY_ALIAS_TEST_FIXTURE	web:contracts	(value/shape mapped by the reader; see reason)	anual,mensal	2	test fixture (simulates the legacy producer)	end users following pre-rename links	Test fixture asserting the legacy Portuguese value is still accepted/mapped (read-compat, backfilled data); the literal is the input under test, not a technical name introduced by the product.	removed together with the legacy alias it exercises	apps/web/src/modules/contracts/lib/contract-service-type-vocabulary.legacy-compat.test.ts	PROVEN:2
NECESSARY_BOUNDARY	LEGACY_ALIAS_TEST_FIXTURE	web:contracts	NC-016 `name`	estado_civil,cpf_representante,endereco,endereco_representante,estado_civil_representante,nacionalidade,nacionalidade_representante,nome (+16)	26	test fixture (simulates the legacy producer)	the compatibility test itself	Test input or assertion over a legacy Portuguese name that the compatibility reader still accepts; the name is the data under test, not a technical name the product introduces.	removed together with the legacy alias it exercises	apps/web/src/modules/contracts/lib/contract-wizard-party.test.ts	PROVEN:26
NECESSARY_BOUNDARY	LEGACY_ALIAS_TEST_FIXTURE	web:contracts	(value/shape mapped by the reader; see reason)	cessao_direitos,distribuicao,exclusividade,gestao,gravacao,licenciamento,outro,outros (+4)	12	test fixture (simulates the legacy producer)	legacy payloads and persisted rows still carrying the Portuguese name	Test fixture for the contracts module asserting the legacy Portuguese value `cessao_direitos` is still accepted/mapped (read-compat, backfilled data); the literal is the input under test, not a technical name introduced by the product.	removed together with the legacy alias it exercises	apps/web/src/modules/contracts/lib/contract-category-slugs.test.ts	PROVEN:12
NECESSARY_BOUNDARY	LEGACY_ALIAS_TEST_FIXTURE	web:contracts	NC-016 `name`	ARTISTA,CONJUGE,CONTRATANTE,EMPRESA,OUTRA,TESTEMUNHA,estado,fone (+4)	16	test fixture (simulates the legacy producer)	legacy payloads and persisted rows still carrying the Portuguese name	Test fixture for the contracts module asserting the legacy Portuguese value `ARTISTA` is still accepted/mapped (read-compat, backfilled data); the literal is the input under test, not a technical name introduced by the product.	removed together with the legacy alias it exercises	apps/web/src/modules/contracts/components/ContractWizard.legacy-wiring.test.tsx	PROVEN:16
NECESSARY_BOUNDARY	LEGACY_ALIAS_TEST_FIXTURE	web:contracts	(value/shape mapped by the reader; see reason)	desconhecido,gestao,obriga	3	test fixture (simulates the legacy producer)	legacy payloads and persisted rows still carrying the Portuguese name	Test fixture for the contracts module asserting the legacy Portuguese value `desconhecido` is still accepted/mapped (read-compat, backfilled data); the literal is the input under test, not a technical name introduced by the product.	removed together with the legacy alias it exercises	apps/web/src/modules/contracts/components/ContractFormModal.legacy-wiring.test.tsx	PROVEN:3
NECESSARY_BOUNDARY	LEGACY_ALIAS_TEST_FIXTURE	web:contracts	(value/shape mapped by the reader; see reason)	acao,cessao	2	test fixture (simulates the legacy producer)	legacy payloads and persisted rows still carrying the Portuguese name	Test fixture for the contracts module asserting the legacy Portuguese value `acao` is still accepted/mapped (read-compat, backfilled data); the literal is the input under test, not a technical name introduced by the product.	removed together with the legacy alias it exercises	apps/web/src/modules/contracts/components/ContractViewModal.legacy-wiring.test.tsx	PROVEN:2
NECESSARY_BOUNDARY	LEGACY_ALIAS_TEST_FIXTURE	web:contracts	(value/shape mapped by the reader; see reason)	antes,assina,categoria_desconhecida,nao,pessoa,valor	6	test fixture (simulates the legacy producer)	legacy payloads and persisted rows still carrying the Portuguese name	Test fixture for the contracts module asserting the legacy Portuguese value `antes` is still accepted/mapped (read-compat, backfilled data); the literal is the input under test, not a technical name introduced by the product.	removed together with the legacy alias it exercises	apps/web/src/modules/contracts/hooks/useContractServiceTypes.legacy-wiring.test.tsx	PROVEN:6
NECESSARY_BOUNDARY	LEGACY_ALIAS_TEST_FIXTURE	web:contracts	(value/shape mapped by the reader; see reason)	outros,tico	2	test fixture (simulates the legacy producer)	legacy payloads and persisted rows still carrying the Portuguese name	Test fixture for the contracts module asserting the legacy Portuguese value `outros` is still accepted/mapped (read-compat, backfilled data); the literal is the input under test, not a technical name introduced by the product.	removed together with the legacy alias it exercises	apps/web/src/modules/contracts/pages/ContractTemplates.legacy-wiring.test.tsx	PROVEN:2
NECESSARY_BOUNDARY	LEGACY_ALIAS_TEST_FIXTURE	web:contracts	(value/shape mapped by the reader; see reason)	acao,cessao_direitos	2	test fixture (simulates the legacy producer)	legacy payloads and persisted rows still carrying the Portuguese name	Test fixture for the contracts module asserting the legacy Portuguese value `acao` is still accepted/mapped (read-compat, backfilled data); the literal is the input under test, not a technical name introduced by the product.	removed together with the legacy alias it exercises	apps/web/src/modules/contracts/pages/Contracts.legacy-wiring.test.tsx	PROVEN:2
NECESSARY_BOUNDARY	LEGACY_ALIAS_TEST_FIXTURE	web:crm-relationships	(value/shape mapped by the reader; see reason)	advogado,agencia,agencia_de_booking,agencia_de_modelos,agencia_de_publicidade,artista_banda,banco,cartorio (+40)	48	test fixture (simulates the legacy producer)	end users following pre-rename links	Test fixture asserting the legacy Portuguese value is still accepted/mapped (read-compat, backfilled data); the literal is the input under test, not a technical name introduced by the product.	removed together with the legacy alias it exercises	apps/web/src/modules/crm-relationships/constants/contact-classification.legacy-compat.test.ts	PROVEN:48
NECESSARY_BOUNDARY	LEGACY_ALIAS_TEST_FIXTURE	web:crm-relationships	(value/shape mapped by the reader; see reason)	bairro,cep,complemento,erro,localidade,logradouro,uf,artista (+1)	9	test fixture (simulates the legacy producer)	legacy payloads and persisted rows still carrying the Portuguese name	Test fixture for the crm-relationships module asserting the legacy Portuguese value `bairro` is still accepted/mapped (read-compat, backfilled data); the literal is the input under test, not a technical name introduced by the product.	removed together with the legacy alias it exercises	apps/web/src/modules/crm-relationships/modals/ContactFormModal.legacy-wiring.test.tsx	PROVEN:9
NECESSARY_BOUNDARY	LEGACY_ALIAS_TEST_FIXTURE	web:crm-relationships	(value/shape mapped by the reader; see reason)	artista,contratante,empresario,perfil_desconhecido,pessoa	5	test fixture (simulates the legacy producer)	legacy payloads and persisted rows still carrying the Portuguese name	Test fixture for the crm-relationships module asserting the legacy Portuguese value `artista` is still accepted/mapped (read-compat, backfilled data); the literal is the input under test, not a technical name introduced by the product.	removed together with the legacy alias it exercises	apps/web/src/modules/crm-relationships/modals/ContactViewModal.legacy-wiring.test.tsx	PROVEN:5
NECESSARY_BOUNDARY	LEGACY_ALIAS_TEST_FIXTURE	web:crm-relationships	(value/shape mapped by the reader; see reason)	VIDEOMAKER,videomaker	2	test fixture (simulates the legacy producer)	crm-relationships constants/types	Behavioral test of the individual contact type options: the slug is a persisted platform value, near-miss casings asserted rejected.	remove when contact types get English slugs with dual-read and backfill	apps/web/src/modules/crm-relationships/constants/contact-type-options.test.ts	PROVEN:2
NECESSARY_BOUNDARY	LEGACY_ALIAS_TEST_FIXTURE	web:crm-relationships	(value/shape mapped by the reader; see reason)	VIDEOMAKER	1	test fixture (simulates the legacy producer)	crm-relationships option catalogs (labelFor) and hr departments	Rendering test: the persisted legacy platform value (contact category slug or department name) is the input under test; the test asserts the PT-BR label shown to the user and that the raw value is never displayed.	remove when contact categories and departments get canonical English ids with dual-read and backfill	apps/web/src/modules/crm-relationships/components/ContactsTable.labels.test.tsx	PROVEN:1
NECESSARY_BOUNDARY	LEGACY_ALIAS_TEST_FIXTURE	web:dashboard	(value/shape mapped by the reader; see reason)	nome_artistico,artistas,contratos,obras	4	test fixture (simulates the legacy producer)	legacy payloads and persisted rows still carrying the Portuguese name	Test fixture for the dashboard module asserting the legacy Portuguese value `nome_artistico` is still accepted/mapped (read-compat, backfilled data); the literal is the input under test, not a technical name introduced by the product.	removed together with the legacy alias it exercises	apps/web/src/modules/dashboard/pages/Dashboard.legacy-wiring.test.tsx	PROVEN:4
NECESSARY_BOUNDARY	LEGACY_ALIAS_TEST_FIXTURE	web:events	(value/shape mapped by the reader; see reason)	publico_esperado,horario_inicio	2	test fixture (simulates the legacy producer)	users re-importing agenda spreadsheets exported before CZ-028	CZ-028: agenda exports now use PT-BR human headers; the snake_case headers written by earlier exports (and hand-typed variants) stay accepted on import so spreadsheets users already hold keep importing.	remove LEGACY_AGENDA_HEADERS after 2027-03-31 (six months of exports with PT-BR headers)	apps/web/src/modules/events/lib/agenda-spreadsheet.test.ts	PROVEN:2
NECESSARY_BOUNDARY	LEGACY_ALIAS_TEST_FIXTURE	web:events	NC-013 `description`; NC-012 `notes`	atual,capacidade,descricao,horario_fim,observacoes,participantes,tipo_evento,valor-legado (+2)	10	test fixture (simulates the legacy producer)	end users following pre-rename links	Test fixture asserting the legacy Portuguese value is still accepted/mapped (read-compat, backfilled data); the literal is the input under test, not a technical name introduced by the product.	removed together with the legacy alias it exercises	apps/web/src/modules/events/lib/agenda-spreadsheet.legacy-compat.test.ts	PROVEN:10
NECESSARY_BOUNDARY	LEGACY_ALIAS_TEST_FIXTURE	web:events	(value/shape mapped by the reader; see reason)	entrevista,evento_corporativo,gravacao,gravacoes,lancamento,reuniao,rodeio,show_teatro (+2)	10	test fixture (simulates the legacy producer)	end users following pre-rename links	Test fixture asserting the legacy Portuguese value is still accepted/mapped (read-compat, backfilled data); the literal is the input under test, not a technical name introduced by the product.	removed together with the legacy alias it exercises	apps/web/src/modules/events/lib/event-type.legacy-compat.test.ts	PROVEN:10
NECESSARY_BOUNDARY	LEGACY_ALIAS_TEST_FIXTURE	web:events	(value/shape mapped by the reader; see reason)	reu,valor_desconhecido	2	test fixture (simulates the legacy producer)	legacy payloads and persisted rows still carrying the Portuguese name	Test fixture for the events module asserting the legacy Portuguese value `reu` is still accepted/mapped (read-compat, backfilled data); the literal is the input under test, not a technical name introduced by the product.	removed together with the legacy alias it exercises	apps/web/src/modules/events/components/SchedulerFormModal.legacy-wiring.test.tsx	PROVEN:2
NECESSARY_BOUNDARY	LEGACY_ALIAS_TEST_FIXTURE	web:events	(value/shape mapped by the reader; see reason)	reu,producao,programas,sessoes,vistas	5	test fixture (simulates the legacy producer)	legacy payloads and persisted rows still carrying the Portuguese name	Test fixture for the events module asserting the legacy Portuguese value `reu` is still accepted/mapped (read-compat, backfilled data); the literal is the input under test, not a technical name introduced by the product.	removed together with the legacy alias it exercises	apps/web/src/modules/events/lib/event-type.legacy-wiring.test.ts	PROVEN:5
NECESSARY_BOUNDARY	LEGACY_ALIAS_TEST_FIXTURE	web:events	(value/shape mapped by the reader; see reason)	reu	1	test fixture (simulates the legacy producer)	legacy payloads and persisted rows still carrying the Portuguese name	Test fixture for the events module asserting the legacy Portuguese value `reu` is still accepted/mapped (read-compat, backfilled data); the literal is the input under test, not a technical name introduced by the product.	removed together with the legacy alias it exercises	apps/web/src/modules/events/pages/Schedule.legacy-wiring.test.tsx	PROVEN:1
NECESSARY_BOUNDARY	LEGACY_ALIAS_TEST_FIXTURE	web:events	(value/shape mapped by the reader; see reason)	SESSOES	1	test fixture (simulates the legacy producer)	normalizeToBackendType / canonicalEventCategory	Test fixture: legacy Portuguese event type slug `SESSOES_ESTUDIO` stored in events before the rename; it simulates the pre-rename producer so the compatibility reader is proven to resolve it to the English canonical value. The Portuguese literal must appear for the assertion to detect a regression.	delete together with normalizeToBackendType / canonicalEventCategory once no persisted row, stored document or released client can still carry the Portuguese value	apps/web/src/modules/events/lib/event-type.legacy-wiring.test.ts	PROVEN:1
NECESSARY_BOUNDARY	LEGACY_ALIAS_TEST_FIXTURE	web:events	(value/shape mapped by the reader; see reason)	SESSOES_ESTUDIO	1	test fixture (simulates the legacy producer)	normalizeToBackendType / canonicalEventCategory	Test fixture: legacy Portuguese event type slug `SESSOES_ESTUDIO` stored in events before the rename; it simulates the pre-rename producer so the compatibility reader is proven to resolve it to the English canonical value. The Portuguese literal must appear for the assertion to detect a regression.	delete together with normalizeToBackendType / canonicalEventCategory once no persisted row, stored document or released client can still carry the Portuguese value	apps/web/src/modules/events/lib/event-type.test.ts	PROVEN:1
NECESSARY_BOUNDARY	LEGACY_ALIAS_TEST_FIXTURE	web:events	(value/shape mapped by the reader; see reason)	VIDEOMAKER	1	test fixture (simulates the legacy producer)	crm-relationships option catalogs (labelFor) and hr departments	Rendering test: the persisted legacy platform value (contact category slug or department name) is the input under test; the test asserts the PT-BR label shown to the user and that the raw value is never displayed.	remove when contact categories and departments get canonical English ids with dual-read and backfill	apps/web/src/modules/events/hooks/useScheduleParticipants.contact-category.test.tsx	PROVEN:1
NECESSARY_BOUNDARY	LEGACY_ALIAS_TEST_FIXTURE	web:hr	(value/shape mapped by the reader; see reason)	data_nascimento,endereco	2	test fixture (simulates the legacy producer)	end users following pre-rename links	Test fixture asserting the legacy Portuguese value is still accepted/mapped (read-compat, backfilled data); the literal is the input under test, not a technical name introduced by the product.	removed together with the legacy alias it exercises	apps/web/src/modules/hr/components/EmployeeFormModal.no-unpersisted-pii.test.tsx	PROVEN:2
NECESSARY_BOUNDARY	LEGACY_ALIAS_TEST_FIXTURE	web:hr	(value/shape mapped by the reader; see reason)	setor	1	test fixture (simulates the legacy producer)	the compatibility test itself	Test input or assertion over a legacy Portuguese name that the compatibility reader still accepts; the name is the data under test, not a technical name the product introduces.	removed together with the legacy alias it exercises	apps/web/src/modules/hr/hooks/useHRPaginated.department-filter.test.tsx	PROVEN:1
NECESSARY_BOUNDARY	LEGACY_ALIAS_TEST_FIXTURE	web:hr	(value/shape mapped by the reader; see reason)	RH,administrativo,rh	3	test fixture (simulates the legacy producer)	hr/hooks/useEmployees.ts DEPARTMENTS	Behavioral test of DEPARTMENTS: persisted employees.department values asserted exactly, with near-misses rejected.	remove when departments get canonical English ids with backfill	apps/web/src/modules/hr/hooks/useEmployees.departments.test.ts	PROVEN:3
NECESSARY_BOUNDARY	LEGACY_ALIAS_TEST_FIXTURE	web:hr	(value/shape mapped by the reader; see reason)	Financeiro	1	test fixture (simulates the legacy producer)	crm-relationships option catalogs (labelFor) and hr departments	Rendering test: the persisted legacy platform value (contact category slug or department name) is the input under test; the test asserts the PT-BR label shown to the user and that the raw value is never displayed.	remove when contact categories and departments get canonical English ids with dual-read and backfill	apps/web/src/modules/hr/pages/HR.employees-loading.test.tsx	PROVEN:1
NECESSARY_BOUNDARY	LEGACY_ALIAS_TEST_FIXTURE	web:integrations	(value/shape mapped by the reader; see reason)	proprio	1	test fixture (simulates the legacy producer)	end users following pre-rename links	Test fixture asserting the legacy Portuguese value is still accepted/mapped (read-compat, backfilled data); the literal is the input under test, not a technical name introduced by the product.	removed together with the legacy alias it exercises	apps/web/src/modules/integrations/hooks/useNfe.legacy-compat.test.ts	PROVEN:1
NECESSARY_BOUNDARY	LEGACY_ALIAS_TEST_FIXTURE	web:integrations	(value/shape mapped by the reader; see reason)	proprio	1	test fixture (simulates the legacy producer)	legacy payloads and persisted rows still carrying the Portuguese name	Test fixture for the integrations module asserting the legacy Portuguese value `proprio` is still accepted/mapped (read-compat, backfilled data); the literal is the input under test, not a technical name introduced by the product.	removed together with the legacy alias it exercises	apps/web/src/modules/integrations/components/NfeConfigDialog.legacy-wiring.test.tsx	PROVEN:1
NECESSARY_BOUNDARY	LEGACY_ALIAS_TEST_FIXTURE	web:leads	(value/shape mapped by the reader; see reason)	novo,proposta	2	test fixture (simulates the legacy producer)	legacy payloads and persisted rows still carrying the Portuguese name	Test fixture for the leads module asserting the legacy Portuguese value `novo` is still accepted/mapped (read-compat, backfilled data); the literal is the input under test, not a technical name introduced by the product.	removed together with the legacy alias it exercises	apps/web/src/modules/leads/components/index.legacy-wiring.test.tsx	PROVEN:2
NECESSARY_BOUNDARY	LEGACY_ALIAS_TEST_FIXTURE	web:leads	(value/shape mapped by the reader; see reason)	novo	1	test fixture (simulates the legacy producer)	legacy payloads and persisted rows still carrying the Portuguese name	Test fixture for the leads module asserting the legacy Portuguese value `novo` is still accepted/mapped (read-compat, backfilled data); the literal is the input under test, not a technical name introduced by the product.	removed together with the legacy alias it exercises	apps/web/src/modules/leads/modals/LeadFormModal.legacy-wiring.test.tsx	PROVEN:1
NECESSARY_BOUNDARY	LEGACY_ALIAS_TEST_FIXTURE	web:marketing	(value/shape mapped by the reader; see reason)	(whole file)	1	test fixture (simulates the legacy producer)	marketing_projects rows written by pre-CZ-046 web builds	CZ-046: compatibility test — feeds the legacy Portuguese priorities on purpose.	remove with marketing-legacy-vocabulary.ts	apps/web/src/modules/marketing/services/marketing.tasks-vocabulary.test.ts	PROVEN:1
NECESSARY_BOUNDARY	LEGACY_ALIAS_TEST_FIXTURE	web:marketing	(value/shape mapped by the reader; see reason)	bastidores,campanha_institucional,campanha_promocional,cancelado,comunicacao_externa,comunicacao_interna,concluido,conteudo_corporativo (+12)	20	test fixture (simulates the legacy producer)	marketing-vocabulary mappers (API Transform and web wire/constants), marketing DTO deprecated aliases, migration 20260930000026 match lists and tests	Legacy Portuguese marketing slugs persisted in jsonb/varchar columns are mapped to the canonical English vocabulary on input and read; writes use canonical values; the literals are the alias map keys, the migration match lists and the tests proving the mapping.	remove once migration 20260930000026 ran everywhere, the metadata residue preflight returns 0 rows and old clients are gone	apps/web/src/modules/marketing/services/marketing-project-wire.test.ts	PROVEN:20
NECESSARY_BOUNDARY	LEGACY_ALIAS_TEST_FIXTURE	web:marketing	(value/shape mapped by the reader; see reason)	arte_promocional,capa	2	test fixture (simulates the legacy producer)	marketing-vocabulary mappers (API Transform and web wire/constants), marketing DTO deprecated aliases, migration 20260930000026 match lists and tests	Legacy Portuguese marketing slugs persisted in jsonb/varchar columns are mapped to the canonical English vocabulary on input and read; writes use canonical values; the literals are the alias map keys, the migration match lists and the tests proving the mapping.	remove once migration 20260930000026 ran everywhere, the metadata residue preflight returns 0 rows and old clients are gone	apps/web/src/modules/marketing/services/marketing-asset-wire.test.ts	PROVEN:2
NECESSARY_BOUNDARY	LEGACY_ALIAS_TEST_FIXTURE	web:marketing	(value/shape mapped by the reader; see reason)	agendada,ativa,cancelada,concluida,pausada,rascunho	6	test fixture (simulates the legacy producer)	marketing-vocabulary mappers (API Transform and web wire/constants), marketing DTO deprecated aliases, migration 20260930000026 match lists and tests	Legacy Portuguese marketing slugs persisted in jsonb/varchar columns are mapped to the canonical English vocabulary on input and read; writes use canonical values; the literals are the alias map keys, the migration match lists and the tests proving the mapping.	remove once migration 20260930000026 ran everywhere, the metadata residue preflight returns 0 rows and old clients are gone	apps/web/src/modules/marketing/services/marketing.campaign-status.test.ts	PROVEN:6
NECESSARY_BOUNDARY	LEGACY_ALIAS_TEST_FIXTURE	web:marketing	(value/shape mapped by the reader; see reason)	analise_artista,arte_divulgacao,artista,bastidores,campanha,capa,em_andamento,lancamento_musical (+4)	12	test fixture (simulates the legacy producer)	marketing-vocabulary mappers (API Transform and web wire/constants), marketing DTO deprecated aliases, migration 20260930000026 match lists and tests	Legacy Portuguese marketing slugs persisted in jsonb/varchar columns are mapped to the canonical English vocabulary on input and read; writes use canonical values; the literals are the alias map keys, the migration match lists and the tests proving the mapping.	remove once migration 20260930000026 ran everywhere, the metadata residue preflight returns 0 rows and old clients are gone	apps/web/src/modules/marketing/services/marketing.mk2-vocabulary.test.ts	PROVEN:12
NECESSARY_BOUNDARY	LEGACY_ALIAS_TEST_FIXTURE	web:marketing	(value/shape mapped by the reader; see reason)	alegre,alta,pendente	3	test fixture (simulates the legacy producer)	marketing-vocabulary mappers (API Transform and web wire/constants), marketing DTO deprecated aliases, migration 20260930000026 match lists and tests	Legacy Portuguese marketing slugs persisted in jsonb/varchar columns are mapped to the canonical English vocabulary on input and read; writes use canonical values; the literals are the alias map keys, the migration match lists and the tests proving the mapping.	remove once migration 20260930000026 ran everywhere, the metadata residue preflight returns 0 rows and old clients are gone	apps/web/src/modules/marketing/services/musicIntelligenceEngine/pending.test.ts	PROVEN:3
NECESSARY_BOUNDARY	LEGACY_ALIAS_TEST_FIXTURE	web:marketing	(value/shape mapped by the reader; see reason)	material_publicitario,portal_noticias	2	test fixture (simulates the legacy producer)	marketing-vocabulary mappers (API Transform and web wire/constants), marketing DTO deprecated aliases, migration 20260930000026 match lists and tests	Legacy Portuguese marketing slugs persisted in jsonb/varchar columns are mapped to the canonical English vocabulary on input and read; writes use canonical values; the literals are the alias map keys, the migration match lists and the tests proving the mapping.	remove once migration 20260930000026 ran everywhere, the metadata residue preflight returns 0 rows and old clients are gone	apps/web/src/modules/marketing/utils/marketing-legacy-vocabulary.mk2.test.ts	PROVEN:2
NECESSARY_BOUNDARY	LEGACY_ALIAS_TEST_FIXTURE	web:marketing	(value/shape mapped by the reader; see reason)	emocionais,melancolico,misto,narrativo,positivo	5	test fixture (simulates the legacy producer)	lyricsVocabulary compat mapper (old stored melancolico/narrativo/direto/misto values) and signup payload legacy key tests	Legacy Portuguese lyric analysis tokens are mapped to the English ids on read; the literals are the compat map keys and the tests proving it.	remove once no stored analysis output or lead metadata read path depends on the Portuguese tokens/keys (data census)	apps/web/src/modules/marketing/services/musicIntelligenceEngine/lyricsVocabulary.test.ts	PROVEN:5
NECESSARY_BOUNDARY	LEGACY_ALIAS_TEST_FIXTURE	web:marketing	(value/shape mapped by the reader; see reason)	conteudo,operacoes	2	test fixture (simulates the legacy producer)	the compat reader under test	Test literal proving the legacy Portuguese value is still READ and mapped to the canonical English one	removed together with the legacy reader it covers	apps/web/src/modules/marketing/utils/marketing-source-department.test.ts	PROVEN:2
NECESSARY_BOUNDARY	LEGACY_ALIAS_TEST_FIXTURE	web:marketing	(value/shape mapped by the reader; see reason)	alcance,captacao_leads,conversao,conversoes,crescimento_seguidores,engajamento,seguidores,trafego (+2)	10	test fixture (simulates the legacy producer)	end users following pre-rename links	Test fixture asserting the legacy Portuguese value is still accepted/mapped (read-compat, backfilled data); the literal is the input under test, not a technical name introduced by the product.	removed together with the legacy alias it exercises	apps/web/src/modules/marketing/components/campaign-builder/campaign-builder.helpers.legacy-compat.test.ts	PROVEN:10
NECESSARY_BOUNDARY	LEGACY_ALIAS_TEST_FIXTURE	web:marketing	(value/shape mapped by the reader; see reason)	direto,narrativo,irônico,melancolico,misto,positivo	6	test fixture (simulates the legacy producer)	end users following pre-rename links	Test fixture asserting the legacy Portuguese value is still accepted/mapped (read-compat, backfilled data); the literal is the input under test, not a technical name introduced by the product.	removed together with the legacy alias it exercises	apps/web/src/modules/marketing/services/musicIntelligenceEngine/lyricsVocabulary.legacy-compat.test.ts	PROVEN:6
NECESSARY_BOUNDARY	LEGACY_ALIAS_TEST_FIXTURE	web:marketing	(value/shape mapped by the reader; see reason)	gênero,letra,subgênero	3	test fixture (simulates the legacy producer)	end users following pre-rename links	Test fixture asserting the legacy Portuguese value is still accepted/mapped (read-compat, backfilled data); the literal is the input under test, not a technical name introduced by the product.	removed together with the legacy alias it exercises	apps/web/src/modules/marketing/services/musicIntelligenceEngine/missingDataVocabulary.test.ts	PROVEN:3
NECESSARY_BOUNDARY	LEGACY_ALIAS_TEST_FIXTURE	web:marketing	(value/shape mapped by the reader; see reason)	alta,execução,multicanal,planejamento	4	test fixture (simulates the legacy producer)	end users following pre-rename links	Test fixture asserting the legacy Portuguese value is still accepted/mapped (read-compat, backfilled data); the literal is the input under test, not a technical name introduced by the product.	removed together with the legacy alias it exercises	apps/web/src/modules/marketing/services/musicIntelligenceEngine/planningVocabulary.test.ts	PROVEN:4
NECESSARY_BOUNDARY	LEGACY_ALIAS_TEST_FIXTURE	web:marketing	(value/shape mapped by the reader; see reason)	conteudo,operacoes	3	test fixture (simulates the legacy producer)	end users following pre-rename links	Test fixture asserting the legacy Portuguese value is still accepted/mapped (read-compat, backfilled data); the literal is the input under test, not a technical name introduced by the product.	removed together with the legacy alias it exercises	apps/web/src/modules/marketing/utils/marketing-legacy-vocabulary.legacy-compat.test.ts	PROVEN:3
NECESSARY_BOUNDARY	LEGACY_ALIAS_TEST_FIXTURE	web:marketing	(value/shape mapped by the reader; see reason)	pendente	1	test fixture (simulates the legacy producer)	legacy payloads and persisted rows still carrying the Portuguese name	Test fixture for the marketing module asserting the legacy Portuguese value `pendente` is still accepted/mapped (read-compat, backfilled data); the literal is the input under test, not a technical name introduced by the product.	removed together with the legacy alias it exercises	apps/web/src/modules/marketing/components/ai-creative/PitchingTab.legacy-wiring.test.tsx	PROVEN:1
NECESSARY_BOUNDARY	LEGACY_ALIAS_TEST_FIXTURE	web:marketing	(value/shape mapped by the reader; see reason)	alcance	1	test fixture (simulates the legacy producer)	legacy payloads and persisted rows still carrying the Portuguese name	Test fixture for the marketing module asserting the legacy Portuguese value `alcance` is still accepted/mapped (read-compat, backfilled data); the literal is the input under test, not a technical name introduced by the product.	removed together with the legacy alias it exercises	apps/web/src/modules/marketing/components/campaign-builder/CampaignBuilderModal.legacy-wiring.test.tsx	PROVEN:1
NECESSARY_BOUNDARY	LEGACY_ALIAS_TEST_FIXTURE	web:marketing	(value/shape mapped by the reader; see reason)	alcance	1	test fixture (simulates the legacy producer)	legacy payloads and persisted rows still carrying the Portuguese name	Test fixture for the marketing module asserting the legacy Portuguese value `alcance` is still accepted/mapped (read-compat, backfilled data); the literal is the input under test, not a technical name introduced by the product.	removed together with the legacy alias it exercises	apps/web/src/modules/marketing/components/campaign-builder/CampaignSummaryPanel.legacy-wiring.test.tsx	PROVEN:1
NECESSARY_BOUNDARY	LEGACY_ALIAS_TEST_FIXTURE	web:marketing	(value/shape mapped by the reader; see reason)	catalogo,custo_alvo,lancamento,limite_custo,menor_custo,pre_lancamento,sustentacao	7	test fixture (simulates the legacy producer)	legacy payloads and persisted rows still carrying the Portuguese name	Test fixture for the marketing module asserting the legacy Portuguese value `catalogo` is still accepted/mapped (read-compat, backfilled data); the literal is the input under test, not a technical name introduced by the product.	removed together with the legacy alias it exercises	apps/web/src/modules/marketing/components/campaign-builder/campaign-builder.helpers.legacy-wiring.test.ts	PROVEN:7
NECESSARY_BOUNDARY	LEGACY_ALIAS_TEST_FIXTURE	web:marketing	(value/shape mapped by the reader; see reason)	conteudo,operacoes	2	test fixture (simulates the legacy producer)	legacy payloads and persisted rows still carrying the Portuguese name	Test fixture for the marketing module asserting the legacy Portuguese value `conteudo` is still accepted/mapped (read-compat, backfilled data); the literal is the input under test, not a technical name introduced by the product.	removed together with the legacy alias it exercises	apps/web/src/modules/marketing/hooks/useMarketingAssets.legacy-wiring.test.tsx	PROVEN:2
NECESSARY_BOUNDARY	LEGACY_ALIAS_TEST_FIXTURE	web:marketing	(value/shape mapped by the reader; see reason)	campanha,conteudo,filter-Tipo	3	test fixture (simulates the legacy producer)	legacy payloads and persisted rows still carrying the Portuguese name	Test fixture for the marketing module asserting the legacy Portuguese value `campanha` is still accepted/mapped (read-compat, backfilled data); the literal is the input under test, not a technical name introduced by the product.	removed together with the legacy alias it exercises	apps/web/src/modules/marketing/pages/Briefing.legacy-wiring.test.tsx	PROVEN:3
NECESSARY_BOUNDARY	LEGACY_ALIAS_TEST_FIXTURE	web:marketing	(value/shape mapped by the reader; see reason)	artista,campanha,projeto_musical	3	test fixture (simulates the legacy producer)	legacy payloads and persisted rows still carrying the Portuguese name	Test fixture for the marketing module asserting the legacy Portuguese value `artista` is still accepted/mapped (read-compat, backfilled data); the literal is the input under test, not a technical name introduced by the product.	removed together with the legacy alias it exercises	apps/web/src/modules/marketing/pages/Tasks.legacy-wiring.test.tsx	PROVEN:3
NECESSARY_BOUNDARY	LEGACY_ALIAS_TEST_FIXTURE	web:marketing	(value/shape mapped by the reader; see reason)	Administração Musical,Comunicação,Setor Livre,conteudo,flow-lancamento,flow-produto-saas,operacoes	7	test fixture (simulates the legacy producer)	legacy payloads and persisted rows still carrying the Portuguese name	Test fixture for the marketing module asserting the legacy Portuguese value `Administração Musical` is still accepted/mapped (read-compat, backfilled data); the literal is the input under test, not a technical name introduced by the product.	removed together with the legacy alias it exercises	apps/web/src/modules/marketing/services/marketing.service.legacy-wiring.test.ts	PROVEN:7
NECESSARY_BOUNDARY	LEGACY_ALIAS_TEST_FIXTURE	web:marketing	(value/shape mapped by the reader; see reason)	amor,calmo,positivo	3	test fixture (simulates the legacy producer)	legacy payloads and persisted rows still carrying the Portuguese name	Test fixture for the marketing module asserting the legacy Portuguese value `amor` is still accepted/mapped (read-compat, backfilled data); the literal is the input under test, not a technical name introduced by the product.	removed together with the legacy alias it exercises	apps/web/src/modules/marketing/services/musicIntelligenceEngine/generatePitching.legacy-wiring.test.ts	PROVEN:3
NECESSARY_BOUNDARY	LEGACY_ALIAS_TEST_FIXTURE	web:marketing	(value/shape mapped by the reader; see reason)	dançante,melancólico,pendente,tema	4	test fixture (simulates the legacy producer)	legacy payloads and persisted rows still carrying the Portuguese name	Test fixture for the marketing module asserting the legacy Portuguese value `dançante` is still accepted/mapped (read-compat, backfilled data); the literal is the input under test, not a technical name introduced by the product.	removed together with the legacy alias it exercises	apps/web/src/modules/marketing/services/musicIntelligenceEngine/mergeAudioLyricsInsights.legacy-wiring.test.ts	PROVEN:4
NECESSARY_BOUNDARY	LEGACY_ALIAS_TEST_FIXTURE	web:marketing	(value/shape mapped by the reader; see reason)	EMPRESA	1	test fixture (simulates the legacy producer)	canonicalMarketingTarget / marketing service payload canonicalization	Test fixture: deprecated Portuguese marketing target value `EMPRESA` stored in campaigns; it simulates the pre-rename producer so the compatibility reader is proven to resolve it to the English canonical value. The Portuguese literal must appear for the assertion to detect a regression.	delete together with canonicalMarketingTarget / marketing service payload canonicalization once no persisted row, stored document or released client can still carry the Portuguese value	apps/web/src/modules/marketing/services/marketing.mk2-vocabulary.test.ts	PROVEN:1
NECESSARY_BOUNDARY	LEGACY_ALIAS_TEST_FIXTURE	web:marketing	(value/shape mapped by the reader; see reason)	EMPRESA	1	test fixture (simulates the legacy producer)	canonicalMarketingTarget / marketing service payload canonicalization	Test fixture: deprecated Portuguese marketing target value `EMPRESA` stored in campaigns; it simulates the pre-rename producer so the compatibility reader is proven to resolve it to the English canonical value. The Portuguese literal must appear for the assertion to detect a regression.	delete together with canonicalMarketingTarget / marketing service payload canonicalization once no persisted row, stored document or released client can still carry the Portuguese value	apps/web/src/modules/marketing/utils/marketing-legacy-vocabulary.mk2.test.ts	PROVEN:1
NECESSARY_BOUNDARY	LEGACY_ALIAS_TEST_FIXTURE	web:monitoring	NC-020 `active`	ativo,pendente	2	test fixture (simulates the legacy producer)	legacy payloads and persisted rows still carrying the Portuguese name	Test fixture for the monitoring module asserting the legacy Portuguese value `ativo` is still accepted/mapped (read-compat, backfilled data); the literal is the input under test, not a technical name introduced by the product.	removed together with the legacy alias it exercises	apps/web/src/modules/monitoring/rights/components/DetectionDetailModal.legacy-wiring.test.tsx	PROVEN:2
NECESSARY_BOUNDARY	LEGACY_ALIAS_TEST_FIXTURE	web:musicchat	(value/shape mapped by the reader; see reason)	assunto	1	test fixture (simulates the legacy producer)	end users following pre-rename links	Test fixture asserting the legacy Portuguese value is still accepted/mapped (read-compat, backfilled data); the literal is the input under test, not a technical name introduced by the product.	removed together with the legacy alias it exercises	apps/web/src/modules/musicchat/services/conversations.service.legacy-compat.test.ts	PROVEN:1
NECESSARY_BOUNDARY	LEGACY_ALIAS_TEST_FIXTURE	web:projects	(value/shape mapped by the reader; see reason)	ingles,nao,não,portugues,sim	5	test fixture (simulates the legacy producer)	legacy payloads and persisted rows still carrying the Portuguese name	Test fixture for the projects module asserting the legacy Portuguese value `ingles` is still accepted/mapped (read-compat, backfilled data); the literal is the input under test, not a technical name introduced by the product.	removed together with the legacy alias it exercises	apps/web/src/modules/projects/components/ProjectFormModal.legacy-wiring.test.tsx	PROVEN:5
NECESSARY_BOUNDARY	LEGACY_ALIAS_TEST_FIXTURE	web:projects	(value/shape mapped by the reader; see reason)	ingles,portugues	2	test fixture (simulates the legacy producer)	legacy payloads and persisted rows still carrying the Portuguese name	Test fixture for the projects module asserting the legacy Portuguese value `ingles` is still accepted/mapped (read-compat, backfilled data); the literal is the input under test, not a technical name introduced by the product.	removed together with the legacy alias it exercises	apps/web/src/modules/projects/components/ProjectViewModal.legacy-wiring.test.tsx	PROVEN:2
NECESSARY_BOUNDARY	LEGACY_ALIAS_TEST_FIXTURE	web:releases	NC-016 `name`	artista,artistasAdicionais,artistasAdicionaisAlbum,compositores,copyrightDataGravacao,copyrightDataLancamento,faixas,generoSecundario (+9)	17	test fixture (simulates the legacy producer)	dual-read helpers and mappers (release metadata keys, asset type mapper, contract last-payment helper, plan feature keys, invoice payment method canonicalizer), migrations 20260930000019/21/23/24/25	Legacy Portuguese persisted keys and enum values are read through explicit mappers while every write uses canonical English; the literals are mapper keys, migration match lists and the tests/fixtures proving the mapping.	remove once the matching backfill migration ran in every environment, the residue preflight returns 0 and old clients/builds are gone	apps/web/src/modules/releases/lib/release-metadata.test.ts	PROVEN:17
NECESSARY_BOUNDARY	LEGACY_ALIAS_TEST_FIXTURE	web:releases	(value/shape mapped by the reader; see reason)	artistasAdicionais,artistasAdicionaisAlbum,copyrightDataGravacao,copyrightDataLancamento,generoSecundario,isVersionAlternativa,tipoVersao,variosArtistas	8	test fixture (simulates the legacy producer)	dual-read helpers and mappers (release metadata keys, asset type mapper, contract last-payment helper, plan feature keys, invoice payment method canonicalizer), migrations 20260930000019/21/23/24/25	Legacy Portuguese persisted keys and enum values are read through explicit mappers while every write uses canonical English; the literals are mapper keys, migration match lists and the tests/fixtures proving the mapping.	remove once the matching backfill migration ran in every environment, the residue preflight returns 0 and old clients/builds are gone	apps/web/src/modules/releases/components/ReleaseFormModal.persisted-keys.guard.test.ts	PROVEN:8
NECESSARY_BOUNDARY	LEGACY_ALIAS_TEST_FIXTURE	web:releases	NC-016 `name`	compositores,letra,nome,produtores,electronico,eletronica,eletronico	7	test fixture (simulates the legacy producer)	end users following pre-rename links	Test fixture asserting the legacy Portuguese value is still accepted/mapped (read-compat, backfilled data); the literal is the input under test, not a technical name introduced by the product.	removed together with the legacy alias it exercises	apps/web/src/modules/releases/components/ReleaseFormModal.legacy-compat.test.tsx	PROVEN:7
NECESSARY_BOUNDARY	LEGACY_ALIAS_TEST_FIXTURE	web:releases	NC-016 `name`	compositores,nome,produtores	4	test fixture (simulates the legacy producer)	end users following pre-rename links	Test fixture asserting the legacy Portuguese value is still accepted/mapped (read-compat, backfilled data); the literal is the input under test, not a technical name introduced by the product.	removed together with the legacy alias it exercises	apps/web/src/modules/releases/components/ReleaseViewModal.legacy-compat.test.tsx	PROVEN:4
NECESSARY_BOUNDARY	LEGACY_ALIAS_TEST_FIXTURE	web:releases	(value/shape mapped by the reader; see reason)	rejeitado,remocao	2	test fixture (simulates the legacy producer)	end users following pre-rename links	Test fixture asserting the legacy Portuguese value is still accepted/mapped (read-compat, backfilled data); the literal is the input under test, not a technical name introduced by the product.	removed together with the legacy alias it exercises	apps/web/src/modules/releases/lib/release-status.legacy-compat.test.tsx	PROVEN:2
NECESSARY_BOUNDARY	LEGACY_ALIAS_TEST_FIXTURE	web:releases	NC-016 `name`; NC-023 matching camelCase; NC-008 `title`	artista,compositores,letra,nome,percentual,produtores,titulo	7	test fixture (simulates the legacy producer)	the compatibility test itself	Test input or assertion over a legacy Portuguese name that the compatibility reader still accepts; the name is the data under test, not a technical name the product introduces.	removed together with the legacy alias it exercises	apps/web/src/modules/releases/lib/legacy-reads.test.ts	PROVEN:7
NECESSARY_BOUNDARY	LEGACY_ALIAS_TEST_FIXTURE	web:releases	NC-016 `name`	artistasAdicionais,compositores,faixas,letra,nome,produtores,rejeitado	7	test fixture (simulates the legacy producer)	legacy payloads and persisted rows still carrying the Portuguese name	Test fixture for the releases module asserting the legacy Portuguese value `artistasAdicionais` is still accepted/mapped (read-compat, backfilled data); the literal is the input under test, not a technical name introduced by the product.	removed together with the legacy alias it exercises	apps/web/src/modules/releases/components/ReleaseFormModal.legacy-wiring.test.tsx	PROVEN:7
NECESSARY_BOUNDARY	LEGACY_ALIAS_TEST_FIXTURE	web:releases	NC-008 `title`	artista,faixas,rejeitado,titulo	4	test fixture (simulates the legacy producer)	legacy payloads and persisted rows still carrying the Portuguese name	Test fixture for the releases module asserting the legacy Portuguese value `artista` is still accepted/mapped (read-compat, backfilled data); the literal is the input under test, not a technical name introduced by the product.	removed together with the legacy alias it exercises	apps/web/src/modules/releases/components/ReleaseViewModal.legacy-wiring.test.tsx	PROVEN:4
NECESSARY_BOUNDARY	LEGACY_ALIAS_TEST_FIXTURE	web:releases	NC-023 matching camelCase	percentual	1	test fixture (simulates the legacy producer)	legacy payloads and persisted rows still carrying the Portuguese name	Test fixture for the releases module asserting the legacy Portuguese value `percentual` is still accepted/mapped (read-compat, backfilled data); the literal is the input under test, not a technical name introduced by the product.	removed together with the legacy alias it exercises	apps/web/src/modules/releases/components/ShareViewModal.legacy-wiring.test.tsx	PROVEN:1
NECESSARY_BOUNDARY	LEGACY_ALIAS_TEST_FIXTURE	web:releases	(value/shape mapped by the reader; see reason)	rejeitado	1	test fixture (simulates the legacy producer)	legacy payloads and persisted rows still carrying the Portuguese name	Test fixture for the releases module asserting the legacy Portuguese value `rejeitado` is still accepted/mapped (read-compat, backfilled data); the literal is the input under test, not a technical name introduced by the product.	removed together with the legacy alias it exercises	apps/web/src/modules/releases/hooks/useReleasesPaginated.legacy-wiring.test.tsx	PROVEN:1
NECESSARY_BOUNDARY	LEGACY_ALIAS_TEST_FIXTURE	web:releases	(value/shape mapped by the reader; see reason)	rejeitado	1	test fixture (simulates the legacy producer)	legacy payloads and persisted rows still carrying the Portuguese name	Test fixture for the releases module asserting the legacy Portuguese value `rejeitado` is still accepted/mapped (read-compat, backfilled data); the literal is the input under test, not a technical name introduced by the product.	removed together with the legacy alias it exercises	apps/web/src/modules/releases/pages/Releases.legacy-wiring.test.tsx	PROVEN:1
NECESSARY_BOUNDARY	LEGACY_ALIAS_TEST_FIXTURE	web:releases	(value/shape mapped by the reader; see reason)	REJEITADO	1	test fixture (simulates the legacy producer)	resolveStatusFromRawStatus (release status)	Test fixture: legacy Portuguese release status `REJEITADO` read from stored rows; it simulates the pre-rename producer so the compatibility reader is proven to resolve it to the English canonical value. The Portuguese literal must appear for the assertion to detect a regression.	delete together with resolveStatusFromRawStatus (release status) once no persisted row, stored document or released client can still carry the Portuguese value	apps/web/src/modules/releases/lib/release-status.legacy-compat.test.tsx	PROVEN:1
NECESSARY_BOUNDARY	LEGACY_ALIAS_TEST_FIXTURE	web:releases	(value/shape mapped by the reader; see reason)	electronico,eletronico,eletrónico	3	test fixture (simulates the legacy producer)	genre-match.ts matchGenre	Behavioral test of matchGenre: user-typed Portuguese spelling variants must resolve to the persisted genre slug, each alias asserted separately.	remove once musicalGenres exposes English genre ids with dual-read plus backfill	apps/web/src/modules/releases/lib/genre-match.test.ts	PROVEN:3
NECESSARY_BOUNDARY	LEGACY_ALIAS_TEST_FIXTURE	web:settings	(value/shape mapped by the reader; see reason)	artista,juridico,r-artista	3	test fixture (simulates the legacy producer)	RBAC dual-read: ROLE_HIERARCHY legacy keys, users role writes, guard-chain and UserEditorModal tests; migration draft 20260930000030 (gated)	Equivalence and abuse-path tests must name the legacy Portuguese slugs still persisted in org_members.role to prove they authorize identically to the canonical English slugs.	remove after the RBAC S4b backfill and S5 retirement of legacy Portuguese role slugs is authorized and executed	apps/web/src/modules/settings/components/UserEditorModal.canonical-role.test.tsx	PROVEN:3
NECESSARY_BOUNDARY	LEGACY_ALIAS_TEST_FIXTURE	web:settings	(value/shape mapped by the reader; see reason)	ar_gestao,artista,colaborador,comercial,financeiro_contabil,juridico,leitor,produtor (+1)	9	test fixture (simulates the legacy producer)	RBAC dual-read: ROLE_HIERARCHY legacy keys, users role writes, guard-chain and UserEditorModal tests; migration draft 20260930000030 (gated)	Equivalence and abuse-path tests must name the legacy Portuguese slugs still persisted in org_members.role to prove they authorize identically to the canonical English slugs.	remove after the RBAC S4b backfill and S5 retirement of legacy Portuguese role slugs is authorized and executed	apps/web/src/modules/settings/components/UserFormModal.canonical-role.test.tsx	PROVEN:9
NECESSARY_BOUNDARY	LEGACY_ALIAS_TEST_FIXTURE	web:settings	(value/shape mapped by the reader; see reason)	artista_banda,novo_lead	2	test fixture (simulates the legacy producer)	operational-list-vocabulary.ts legacy_slug resolution, web operational-vocabulary.ts and events/lib/event-type.ts legacy readers, migration 20260930000016	Platform default slugs became English; the legacy Portuguese slugs stay as map keys so old rows, stored event metadata and old clients still resolve; tenant-authored slugs are never translated.	remove once migration 20260930000016 ran everywhere, old API builds are gone and the legacy_slug census returns 0 unresolved rows (then drop legacy_slug in a separate destructive step)	apps/web/src/modules/settings/hooks/useOperationalSettings.test.tsx	PROVEN:2
NECESSARY_BOUNDARY	LEGACY_ALIAS_TEST_FIXTURE	web:settings	(value/shape mapped by the reader; see reason)	gestao_artistica,novo_lead,proposta_enviada,reunioes	4	test fixture (simulates the legacy producer)	operational-list-vocabulary.ts legacy_slug resolution, web operational-vocabulary.ts and events/lib/event-type.ts legacy readers, migration 20260930000016	Platform default slugs became English; the legacy Portuguese slugs stay as map keys so old rows, stored event metadata and old clients still resolve; tenant-authored slugs are never translated.	remove once migration 20260930000016 ran everywhere, old API builds are gone and the legacy_slug census returns 0 unresolved rows (then drop legacy_slug in a separate destructive step)	apps/web/src/modules/settings/lib/operational-vocabulary.test.ts	PROVEN:4
NECESSARY_BOUNDARY	LEGACY_ALIAS_TEST_FIXTURE	web:settings	(value/shape mapped by the reader; see reason)	ensaios	1	test fixture (simulates the legacy producer)	operational-lists service and web settings tests proving legacy slug resolution	Tests must name legacy Portuguese slugs to prove they still resolve to the canonical platform default.	remove with the operational list legacy slug map	apps/web/src/modules/settings/hooks/useOperationalSettings.test.tsx	PROVEN:1
NECESSARY_BOUNDARY	LEGACY_ALIAS_TEST_FIXTURE	web:settings	NC-020 `active`	ativo,suspenso	2	test fixture (simulates the legacy producer)	StatusBadge LEGACY_STATUS_ALIASES, settings/lib/user-status.ts, activation-plans.service.ts and tests proving legacy values still render	Tolerant read maps keep rendering rows or responses that still carry Portuguese legacy values; canonical English values are the only ones written.	remove once no persisted or incoming value uses the legacy Portuguese slug (data census) and old clients are gone	apps/web/src/modules/settings/lib/user-status.test.ts	PROVEN:2
NECESSARY_BOUNDARY	LEGACY_ALIAS_TEST_FIXTURE	web:settings	(value/shape mapped by the reader; see reason)	agencia,artista,artista_banda,campanha,consultoria,conteudo,contratante_show,corporativo (+29)	37	test fixture (simulates the legacy producer)	operational-list-vocabulary.ts legacy_slug resolution, web operational-vocabulary.ts and events/lib/event-type.ts legacy readers, migration 20260930000016	Test fixture asserting the legacy Portuguese value is still accepted/mapped (read-compat, backfilled data); the literal is the input under test, not a technical name introduced by the product.	removed together with the legacy alias it exercises	apps/web/src/modules/settings/lib/operational-vocabulary.test.ts	PROVEN:37
NECESSARY_BOUNDARY	LEGACY_ALIAS_TEST_FIXTURE	web:settings	(value/shape mapped by the reader; see reason)	contact-individual-videomaker	1	test fixture (simulates the legacy producer)	end users following pre-rename links	Test fixture asserting the legacy Portuguese value is still accepted/mapped (read-compat, backfilled data); the literal is the input under test, not a technical name introduced by the product.	removed together with the legacy alias it exercises	apps/web/src/modules/settings/hooks/useOperationalSettings.legacy-compat.test.ts	PROVEN:1
NECESSARY_BOUNDARY	LEGACY_ALIAS_TEST_FIXTURE	web:settings	NC-020 `active`	ativo,inativo,pendente,suspenso	4	test fixture (simulates the legacy producer)	end users following pre-rename links	Test fixture asserting the legacy Portuguese value is still accepted/mapped (read-compat, backfilled data); the literal is the input under test, not a technical name introduced by the product.	removed together with the legacy alias it exercises	apps/web/src/modules/settings/lib/user-status.legacy-compat.test.ts	PROVEN:4
NECESSARY_BOUNDARY	LEGACY_ALIAS_TEST_FIXTURE	web:settings	NC-020 `active`	ativo,inativo,pendente,suspenso	4	test fixture (simulates the legacy producer)	legacy payloads and persisted rows still carrying the Portuguese name	Test fixture for the settings module asserting the legacy Portuguese value `ativo` is still accepted/mapped (read-compat, backfilled data); the literal is the input under test, not a technical name introduced by the product.	removed together with the legacy alias it exercises	apps/web/src/modules/settings/components/UserEditorModal.canonical-role.test.tsx	PROVEN:4
NECESSARY_BOUNDARY	LEGACY_ALIAS_TEST_FIXTURE	web:settings	NC-020 `active`	ativo,inativo,suspenso	3	test fixture (simulates the legacy producer)	legacy payloads and persisted rows still carrying the Portuguese name	Test fixture for the settings module asserting the legacy Portuguese value `ativo` is still accepted/mapped (read-compat, backfilled data); the literal is the input under test, not a technical name introduced by the product.	removed together with the legacy alias it exercises	apps/web/src/modules/settings/components/UserFormModal.edit-prefill.test.tsx	PROVEN:3
NECESSARY_BOUNDARY	LEGACY_ALIAS_TEST_FIXTURE	web:settings	NC-020 `active`	ativo,inativo,pendente,suspenso	4	test fixture (simulates the legacy producer)	legacy payloads and persisted rows still carrying the Portuguese name	Test fixture for the settings module asserting the legacy Portuguese value `ativo` is still accepted/mapped (read-compat, backfilled data); the literal is the input under test, not a technical name introduced by the product.	removed together with the legacy alias it exercises	apps/web/src/modules/settings/components/UserViewModal.legacy-wiring.test.tsx	PROVEN:4
NECESSARY_BOUNDARY	LEGACY_ALIAS_TEST_FIXTURE	web:settings	(value/shape mapped by the reader; see reason)	consultoria,gestao_artistica,mixagem,producao_musical	4	test fixture (simulates the legacy producer)	legacy payloads and persisted rows still carrying the Portuguese name	Test fixture for the settings module asserting the legacy Portuguese value `consultoria` is still accepted/mapped (read-compat, backfilled data); the literal is the input under test, not a technical name introduced by the product.	removed together with the legacy alias it exercises	apps/web/src/modules/settings/hooks/useOperationalSettings.legacy-wiring.test.ts	PROVEN:4
NECESSARY_BOUNDARY	LEGACY_ALIAS_TEST_FIXTURE	web:settings	NC-020 `active`	ativo,inativo,pendente,suspenso	4	test fixture (simulates the legacy producer)	legacy payloads and persisted rows still carrying the Portuguese name	Test fixture for the settings module asserting the legacy Portuguese value `ativo` is still accepted/mapped (read-compat, backfilled data); the literal is the input under test, not a technical name introduced by the product.	removed together with the legacy alias it exercises	apps/web/src/modules/settings/hooks/useUsers.legacy-wiring.test.ts	PROVEN:4
NECESSARY_BOUNDARY	LEGACY_ALIAS_TEST_FIXTURE	web:settings	(value/shape mapped by the reader; see reason)	cargo,setor	2	test fixture (simulates the legacy producer)	legacy payloads and persisted rows still carrying the Portuguese name	Test fixture for the settings module asserting the legacy Portuguese value `cargo` is still accepted/mapped (read-compat, backfilled data); the literal is the input under test, not a technical name introduced by the product.	removed together with the legacy alias it exercises	apps/web/src/modules/settings/pages/Profile.legacy-wiring.test.tsx	PROVEN:2
NECESSARY_BOUNDARY	LEGACY_ALIAS_TEST_FIXTURE	web:settings	NC-020 `active`	ativo,auto_alerta_financeiro,auto_lembrete_renovacao,auto_notificar_vencimento,inativo,pendente,proprio,suspenso	8	test fixture (simulates the legacy producer)	legacy payloads and persisted rows still carrying the Portuguese name	Test fixture for the settings module asserting the legacy Portuguese value `ativo` is still accepted/mapped (read-compat, backfilled data); the literal is the input under test, not a technical name introduced by the product.	removed together with the legacy alias it exercises	apps/web/src/modules/settings/pages/Settings.legacy-wiring.test.tsx	PROVEN:8
NECESSARY_BOUNDARY	LEGACY_ALIAS_TEST_FIXTURE	web:settings	NC-020 `active`	ativo,inativo,pendente,suspenso	4	test fixture (simulates the legacy producer)	legacy payloads and persisted rows still carrying the Portuguese name	Test fixture for the settings module asserting the legacy Portuguese value `ativo` is still accepted/mapped (read-compat, backfilled data); the literal is the input under test, not a technical name introduced by the product.	removed together with the legacy alias it exercises	apps/web/src/modules/settings/pages/Users.legacy-wiring.test.tsx	PROVEN:4
NECESSARY_BOUNDARY	LEGACY_ALIAS_TEST_FIXTURE	web:settings	(value/shape mapped by the reader; see reason)	VIDEOMAKER	1	test fixture (simulates the legacy producer)	migrateLegacyDefaultItem / useOperationalSettings defaults	Test fixture: persisted default slug `VIDEOMAKER` under the legacy contact kind; it simulates the pre-rename producer so the compatibility reader is proven to resolve it to the English canonical value. The Portuguese literal must appear for the assertion to detect a regression.	delete together with migrateLegacyDefaultItem / useOperationalSettings defaults once no persisted row, stored document or released client can still carry the Portuguese value	apps/web/src/modules/settings/hooks/useOperationalSettings.legacy-compat.test.ts	PROVEN:1
NECESSARY_BOUNDARY	LEGACY_ALIAS_TEST_FIXTURE	web:settings	(value/shape mapped by the reader; see reason)	MEU,VIDEOMAKER	2	test fixture (simulates the legacy producer)	migrateLegacyDefaultItem	Test fixture: persisted operational-list slugs (`VIDEOMAKER`, tenant-authored `MEU`) under legacy kinds; it simulates the pre-rename producer so the compatibility reader is proven to resolve it to the English canonical value. The Portuguese literal must appear for the assertion to detect a regression.	delete together with migrateLegacyDefaultItem once no persisted row, stored document or released client can still carry the Portuguese value	apps/web/src/modules/settings/lib/operational-vocabulary.test.ts	PROVEN:2
NECESSARY_BOUNDARY	LEGACY_ALIAS_TEST_FIXTURE	web:settings	(value/shape mapped by the reader; see reason)	videomaker	1	test fixture (simulates the legacy producer)	settings/hooks/useOperationalSettings.ts	Behavioral test: the default individual contact classification item (stored platform slug) is offered and merged exactly once.	remove when platform slugs get English ids with legacy_slug dual-read	apps/web/src/modules/settings/hooks/useOperationalSettings.legacy-compat.test.ts	PROVEN:1
NECESSARY_BOUNDARY	LEGACY_ALIAS_TEST_FIXTURE	web:shared	(value/shape mapped by the reader; see reason)	(whole file)	1	test fixture (simulates the legacy producer)	apps/web/src/shared/lib/audit/runner.ts	Fixtures proving the deprecated Portuguese input aliases (projects genero, licenses cliente/valor) do not satisfy the canonical response fields music_genre, client_name and amount that the audit runner reads.	delete these fixtures together with the deprecated licensing and projects input aliases once every deployed web build sends only the canonical contract	apps/web/src/shared/lib/audit/runner.test.ts	PROVEN:1
NECESSARY_BOUNDARY	LEGACY_ALIAS_TEST_FIXTURE	web:shared	(value/shape mapped by the reader; see reason)	ar_gestao,leitor	2	test fixture (simulates the legacy producer)	RBAC dual-read: ROLE_HIERARCHY legacy keys, users role writes, guard-chain and UserEditorModal tests; migration draft 20260930000030 (gated)	Equivalence and abuse-path tests must name the legacy Portuguese slugs still persisted in org_members.role to prove they authorize identically to the canonical English slugs.	remove after the RBAC S4b backfill and S5 retirement of legacy Portuguese role slugs is authorized and executed	apps/web/src/shared/hooks/useHasRole.test.tsx	PROVEN:2
NECESSARY_BOUNDARY	LEGACY_ALIAS_TEST_FIXTURE	web:shared	(value/shape mapped by the reader; see reason)	moduleRh	2	test fixture (simulates the legacy producer)	dual-read helpers and mappers (release metadata keys, asset type mapper, contract last-payment helper, plan feature keys, invoice payment method canonicalizer), migrations 20260930000019/21/23/24/25	Legacy Portuguese persisted keys and enum values are read through explicit mappers while every write uses canonical English; the literals are mapper keys, migration match lists and the tests/fixtures proving the mapping.	remove once the matching backfill migration ran in every environment, the residue preflight returns 0 and old clients/builds are gone	apps/web/src/shared/lib/feature-flags.test.ts	PROVEN:2
NECESSARY_BOUNDARY	LEGACY_ALIAS_TEST_FIXTURE	web:shared	(value/shape mapped by the reader; see reason)	cancelado,concluido,em_andamento,pendente,rascunho	5	test fixture (simulates the legacy producer)	StatusBadge LEGACY_STATUS_ALIASES, settings/lib/user-status.ts, activation-plans.service.ts and tests proving legacy values still render	Tolerant read maps keep rendering rows or responses that still carry Portuguese legacy values; canonical English values are the only ones written.	remove once no persisted or incoming value uses the legacy Portuguese slug (data census) and old clients are gone	apps/web/src/shared/components/__tests__/StatusBadge.labels.test.ts	PROVEN:5
NECESSARY_BOUNDARY	LEGACY_ALIAS_TEST_FIXTURE	web:shared	(value/shape mapped by the reader; see reason)	rh	1	test fixture (simulates the legacy producer)	permission-map tenantModulePermissionKeys/expandPermissionAliases	Characterizes the deprecated rh module key and rh:* grants resolving to hr	S5: remove rh alias from permission-map	apps/web/src/shared/lib/permission-map.test.ts	PROVEN:1
NECESSARY_BOUNDARY	LEGACY_ALIAS_TEST_FIXTURE	web:shared	NC-020 `active`	agendada,agendado,analise,aprovado,arquivado,ativa,ativo,atrasado (+14)	22	test fixture (simulates the legacy producer)	end users following pre-rename links	Test fixture asserting the legacy Portuguese value is still accepted/mapped (read-compat, backfilled data); the literal is the input under test, not a technical name introduced by the product.	removed together with the legacy alias it exercises	apps/web/src/shared/components/StatusBadge.legacy-compat.test.tsx	PROVEN:22
NECESSARY_BOUNDARY	LEGACY_ALIAS_TEST_FIXTURE	web:shared	(value/shape mapped by the reader; see reason)	administrativo,empresariamento,exclusividade,influenciadores,operacional,outro,outros,parceria (+4)	12	test fixture (simulates the legacy producer)	end users following pre-rename links	Test fixture asserting the legacy Portuguese value is still accepted/mapped (read-compat, backfilled data); the literal is the input under test, not a technical name introduced by the product.	removed together with the legacy alias it exercises	apps/web/src/shared/lib/category-labels.legacy-compat.test.ts	PROVEN:12
NECESSARY_BOUNDARY	LEGACY_ALIAS_TEST_FIXTURE	web:shared	NC-008 `title`	titulo	1	test fixture (simulates the legacy producer)	the compatibility test itself	Test input or assertion over a legacy Portuguese name that the compatibility reader still accepts; the name is the data under test, not a technical name the product introduces.	removed together with the legacy alias it exercises	apps/web/src/shared/lib/legacy-title.test.ts	PROVEN:1
NECESSARY_BOUNDARY	LEGACY_ALIAS_TEST_FIXTURE	web:shared	(value/shape mapped by the reader; see reason)	agenciamento,distribuicao,edicao,gestao,licenciamento,producao	6	test fixture (simulates the legacy producer)	the compatibility test itself	Test input or assertion over a legacy Portuguese name that the compatibility reader still accepts; the name is the data under test, not a technical name the product introduces.	removed together with the legacy alias it exercises	apps/web/src/shared/lib/category-labels.test.ts	PROVEN:6
NECESSARY_BOUNDARY	LEGACY_ALIAS_TEST_FIXTURE	web:shared	(value/shape mapped by the reader; see reason)	moduleRh	2	test fixture (simulates the legacy producer)	legacy payloads and persisted rows still carrying the Portuguese name	Test fixture for the hooks module asserting the legacy Portuguese value `moduleRh` is still accepted/mapped (read-compat, backfilled data); the literal is the input under test, not a technical name introduced by the product.	removed together with the legacy alias it exercises	apps/web/src/shared/hooks/usePlanFeatures.legacy-wiring.test.tsx	PROVEN:2
NECESSARY_BOUNDARY	LEGACY_ALIAS_TEST_FIXTURE	web:shared	(value/shape mapped by the reader; see reason)	artista,colaborador,nav-link-auditoria,rh_manager	4	test fixture (simulates the legacy producer)	legacy payloads and persisted rows still carrying the Portuguese name	Test fixture for the layout module asserting the legacy Portuguese value `artista` is still accepted/mapped (read-compat, backfilled data); the literal is the input under test, not a technical name introduced by the product.	removed together with the legacy alias it exercises	apps/web/src/shared/components/layout/AppSidebar.legacy-wiring.test.tsx	PROVEN:4
NECESSARY_BOUNDARY	LEGACY_ALIAS_TEST_FIXTURE	web:shared	(value/shape mapped by the reader; see reason)	artista,colaborador,rh_manager	3	test fixture (simulates the legacy producer)	legacy payloads and persisted rows still carrying the Portuguese name	Test fixture for the hooks module asserting the legacy Portuguese value `artista` is still accepted/mapped (read-compat, backfilled data); the literal is the input under test, not a technical name introduced by the product.	removed together with the legacy alias it exercises	apps/web/src/shared/hooks/useIsAdmin.test.tsx	PROVEN:3
NECESSARY_BOUNDARY	LEGACY_ALIAS_TEST_FIXTURE	web:shared	(value/shape mapped by the reader; see reason)	PUBLICITARIO	1	test fixture (simulates the legacy producer)	formatCategoryLabel / category canonicalization	Test fixture: legacy upper-case Portuguese category `PUBLICITARIO` stored in rows; it simulates the pre-rename producer so the compatibility reader is proven to resolve it to the English canonical value. The Portuguese literal must appear for the assertion to detect a regression.	delete together with formatCategoryLabel / category canonicalization once no persisted row, stored document or released client can still carry the Portuguese value	apps/web/src/shared/lib/category-labels.legacy-compat.test.ts	PROVEN:1
NECESSARY_BOUNDARY	LEGACY_ALIAS_TEST_FIXTURE	web:src	(value/shape mapped by the reader; see reason)	/artistas,/cadastro/acme,/contratos?obra=7#sec,/marketing/campanhas	4	test fixture (simulates the legacy producer)	legacy payloads and persisted rows still carrying the Portuguese name	Test fixture for the src module asserting the legacy Portuguese value `/artistas` is still accepted/mapped (read-compat, backfilled data); the literal is the input under test, not a technical name introduced by the product.	removed together with the legacy alias it exercises	apps/web/src/App.legacy-routes.test.tsx	PROVEN:4
NECESSARY_BOUNDARY	LEGACY_ALIAS_TEST_FIXTURE	web:test	NC-023 matching camelCase; NC-008 `title`	interprete,participacao,percentual,produtorFonografico,produtores,titulo	6	test fixture (simulates the legacy producer)	deployed builds that still send the legacy alias	Legacy-alias test fixture: exercises the deprecated Portuguese input/output alias until the alias is removed.	remove together with the legacy alias it exercises	apps/web/src/test/musicRegistrationMappers.test.ts	PROVEN:6
NECESSARY_BOUNDARY	LEGACY_ALIAS_TEST_FIXTURE	web:test	(value/shape mapped by the reader; see reason)	Atendimento,Triagem	2	test fixture (simulates the legacy producer)	marketing-automation and musicchat sector/queue labels used as slugs; being normalized by slice AP3 (R3-03)	Test fixture asserting the legacy Portuguese value is still accepted/mapped (read-compat, backfilled data); the literal is the input under test, not a technical name introduced by the product.	removed together with the legacy alias it exercises	apps/web/src/test/MusicChatAutomationSettings.test.tsx	PROVEN:2
NECESSARY_BOUNDARY	LEGACY_NAME_READER	api:artists	(value/shape mapped by the reader; see reason)	/artists/stats/generos	1	callers or stored payloads still using the deprecated spelling	apps/web genre-stats hooks (until renamed to /stats/genres and deployed)	CZ-020: canonical GET /artists/stats/genres added; the Portuguese path stays on the same handler because the deployed web build still calls it (web and api deploy independently).	remove the alias after a web release that calls /artists/stats/genres is deployed to every environment	apps/api/src/modules/artists/artists.controller.genre-stats-route.spec.ts	PROVEN:1
NECESSARY_BOUNDARY	LEGACY_NAME_READER	api:contracts	(value/shape mapped by the reader; see reason)	(whole file)	2	callers or stored payloads still using the deprecated spelling	historical rows written before the English renames	Contracts/releases responses keep the deprecated `artistas`/`clientes` keys with the same minimal projection ({id, stage_name}/{id, name, nome}) so a pre-change web build keeps rendering; canonical keys are `artist`/`client`.	delete the deprecated `artistas`/`clientes` response keys in the first API release after the web build whose readers use `contract.artist` / `contract.client` (already in the repo: no non-test match for `\.(artistas|clientes)\b` in apps/web/src) has been the production web build for 14 consecutive days; verified by contract-party-refs.security.spec.ts asserting the keys are absent from the response	apps/api/src/modules/contracts/contract-party-refs.security.spec.ts	PROVEN:2
NECESSARY_BOUNDARY	LEGACY_NAME_READER	api:core	(value/shape mapped by the reader; see reason)	rh	1	callers or stored payloads still using the deprecated spelling	permission module key `rh` used in persisted/derived grants `rh:read|create|update|delete` (rbac.service role grants, packages/auth Permissions.RH, web permission-map, tenant module keys)	module key `rh` is the Portuguese HR module id of the permission model (`rh:*` grants); the English id requires a coordinated permission-row migration, so every reader keeps the old key until then.	rename the module key to human-resources/hr in rbac.service, packages/auth and permission-map together with the permission rows once S5 is authorised (RBAC S5 retires the Portuguese slugs after the gated S4b data backfill (docs/engineering/rbac-retirement-plan.md))	apps/api/src/common/compat/types-enums.legacy-compat.spec.ts	PROVEN:1
NECESSARY_BOUNDARY	LEGACY_NAME_READER	api:core	(value/shape mapped by the reader; see reason)	ARQUIVADA,DIVERGENTE,REMOVIDA	3	callers or stored payloads still using the deprecated spelling	external dashboards/alerts built on the `rbac_dual_read.divergence_legacy` log field	Previous Portuguese telemetry values (`DIVERGENTE`, `REMOVIDA`, `ARQUIVADA`) emitted as `divergence_legacy` in the `rbac_dual_read` log for one release so external dashboards keep their signal; the English `divergence` field is canonical.	remove LEGACY_DIVERGENCE_LABEL together with the `divergence_legacy` field once dashboards read `divergence` (one release after the English field shipped)	apps/api/src/core/rbac/permission-resolver.divergence-legacy-label.spec.ts	PROVEN:3
NECESSARY_BOUNDARY	LEGACY_NAME_READER	api:hr	(value/shape mapped by the reader; see reason)	(whole file)	1	callers or stored payloads still using the deprecated spelling	web builds released before CZ-030	CZ-030: the only place that knows the pre-CZ-030 HR field names and PT-BR display labels used as contract/leave type values; maps them to the canonical English contract before persistence.	remove after a web release that sends the canonical HR contract is deployed to every environment	apps/api/src/modules/hr/hr-contract.spec.ts	PROVEN:1
NECESSARY_BOUNDARY	LEGACY_NAME_READER	api:inventory	(value/shape mapped by the reader; see reason)	(whole file)	1	callers or stored payloads still using the deprecated spelling	web builds released before CZ-032	CZ-032: the only place that knows the pre-CZ-032 inventory field names and PT status slugs; maps them to the canonical English contract before persistence.	remove after a web release that sends the canonical CZ-032 contract is deployed to every environment	apps/api/src/modules/inventory/inventory-contract.spec.ts	PROVEN:1
NECESSARY_BOUNDARY	LEGACY_NAME_READER	api:invoices	(value/shape mapped by the reader; see reason)	(whole file)	2	callers or stored payloads still using the deprecated spelling	web builds released before CZ-036	CZ-036: the only place that knows the pre-CZ-036 invoice field and item key names; maps them to the canonical contract before persistence.	remove after a web release that sends the canonical CZ-036 contract is deployed to every environment	apps/api/src/database/invoice-payment-method-bank-transfer.migration.spec.ts	PROVEN:2
NECESSARY_BOUNDARY	LEGACY_NAME_READER	api:licensing	(value/shape mapped by the reader; see reason)	(whole file)	1	callers or stored payloads still using the deprecated spelling	web builds released before CZ-035	CZ-035: the only place that knows the pre-CZ-035 license field names and the slugified PT-BR values; maps them to the canonical English contract before persistence.	remove after a web release that sends the canonical CZ-035 contract is deployed to every environment	apps/api/src/modules/licensing/license-vocabulary.legacy-compat.spec.ts	PROVEN:1
NECESSARY_BOUNDARY	LEGACY_NAME_READER	api:phonograms	(value/shape mapped by the reader; see reason)	/phonograms/stats/generos	1	callers or stored payloads still using the deprecated spelling	apps/web genre-stats hooks (until renamed to /stats/genres and deployed)	CZ-020: canonical GET /phonograms/stats/genres added; the Portuguese path stays on the same handler because the deployed web build still calls it (web and api deploy independently).	remove the alias after a web release that calls /phonograms/stats/genres is deployed to every environment	apps/api/src/modules/phonograms/phonograms.controller.spec.ts	PROVEN:1
NECESSARY_BOUNDARY	LEGACY_NAME_READER	api:registry	(value/shape mapped by the reader; see reason)	cantor,produtor	2	callers or stored payloads still using the deprecated spelling	shares.party_role is `@IsString` free text, so user-typed Portuguese roles ('Editora ...', 'Cantor', 'Produtor ...') exist in data and must still classify as publisher/performer/producer	role classifier substring `cantor` recognises Portuguese free-text party roles so registry validation (publisher/performer/producer required checks) does not misreport them as missing.	remove after shares.party_role is constrained to the English enum and a data census over shares.party_role finds no Portuguese-substring role	apps/api/src/modules/registry/validation/entity-validators.legacy-compat.spec.ts	PROVEN:2
NECESSARY_BOUNDARY	LEGACY_NAME_READER	api:releases	(value/shape mapped by the reader; see reason)	(whole file)	1	callers or stored payloads still using the deprecated spelling	web builds released before CZ-038	CZ-038: the only place that knows the pre-CZ-038 release field names, type values and schedule/assets keys; maps them to the canonical English contract before persistence.	remove after a web release that sends the canonical CZ-038 contract is deployed to every environment	apps/api/src/modules/releases/release-contract.spec.ts	PROVEN:1
NECESSARY_BOUNDARY	LEGACY_NAME_READER	api:releases	(value/shape mapped by the reader; see reason)	(whole file)	2	callers or stored payloads still using the deprecated spelling	historical rows written before the English renames	Contracts/releases responses keep the deprecated `artistas`/`clientes` keys with the same minimal projection ({id, stage_name}/{id, name, nome}) so a pre-change web build keeps rendering; canonical keys are `artist`/`client`.	delete the deprecated `artistas` response key in the first API release after the web build whose readers use `release.artist` (marketing readers included; no non-test match for `\.artistas\b` in apps/web/src) has been the production web build for 14 consecutive days; verified by release-artist-ref.security.spec.ts asserting the key is absent from the response	apps/api/src/modules/releases/release-artist-ref.security.spec.ts	PROVEN:2
NECESSARY_BOUNDARY	LEGACY_NAME_READER	api:reports	(value/shape mapped by the reader; see reason)	(whole file)	1	callers or stored payloads still using the deprecated spelling	web builds released before CZ-041	CZ-039: a spreadsheet exported before the rename carries Portuguese yes/no values; the import maps them to booleans.	remove after a web release that sends the canonical CZ-041 contract is deployed to every environment	apps/api/src/modules/reports/import/import-value-canonicalizers.spec.ts	PROVEN:1
NECESSARY_BOUNDARY	LEGACY_NAME_READER	api:reports	(value/shape mapped by the reader; see reason)	letristas	1	callers or stored payloads still using the deprecated spelling	spreadsheets exported before CZ-039	CZ-039: spreadsheets exported before the rename carry the technical header `letristas`; LEGACY_IMPORT_HEADERS maps it to `translator_names` on import only.	remove the `letristas` import-header alias once the import template (headers from field-labels.pt-br.ts) lists only the canonical lyricist header for two releases and no import-mapper.service.spec fixture uses `letristas`; verifiable by `grep -rn letristas apps/api/src/modules/reports` returning only this ledger row	apps/api/src/modules/reports/import/import-mapper.service.legacy-compat.spec.ts	PROVEN:1
NECESSARY_BOUNDARY	LEGACY_NAME_READER	api:reports	NC-016 `name`	baseCalculo,codigoMunicipio,codigoServicoMunicipal,issRetido,naturezaOperacao,numeroNotaFiscal,tipoNota,tomadorCep (+7)	15	callers or stored payloads still using the deprecated spelling	readers entity-column + report-contract + request-field: entity column names / report contract ids / request field names (fiscal-invoice, encrypted-document and artist-document legacy columns and DTO fields)	dictionary key `baseCalculo` keeps the pt-BR label for the Portuguese-named entity-column + report-contract + request-field; field-labels.readers.spec.ts fails if no reader reaches it.	delete each key when its last reader (entity column, contract id or DTO property) is renamed or removed (field-labels.readers.spec.ts fails on a key no reader reaches)	apps/api/src/modules/reports/i18n/field-labels.legacy-keys.spec.ts	PROVEN:15
NECESSARY_BOUNDARY	LEGACY_NAME_READER	api:shares	(value/shape mapped by the reader; see reason)	(whole file)	1	callers or stored payloads still using the deprecated spelling	web builds released before CZ-037	CZ-037: the only place that knows the pre-CZ-037 share field names, the Portuguese status/direction/role values and history entry keys; maps them to the canonical English contract before persistence.	remove after a web release that sends the canonical CZ-037 contract is deployed to every environment	apps/api/src/modules/shares/share-contract.spec.ts	PROVEN:1
NECESSARY_BOUNDARY	LEGACY_NAME_READER	api:takedowns	(value/shape mapped by the reader; see reason)	(whole file)	1	callers or stored payloads still using the deprecated spelling	web builds released before CZ-034	CZ-034: the only place that knows the pre-CZ-034 takedown field names and type/priority slugs; maps them to the canonical English contract before persistence.	remove after a web release that sends the canonical CZ-034 contract is deployed to every environment	apps/api/src/modules/takedowns/takedown-legacy-fields.legacy-compat.spec.ts	PROVEN:1
NECESSARY_BOUNDARY	LEGACY_NAME_READER	api:transactions	(value/shape mapped by the reader; see reason)	acessorios,adiantamento,administrativo,agua,alimentacao,aluguel,anuncios,aplicacao (+112)	120	callers or stored payloads still using the deprecated spelling	transaction-category-slugs.ts (API and web mirror), list/export filters, reports import canonicalizer, web label registry, migration 20260930000018	Legacy Portuguese category/subcategory slugs are accepted on input and matched by filters (IN-expansion) while every write uses the canonical English id; the literals are the legacy-to-canonical map keys, the web label registry keys and the tests proving the mapping.	remove once migration 20260930000018 ran everywhere, free-text residue preflight is understood, old web builds are gone and no stored row carries the legacy slug	apps/web/src/modules/accounting/constants/transaction-category-slugs.parity.test.ts	PROVEN:120
NECESSARY_BOUNDARY	LEGACY_NAME_READER	api:transactions	(value/shape mapped by the reader; see reason)	design-grafico,direitos-autorais,participacao-show-evento,recebimentos-externos-streaming,receitas-musicais,servicos,show-evento	7	callers or stored payloads still using the deprecated spelling	transaction-category-slugs.ts (API and web mirror), list/export filters, reports import canonicalizer, web label registry, migration 20260930000018	Legacy Portuguese category/subcategory slugs are accepted on input and matched by filters (IN-expansion) while every write uses the canonical English id; the literals are the legacy-to-canonical map keys, the web label registry keys and the tests proving the mapping.	remove once migration 20260930000018 ran everywhere, free-text residue preflight is understood, old web builds are gone and no stored row carries the legacy slug	apps/api/src/modules/transactions/transaction-category-slugs.spec.ts	PROVEN:7
NECESSARY_BOUNDARY	LEGACY_NAME_READER	api:transactions	(value/shape mapped by the reader; see reason)	outros	2	callers or stored payloads still using the deprecated spelling	transaction-category-slugs.ts (API and web mirror), list/export filters, reports import canonicalizer, web label registry, migration 20260930000018	Legacy Portuguese category/subcategory slugs are accepted on input and matched by filters (IN-expansion) while every write uses the canonical English id; the literals are the legacy-to-canonical map keys, the web label registry keys and the tests proving the mapping.	remove once migration 20260930000018 ran everywhere, free-text residue preflight is understood, old web builds are gone and no stored row carries the legacy slug	apps/api/src/database/transaction-taxonomy.migration.spec.ts	PROVEN:2
NECESSARY_BOUNDARY	LEGACY_NAME_READER	api:works	(value/shape mapped by the reader; see reason)	/works/stats/generos	1	callers or stored payloads still using the deprecated spelling	apps/web genre-stats hooks (until renamed to /stats/genres and deployed)	CZ-020: canonical GET /works/stats/genres added; the Portuguese path stays on the same handler because the deployed web build still calls it (web and api deploy independently).	remove the alias after a web release that calls /works/stats/genres is deployed to every environment	apps/api/src/modules/works/works.controller.genre-stats-route.spec.ts	PROVEN:1
NECESSARY_BOUNDARY	LEGACY_NAME_READER	packages:auth	(value/shape mapped by the reader; see reason)	RH,rh	2	callers or stored payloads still using the deprecated spelling	permission module key `rh` used in persisted/derived grants `rh:read|create|update|delete` (rbac.service role grants, packages/auth Permissions.RH, web permission-map, tenant module keys)	module key `RH` is the Portuguese HR module id of the permission model (`rh:*` grants); the English id requires a coordinated permission-row migration, so every reader keeps the old key until then.	rename the module key to human-resources/hr in rbac.service, packages/auth and permission-map together with the permission rows once S5 is authorised (RBAC S5 retires the Portuguese slugs after the gated S4b data backfill (docs/engineering/rbac-retirement-plan.md))	apps/api/src/common/compat/auth-permissions.legacy-compat.spec.ts	PROVEN:2
NECESSARY_BOUNDARY	LEGACY_NAME_READER	web:accounting	(value/shape mapped by the reader; see reason)	acessorios,adiantamento,administrativo,agua,alimentacao,aluguel,anuncios,aplicacao (+120)	129	callers or stored payloads still using the deprecated spelling	transaction-category-slugs.ts (API and web mirror), list/export filters, reports import canonicalizer, web label registry, migration 20260930000018	Legacy Portuguese category/subcategory slugs are accepted on input and matched by filters (IN-expansion) while every write uses the canonical English id; the literals are the legacy-to-canonical map keys, the web label registry keys and the tests proving the mapping.	remove once migration 20260930000018 ran everywhere, free-text residue preflight is understood, old web builds are gone and no stored row carries the legacy slug	apps/web/src/modules/accounting/constants/transaction-category-slugs.parity.test.ts	PROVEN:129
NECESSARY_BOUNDARY	LEGACY_NAME_READER	web:accounting	(value/shape mapped by the reader; see reason)	das,icms,iptu,ipva,irrf	5	callers or stored payloads still using the deprecated spelling	transaction-category-slugs.ts (API and web mirror), list/export filters, reports import canonicalizer, web label registry, migration 20260930000018	Legacy Portuguese category/subcategory slugs are accepted on input and matched by filters (IN-expansion) while every write uses the canonical English id; the literals are the legacy-to-canonical map keys, the web label registry keys and the tests proving the mapping.	remove once migration 20260930000018 ran everywhere, free-text residue preflight is understood, old web builds are gone and no stored row carries the legacy slug	apps/web/src/modules/accounting/constants/transaction-category-slugs.legacy-compat.test.ts	PROVEN:5
NECESSARY_BOUNDARY	LEGACY_NAME_READER	web:artist	(value/shape mapped by the reader; see reason)	anuncio,licenc,patroc,publi	4	callers or stored payloads still using the deprecated spelling	transaction-category-slugs.ts (API and web mirror), list/export filters, reports import canonicalizer, web label registry, migration 20260930000018	Legacy Portuguese category/subcategory slugs are accepted on input and matched by filters (IN-expansion) while every write uses the canonical English id; the literals are the legacy-to-canonical map keys, the web label registry keys and the tests proving the mapping.	remove once migration 20260930000018 ran everywhere, free-text residue preflight is understood, old web builds are gone and no stored row carries the legacy slug	apps/web/src/modules/artist/lib/revenue-nature.legacy-compat.test.ts	PROVEN:4
NECESSARY_BOUNDARY	LEGACY_NAME_READER	web:artist	NC-015 `musicGenre`; NC-012 `notes`	nome_artistico,genero_musical,documentos_pessoais_url,observacoes,nome_civil,data_nascimento,tipo_perfil,notas_internas	8	callers or stored payloads still using the deprecated spelling	artist spreadsheet imports created before CZ-042	Old spreadsheets use Portuguese column headers; the importer maps them to canonical fields.	remove after a dated product decision to drop pre-CZ-042 spreadsheet imports; add a test per header	apps/web/src/modules/artist/forms/artist-form.definition.legacy-compat.test.ts	PROVEN:8
NECESSARY_BOUNDARY	LEGACY_NAME_READER	web:artist	(value/shape mapped by the reader; see reason)	exclusivo,nao_exclusivo,parceria	3	callers or stored payloads still using the deprecated spelling	artist 360 Contracts tab filter	Pre-canonical contract type spellings still present in contracts.type for the artist 360 type filter; mapped to canonical English before matching. `parceria` is a tenant-owned contract_service_types slug (derived from the tenant-entered name)	no contracts.type holds a legacy spelling for one release window; `parceria` stays while tenant service type slugs are tenant-owned (server-side registry, follow-up F1)	apps/web/src/modules/artist/lib/contract-type-filters.test.ts	PROVEN:3
NECESSARY_BOUNDARY	LEGACY_NAME_READER	web:artist	(value/shape mapped by the reader; see reason)	representacao,servicos	2	callers or stored payloads still using the deprecated spelling	artist 360 Contracts tab filter	Pre-canonical contract type spellings still present in contracts.type for the artist 360 type filter; mapped to canonical English before matching. `parceria` is a tenant-owned contract_service_types slug (derived from the tenant-entered name)	no contracts.type holds a legacy spelling for one release window; `parceria` stays while tenant service type slugs are tenant-owned (server-side registry, follow-up F1)	apps/web/src/modules/artist/lib/contract-type-filters.legacy-compat.test.ts	PROVEN:2
NECESSARY_BOUNDARY	LEGACY_NAME_READER	web:contracts	(value/shape mapped by the reader; see reason)	empresariamento,suporte_financeiro,gestao,edicao,distribuicao,producao_audiovisual,parceria	7	callers or stored payloads still using the deprecated spelling	ContractFormModal template/CST filter (useContractServiceTypes, useContractTemplates)	CST_VALID in normalizeToCst lists the contract service-type slugs that tenants own (contract_service_types.slug / contracts.type strings are compared exactly and were never renamed); a template or contract carrying a registry slug is normalized to one of them for the CST filter.	remove once the server-side contract category registry (follow-up F1 in contract-category-slugs.ts) provides canonical English service-type slugs and normalizeToCst is replaced by a registry lookup	apps/web/src/modules/contracts/components/ContractFormModal.legacy-compat.test.tsx	PROVEN:7
NECESSARY_BOUNDARY	LEGACY_NAME_READER	web:contracts	(value/shape mapped by the reader; see reason)	exclusividade,gravacao,cessao_direitos,publicitario	4	callers or stored payloads still using the deprecated spelling	ContractFormModal template filter over contract_templates.service_type / contracts.type rows	MAP in normalizeToCst translates the legacy platform contract-category slug `exclusividade` (canonical `exclusivity` since CT1) to the CST slug; templates and contracts written before migration 20260930000017 still carry it.	remove once no contract_templates.service_type / contracts.type row and no browser category registry holds `exclusividade` (census query in docs/runbooks/staging-to-production.md#residue-census-of-the-contract-vocabulary-backfills-read-only) and LEGACY_CONTRACT_CATEGORY_SLUGS drops it	apps/web/src/modules/contracts/components/ContractFormModal.legacy-compat.test.tsx	PROVEN:4
NECESSARY_BOUNDARY	LEGACY_NAME_READER	web:events	NC-013 `description`; NC-012 `notes`	tipo_evento,participantes,horario,horario_fim,capacidade,valor_cache,descricao,observacoes	8	callers or stored payloads still using the deprecated spelling	users re-importing agenda spreadsheets exported before CZ-028	CZ-028: agenda exports now use PT-BR human headers; the snake_case headers written by earlier exports (and hand-typed variants) stay accepted on import so spreadsheets users already hold keep importing.	remove LEGACY_AGENDA_HEADERS after 2027-03-31 (six months of exports with PT-BR headers)	apps/web/src/modules/events/lib/agenda-spreadsheet.legacy-compat.test.ts	PROVEN:8
NECESSARY_BOUNDARY	LEGACY_NAME_READER	web:events	(value/shape mapped by the reader; see reason)	horario_inicio,publico_esperado	2	callers or stored payloads still using the deprecated spelling	users re-importing agenda spreadsheets exported before CZ-028	CZ-028: agenda exports now use PT-BR human headers; the snake_case headers written by earlier exports (and hand-typed variants) stay accepted on import so spreadsheets users already hold keep importing.	remove LEGACY_AGENDA_HEADERS after 2027-03-31 (six months of exports with PT-BR headers)	apps/web/src/modules/events/lib/agenda-spreadsheet.test.ts	PROVEN:2
NECESSARY_BOUNDARY	LEGACY_NAME_READER	web:marketing	(value/shape mapped by the reader; see reason)	alta,baixa	4	callers or stored payloads still using the deprecated spelling	audioVocabulary compat mapper for old stored analysis values and tests proving them	The compat mapper reads old Portuguese audio-level tokens; tests name them to prove the mapping.	remove once no stored TrackAudioAnalysis can carry Portuguese audio-level values	apps/web/src/modules/marketing/services/musicIntelligenceEngine/audioVocabulary.test.ts	PROVEN:4
NECESSARY_BOUNDARY	LEGACY_NAME_READER	web:musicchat	(value/shape mapped by the reader; see reason)	assunto	1	callers or stored payloads still using the deprecated spelling	free-form conversation.metadata.assunto written by external website forms for the custom channel	External website forms can write the Portuguese key; it is read for display only.	remove when no custom-channel conversation has metadata.assunto for one release window and the website-form integration sends subject; then rename the UI field	apps/web/src/modules/musicchat/services/conversations.service.legacy-compat.test.ts	PROVEN:1
NECESSARY_BOUNDARY	LEGACY_NAME_READER	web:shared	(value/shape mapped by the reader; see reason)	aprovado,ativa,planejamento	3	callers or stored payloads still using the deprecated spelling	StatusBadge callers in marketing pages (campaigns, projects, tasks, campaign builder) that still hand Portuguese UI status slugs	LEGACY_STATUS_ALIASES maps `aprovado` to its English status key inside normalizeKey() before the variant/label lookup. Live emitter: campaign-builder CreativeStatus `aprovado` (campaign-builder.types.ts, steps.tsx); without the alias the badge would fall to the neutral variant and the unknown-status label.	remove the entry when no marketing UI status type (marketing.types.ts CampaignStatus/ProjectStatus/TaskStatus, CreativeStatus) emits it, i.e. after the BLK-MARKETING-TARGET-WEB-VOCABULARY slice moves those unions to English and StatusBadge.labels.test.ts 'legacy Portuguese status slugs' no longer needs the entry	apps/web/src/shared/components/StatusBadge.legacy-compat.test.tsx	PROVEN:3
NECESSARY_BOUNDARY	LEGACY_NAME_READER	web:shared	(value/shape mapped by the reader; see reason)	cancelado,concluido,em_andamento,pendente,rascunho	5	callers or stored payloads still using the deprecated spelling	StatusBadge callers in marketing pages (campaigns, projects, tasks, campaign builder) that still hand Portuguese UI status slugs	LEGACY_STATUS_ALIASES maps `cancelado` to its English status key inside normalizeKey() before the variant/label lookup. Live emitter: marketing project/task status `cancelado` produced by marketing-project-wire.ts; without the alias the badge would fall to the neutral variant and the unknown-status label.	remove the entry when no marketing UI status type (marketing.types.ts CampaignStatus/ProjectStatus/TaskStatus, CreativeStatus) emits it, i.e. after the BLK-MARKETING-TARGET-WEB-VOCABULARY slice moves those unions to English and StatusBadge.labels.test.ts 'legacy Portuguese status slugs' no longer needs the entry	apps/web/src/shared/components/__tests__/StatusBadge.labels.test.ts	PROVEN:5
NECESSARY_BOUNDARY	LEGACY_NAME_READER	web:shared	(value/shape mapped by the reader; see reason)	rh	1	callers or stored payloads still using the deprecated spelling	permission module key `rh` used in persisted/derived grants `rh:read|create|update|delete` (rbac.service role grants, packages/auth Permissions.RH, web permission-map, tenant module keys)	module key `rh` is the Portuguese HR module id of the permission model (`rh:*` grants); the English id requires a coordinated permission-row migration, so every reader keeps the old key until then.	rename the module key to human-resources/hr in rbac.service, packages/auth and permission-map together with the permission rows once S5 is authorised (RBAC S5 retires the Portuguese slugs after the gated S4b data backfill (docs/engineering/rbac-retirement-plan.md))	apps/web/src/shared/lib/permission-map.test.ts	PROVEN:1
NECESSARY_BOUNDARY	LEGACY_NAME_READER	web:shared	(value/shape mapped by the reader; see reason)	distribuicao,edicao,gestao,producao_musical	4	callers or stored payloads still using the deprecated spelling	ContractViewModal, Contracts page and contract-type-filter render contract.type/service-type slugs through formatCategoryLabel; ContractFormModal CST filters	Display-label dictionary key for the contract service-type slug `distribuicao`: contract_service_types.slug and contracts.type are tenant-owned strings compared exactly (contract-category-slugs.ts documents why they are not renamed), so Contracts list/view still resolve their label through this key.	remove once the server-side contract category registry (follow-up F1 in contract-category-slugs.ts) owns canonical English slugs for the service types and labels come from the registry instead of this dictionary	apps/web/src/shared/lib/category-labels.test.ts	PROVEN:4
NECESSARY_BOUNDARY	LEGACY_NAME_READER	web:shared	(value/shape mapped by the reader; see reason)	producao_audiovisual	1	callers or stored payloads still using the deprecated spelling	ContractViewModal, Contracts page and contract-type-filter render contract.type/service-type slugs through formatCategoryLabel; ContractFormModal CST filters	Display-label dictionary key for the contract service-type slug `producao_audiovisual`: contract_service_types.slug and contracts.type are tenant-owned strings compared exactly (contract-category-slugs.ts documents why they are not renamed), so Contracts list/view still resolve their label through this key.	remove once the server-side contract category registry (follow-up F1 in contract-category-slugs.ts) owns canonical English slugs for the service types and labels come from the registry instead of this dictionary	apps/web/src/shared/lib/category-labels.legacy-compat.test.ts	PROVEN:1
NECESSARY_BOUNDARY	LEGAL_DOMAIN_TERM	any	(value/shape mapped by the reader; see reason)	cpf,cpf_encrypted,cnpj,cnpj_encrypted,cpf_cnpj,cpf_cnpj_encrypted,cfop,iss (+23)	31	Brazilian legal/fiscal vocabulary (permanent)	invoices / fiscal (NFS-e) module, clients/artists tax identity	Official Brazilian tax/legal term (NFS-e / fiscal registry); translating the identifier would lose legal precision. Display label is already pt-BR.	none while the Brazilian fiscal regime is the supported regime		NOT_REQUIRED:31
NECESSARY_BOUNDARY	LEGAL_DOMAIN_TERM	any	(value/shape mapped by the reader; see reason)	clt,pj,rg	3	Brazilian legal/fiscal vocabulary (permanent)	HR, clients (person type)	CLT is the Brazilian statutory employment regime (the national labor code); persisted as the contract_type value and default.	none while the Brazilian labor/legal regime is the supported regime		NOT_REQUIRED:3
NECESSARY_BOUNDARY	LEGAL_DOMAIN_TERM	any	(value/shape mapped by the reader; see reason)	tomador_inscricao_estadual,tomador_inscricao_municipal	2	Brazilian legal/fiscal vocabulary (permanent)	invoices (NFS-e issuance)	Official Brazilian tax/legal term (NFS-e): the service taker's (tomador) state/municipal tax registration; composed of two already-excepted fiscal terms (tomador, inscricao_estadual/inscricao_municipal).	only if the product adopts an official English NFS-e vocabulary		NOT_REQUIRED:2
NECESSARY_BOUNDARY	LEGAL_DOMAIN_TERM	any	(value/shape mapped by the reader; see reason)	boleto	1	Brazilian legal/fiscal vocabulary (permanent)	transactions payment_method, reports export/import	Brazilian payment instrument (boleto bancário) with no equivalent English instrument, like `pix`; persisted value of transactions.payment_method. Display label is pt-BR.	none while Brazilian payment instruments are supported		NOT_REQUIRED:1
NECESSARY_BOUNDARY	LEGAL_DOMAIN_TERM	any	(value/shape mapped by the reader; see reason)	PRO_MUSICA,AMAR,ASSIM	3	Brazilian legal/fiscal vocabulary (permanent)	rights/society enums	Pró-Música Brasil (collecting/industry body proper name); an acronym/proper noun, not a translatable word.	none		NOT_REQUIRED:3
NECESSARY_BOUNDARY	LEGAL_DOMAIN_TERM	api:auth	(value/shape mapped by the reader; see reason)	acceptedLgpd,accepted_lgpd	7	Brazilian legal/fiscal vocabulary (permanent)	Brazilian tax/legal domain vocabulary shared by the UI, the API contract and tenant data	Brazilian statutory or institutional proper term (tax: IRRF/ICMS/DAS/IPTU/IPVA; postal code CEP; state UF; privacy law LGPD; registry INPI; IBGE) with no faithful English technical equivalent; the term is the legal/product name, not a translatable word.	only if the product drops the Brazilian legal concept or the owner approves an English technical id (then add dual-read and a backfill)		NOT_REQUIRED:7
NECESSARY_BOUNDARY	LEGAL_DOMAIN_TERM	api:auth	(value/shape mapped by the reader; see reason)	acceptedLgpd	1	Brazilian legal/fiscal vocabulary (permanent)	the code that reads it	LGPD is the Brazilian data-protection statute (legal-domain acronym, like CPF and CNPJ); the consent field is named after the law.	none while the external contract or the legal term exists		NOT_REQUIRED:1
NECESSARY_BOUNDARY	LEGAL_DOMAIN_TERM	api:integrations	NC-015 `musicGenre`; NC-014 `durationText`	compositor,genero,duracao,editora,coautores,periodo	8	Brazilian legal/fiscal vocabulary (permanent)	ABRAMUS external API	Adapter spec that pins the exact external request body sent to the ABRAMUS API, whose fields are defined in Portuguese (compositor, coautores, genero, duracao, editora); the internal contract is English and is mapped to these names only in AbramusService.	only if ABRAMUS publishes an English contract		NOT_REQUIRED:8
NECESSARY_BOUNDARY	LEGAL_DOMAIN_TERM	api:reports	(value/shape mapped by the reader; see reason)	cep	1	Brazilian legal/fiscal vocabulary (permanent)	Brazilian tax/legal domain vocabulary shared by the UI, the API contract and tenant data	Brazilian statutory or institutional proper term (tax: IRRF/ICMS/DAS/IPTU/IPVA; postal code CEP; state UF; privacy law LGPD; registry INPI; IBGE) with no faithful English technical equivalent; the term is the legal/product name, not a translatable word.	only if the product drops the Brazilian legal concept or the owner approves an English technical id (then add dual-read and a backfill)	apps/api/src/modules/reports/i18n/field-labels.legacy-keys.spec.ts	NOT_REQUIRED:1
NECESSARY_BOUNDARY	LEGAL_DOMAIN_TERM	api:reports	(value/shape mapped by the reader; see reason)	CEP	1	Brazilian legal/fiscal vocabulary (permanent)	field label resolution for the `cep` field	`CEP` is the Brazilian postal code (Código de Endereçamento Postal), a national term with no English equivalent that users type as a spreadsheet header.	only if the product adopts a different term for the Brazilian postal code		NOT_REQUIRED:1
NECESSARY_BOUNDARY	LEGAL_DOMAIN_TERM	api:scripts	(value/shape mapped by the reader; see reason)	acceptedLgpd,accepted_lgpd	2	Brazilian legal/fiscal vocabulary (permanent)	Brazilian tax/legal domain vocabulary shared by the UI, the API contract and tenant data	Brazilian statutory or institutional proper term (tax: IRRF/ICMS/DAS/IPTU/IPVA; postal code CEP; state UF; privacy law LGPD; registry INPI; IBGE) with no faithful English technical equivalent; the term is the legal/product name, not a translatable word.	only if the product drops the Brazilian legal concept or the owner approves an English technical id (then add dual-read and a backfill)		NOT_REQUIRED:2
NECESSARY_BOUNDARY	LEGAL_DOMAIN_TERM	api:transactions	(value/shape mapped by the reader; see reason)	das,icms,iptu,ipva,irrf	5	Brazilian legal/fiscal vocabulary (permanent)	transaction-category-slugs.ts (API and web mirror), list/export filters, reports import canonicalizer, web label registry, migration 20260930000018	Official Brazilian tax acronym with no English equivalent; it is a canonical stored slug (UNCHANGED_TRANSACTION_CATEGORY_SLUGS), read as-is and never expanded in filters.	none: permanent domain term	apps/api/src/modules/transactions/transaction-category-slugs.legacy-compat.spec.ts	NOT_REQUIRED:5
NECESSARY_BOUNDARY	LEGAL_DOMAIN_TERM	api:transactions	(value/shape mapped by the reader; see reason)	pro_labore	2	Brazilian legal/fiscal vocabulary (permanent)	transaction category/subcategory pickers, list/export filters, reports import canonicalizer, accounting reports (every write uses this id)	`pro_labore` is the canonical, stable id of the platform category/subcategory for the Brazilian pro-labore (statutory remuneration paid to company partners); it is a legal/accounting term with no exact English equivalent, so the English-slug rule keeps it. It is the TARGET of the legacy kebab-case alias `pro-labore` (map keys in transaction-category-slugs.ts), not a legacy value itself; the legacy spelling has its own TEMPORARY_MIGRATION_COMPATIBILITY rows.	none while the Brazilian pro-labore remuneration regime exists; revisit only if the product adopts an English accounting vocabulary decision (BLK-TRANSACTION-CATEGORY-TAXONOMY)		NOT_REQUIRED:2
NECESSARY_BOUNDARY	LEGAL_DOMAIN_TERM	web:accounting	(value/shape mapped by the reader; see reason)	pro_labore	4	Brazilian legal/fiscal vocabulary (permanent)	transaction category/subcategory pickers, list/export filters, reports import canonicalizer, accounting reports (every write uses this id)	`pro_labore` is the canonical, stable id of the platform category/subcategory for the Brazilian pro-labore (statutory remuneration paid to company partners); it is a legal/accounting term with no exact English equivalent, so the English-slug rule keeps it. It is the TARGET of the legacy kebab-case alias `pro-labore` (map keys in transaction-category-slugs.ts), not a legacy value itself; the legacy spelling has its own TEMPORARY_MIGRATION_COMPATIBILITY rows.	none while the Brazilian pro-labore remuneration regime exists; revisit only if the product adopts an English accounting vocabulary decision (BLK-TRANSACTION-CATEGORY-TAXONOMY)		NOT_REQUIRED:4
NECESSARY_BOUNDARY	LEGAL_DOMAIN_TERM	web:accounting	(value/shape mapped by the reader; see reason)	irrf,das,icms,iptu,ipva	6	Brazilian legal/fiscal vocabulary (permanent)	Brazilian tax/legal domain vocabulary shared by the UI, the API contract and tenant data	Brazilian statutory or institutional proper term (tax: IRRF/ICMS/DAS/IPTU/IPVA; postal code CEP; state UF; privacy law LGPD; registry INPI; IBGE) with no faithful English technical equivalent; the term is the legal/product name, not a translatable word.	only if the product drops the Brazilian legal concept or the owner approves an English technical id (then add dual-read and a backfill)		NOT_REQUIRED:6
NECESSARY_BOUNDARY	LEGAL_DOMAIN_TERM	web:accounting	(value/shape mapped by the reader; see reason)	ISENTO	1	Brazilian legal/fiscal vocabulary (permanent)	invoice form rules for the tomador_inscricao_estadual field	`ISENTO` is the value Brazilian municipal service-invoice (NFS-e) tax authorities expect in the state registration (inscrição estadual) field when the taker is exempt; it is fiscal vocabulary sent verbatim to the issuer.	only if the NFS-e issuer contract changes the exempt marker		NOT_REQUIRED:1
NECESSARY_BOUNDARY	LEGAL_DOMAIN_TERM	web:accounting	(value/shape mapped by the reader; see reason)	PRO-LABORE	1	Brazilian legal/fiscal vocabulary (permanent)	canonicalTransactionSlug	Test input `PRO-LABORE`: pró-labore is a Brazilian legal/tax term (partner remuneration) with no English equivalent; the test proves the slug canonicalizer keeps it as-is.	only if the product replaces the pró-labore category slug		NOT_REQUIRED:1
NECESSARY_BOUNDARY	LEGAL_DOMAIN_TERM	web:accounting	(value/shape mapped by the reader; see reason)	DAS,IRRF	2	Brazilian legal/fiscal vocabulary (permanent)	financial category rule seeds (tax categories)	`DAS` (Documento de Arrecadação do Simples Nacional) and `IRRF` (Imposto de Renda Retido na Fonte) are Brazilian tax acronyms used as seeded financial keywords and category names; no English equivalent exists.	only if the product renames the tax categories		NOT_REQUIRED:2
NECESSARY_BOUNDARY	LEGAL_DOMAIN_TERM	web:auth	(value/shape mapped by the reader; see reason)	acceptLgpd	2	Brazilian legal/fiscal vocabulary (permanent)	Register form consent checkbox (UI) mapped to the signup payload	LGPD is the name of the Brazilian data-protection law; `acceptLgpd` is the registration-form field/consent label of that statute (the persisted API field is already accepted_lgpd/acceptedLgpd, ledgered separately).	only if the product drops the Brazilian legal concept or the owner approves an English technical id (then add dual-read and a backfill)		NOT_REQUIRED:2
NECESSARY_BOUNDARY	LEGAL_DOMAIN_TERM	web:auth	(value/shape mapped by the reader; see reason)	acceptLgpd	1	Brazilian legal/fiscal vocabulary (permanent)	the code that reads it	LGPD is the Brazilian data-protection statute (legal-domain acronym, like CPF and CNPJ); the consent field is named after the law.	none while the external contract or the legal term exists		NOT_REQUIRED:1
NECESSARY_BOUNDARY	LEGAL_DOMAIN_TERM	web:contracts	(value/shape mapped by the reader; see reason)	CONTRATANTE,CONTRATADO,ARTISTA,PRODUTOR,EMPRESA,EMPRESARIO,COMPOSITOR,TESTEMUNHA (+36)	85	Brazilian legal/fiscal vocabulary (permanent)	ROLE_LABELS and the participant variable generator; stored contract_templates.content with placeholders	Role keys of the contract TEMPLATE language: end users author templates with placeholders such as {{CONTRATANTE.NAME}} / {{CONTRATANTE_NOME_COMPLETO}} and the stored user-authored templates contain them verbatim; the PT role names are the end-user template vocabulary (decision D-C). The wizard persists the same user-authored tokens as contracts.signers[].role and as the keys of the parties blob (an open set written by template authors); only the closed SIGNER_ROLES set of lib/contract-schema.ts is English.	only if the product replaces the PT template placeholder language (then add a template-content migration and dual-read of the old placeholders)		NOT_REQUIRED:85
NECESSARY_BOUNDARY	LEGAL_DOMAIN_TERM	web:crm-relationships	(value/shape mapped by the reader; see reason)	inpi	1	Brazilian legal/fiscal vocabulary (permanent)	Brazilian tax/legal domain vocabulary shared by the UI, the API contract and tenant data	Brazilian statutory or institutional proper term (tax: IRRF/ICMS/DAS/IPTU/IPVA; postal code CEP; state UF; privacy law LGPD; registry INPI; IBGE) with no faithful English technical equivalent; the term is the legal/product name, not a translatable word.	only if the product drops the Brazilian legal concept or the owner approves an English technical id (then add dual-read and a backfill)		NOT_REQUIRED:1
NECESSARY_BOUNDARY	LEGAL_DOMAIN_TERM	web:crm-relationships	(value/shape mapped by the reader; see reason)	INPI	1	Brazilian legal/fiscal vocabulary (permanent)	contact classification options	`INPI` (Instituto Nacional da Propriedade Industrial) is the Brazilian trademark/patent authority acronym shown as a contact classification label.	only if the product renames the classification		NOT_REQUIRED:1
NECESSARY_BOUNDARY	LEGAL_DOMAIN_TERM	web:releases	(value/shape mapped by the reader; see reason)	bossa-nova	1	Brazilian legal/fiscal vocabulary (permanent)	genre-match.ts matchGenre (genre slug of releases/phonograms)	Bossa nova is the proper name of a Brazilian music genre; the persisted genre slug is derived from the PT label by toGenreSlug and has no English technical equivalent.	only if the product drops the genre or the owner approves an English id (then add dual-read and a backfill)	apps/web/src/modules/releases/lib/genre-match.test.ts	NOT_REQUIRED:1
NECESSARY_BOUNDARY	LEGAL_DOMAIN_TERM	web:shared	(value/shape mapped by the reader; see reason)	das,maskCPFCNPJ,maskCEP,cleanCEP,isValidCEP,formatCEP,accepted_lgpd,acceptLgpd (+1)	13	Brazilian legal/fiscal vocabulary (permanent)	Brazilian tax/legal domain vocabulary shared by the UI, the API contract and tenant data	Brazilian statutory or institutional proper term (tax: IRRF/ICMS/DAS/IPTU/IPVA; postal code CEP; state UF; privacy law LGPD; registry INPI; IBGE) with no faithful English technical equivalent; the term is the legal/product name, not a translatable word.	only if the product drops the Brazilian legal concept or the owner approves an English technical id (then add dual-read and a backfill)		NOT_REQUIRED:13
NECESSARY_BOUNDARY	LIVING_REGISTRY	docs	(value/shape mapped by the reader; see reason)	(whole file)	1	the naming registry itself	writers of PT-BR UI copy and reviewers of the UX language policy	The glossary maps English engineering terms to the PT-BR end-user vocabulary; the Portuguese terms in its table cells are the content of the document (UI copy decisions), not engineering prose.	none; the document exists to list PT-BR end-user terms		NOT_REQUIRED:1
NECESSARY_BOUNDARY	LIVING_REGISTRY	docs	(value/shape mapped by the reader; see reason)	(whole file)	1	the naming registry itself	engineers reading the naming authority; render-naming-docs.mjs --check	Generated by render-naming-docs.mjs from docs/naming/canonical-naming-map.json: its Portuguese cells are the legacy names and the PT-BR display labels that the map documents (the subject of the document), regenerated rather than hand-written.	none; the map documents Portuguese legacy names by design		NOT_REQUIRED:1
NECESSARY_BOUNDARY	LIVING_REGISTRY	docs	(value/shape mapped by the reader; see reason)	(whole file)	1	the naming registry itself	naming gates and the generated map/status documents	The ledger records legacy aliases, display labels and legacy values by definition; it is the registry, not product naming. Its structure is enforced by validate-canonical-map.mjs.	none while the ledger exists		NOT_REQUIRED:1
NECESSARY_BOUNDARY	LIVING_REGISTRY	docs	NC-001 `artistId`; NC-005 `campaignId`; NC-003 `clientId`; NC-010 `startDate`/`endDate` for the contracts/HR/goals family; `startsAt` for the events/campaigns/projects family	CHAVE_SECRETA_API,arquivo_audio,artista_id,campanha_id,cliente_id,criarContrato,data_inicio,data_vencimento (+19)	27	the naming registry itself	readers of the document	Comparative report: quotes the legacy name next to its canonical name as the before side of the comparison (and as the exact string the cited command matched). Documentation of the old name, not an operational use of it.	rewrite the passage when the legacy name is retired from the code and data		NOT_REQUIRED:27
NECESSARY_BOUNDARY	NAMING_TOOLING	scripts	(value/shape mapped by the reader; see reason)	VENDORED	1	exemption table of the naming gates (pinned by technical-naming-census.test.mjs)	technical-naming-census.mjs trackedFiles()	Third-party bundles committed as static assets (pdf.mjs, pdf.worker.min.mjs) are not names this repository controls; the census skips them entirely.	remove an entry when the bundle is replaced by a package dependency; remove the table when no vendored bundle remains		NOT_REQUIRED:1
NECESSARY_BOUNDARY	NAMING_TOOLING	scripts	(value/shape mapped by the reader; see reason)	DETECTOR_FIXTURES	1	exemption table of the naming gates (pinned by technical-naming-census.test.mjs)	technical-naming-census.mjs scanSource()	The naming detectors' vocabulary and test fixtures, and the old-to-new rename table, necessarily contain Portuguese words as data. Their identifiers are still checked; only string values, keys, test titles and comments are exempt.	remove an entry when the file stops embedding Portuguese data; remove the table when the detectors read their vocabulary from a non-code data file		NOT_REQUIRED:1
NECESSARY_BOUNDARY	NAMING_TOOLING	scripts	(value/shape mapped by the reader; see reason)	USER_INPUT_VOCABULARY	1	exemption table of the naming gates (pinned by technical-naming-census.test.mjs)	technical-naming-census.mjs scanSource()	Portuguese words that are genuine end-user input in one exact file: surname particles, spreadsheet/chat boolean answers, chat navigation commands, the redaction key senha. Exact file and exact value only.	remove an entry when its file no longer parses that Portuguese input, or the input is matched through a locale resource		NOT_REQUIRED:1
NECESSARY_BOUNDARY	NAMING_TOOLING	scripts	(value/shape mapped by the reader; see reason)	PT_CONTENT_VOCABULARY	1	exemption table of the naming gates (pinned by technical-naming-census.test.mjs)	technical-naming-census.mjs scanSource()	Portuguese words that are the data a file processes (classifier keyword probes, tokens parsed from LLM output and spreadsheet cells, the import template example label), not names the team chose. Exact file and exact value only.	remove an entry when the module reads the vocabulary from a locale or data resource, or stops processing that Portuguese content		NOT_REQUIRED:1
NECESSARY_BOUNDARY	NAMING_TOOLING	scripts	(value/shape mapped by the reader; see reason)	EXTERNAL_PROPERTY_NAMES	1	exemption table of the naming gates (pinned by technical-naming-census.test.mjs)	technical-naming-census.mjs scanSource() (identifier and objectKey surfaces)	Property names of third-party payloads we only read (ViaCEP, IBGE localities, ABRAMUS rows), exempt per exact file and exact name at the adapter boundary.	remove an entry when the provider changes its payload or the adapter maps it to English before the name is used		NOT_REQUIRED:1
NECESSARY_BOUNDARY	NAMING_TOOLING	scripts	(value/shape mapped by the reader; see reason)	EXTERNAL_TOOL_NAMES	1	exemption table of the naming gates (pinned by technical-naming-census.test.mjs)	technical-naming-census.mjs objectKey()	Third-party ecosystem names that collide with Portuguese words (Cargo.lock, Cargo.toml are Rust files, not 'cargo' = job role). Matched exactly and case-sensitively; never an entry this repository controls.	remove an entry when the tool file is no longer referenced by any tracked source		NOT_REQUIRED:1
NECESSARY_BOUNDARY	NAMING_TOOLING	scripts	(value/shape mapped by the reader; see reason)	UX_ARGUMENT_CALLEES	1	exemption table of the naming gates (pinned by technical-naming-census.test.mjs)	technical-naming-census.mjs isUxValue()	Calls whose string arguments after the first are user-visible nouns or participles composed into a PT-BR toast; they are UX text, not technical values.	remove an entry when the callee takes a typed key resolved through a label resource		NOT_REQUIRED:1
NECESSARY_BOUNDARY	NAMING_TOOLING	scripts	(value/shape mapped by the reader; see reason)	tipo_nota	1	exemption table of the naming gates (pinned by technical-naming-census.test.mjs)	apps/web invoice form and list filter, API clients of /invoices	Proof harness: the schema mutant renames the persisted column `tipo_nota` in a throwaway database copy to prove the covering check fails when the column boundary is removed.	remove the alias, the response mirror and the web old-API read one release after every web build sends fiscal_document_type and no consumer reads tipo_nota from responses	apps/api/scripts/verify-schema-compat-boundaries.ts	NOT_REQUIRED:1
NECESSARY_BOUNDARY	NEGATIVE_GUARD_TEST	api:artists	(value/shape mapped by the reader; see reason)	(whole file)	2	test fixture (asserts the legacy name is refused or gone)	web builds released before CZ-042	CZ-042: negative/compatibility test — sends the legacy Portuguese payload on purpose.	remove after a web release that sends the canonical CZ-042 contract is deployed to every environment	apps/api/src/modules/artists/artist-contract.spec.ts	PROVEN:2
NECESSARY_BOUNDARY	NEGATIVE_GUARD_TEST	api:artists	(value/shape mapped by the reader; see reason)	(whole file)	2	test fixture (asserts the legacy name is refused or gone)	web builds released before CZ-042	CZ-042: negative test — asserts the legacy Portuguese keys are never persisted/returned.	remove after a web release that sends the canonical CZ-042 contract is deployed to every environment	apps/api/src/modules/artists/artists.service.spec.ts	PROVEN:2
NECESSARY_BOUNDARY	NEGATIVE_GUARD_TEST	api:artists	(value/shape mapped by the reader; see reason)	(whole file)	2	test fixture (asserts the legacy name is refused or gone)	web builds / data written before the rename	Negative/compat test: deprecated Portuguese aliases get the same URL/UUID validation as the canonical fields.	remove with the legacy aliases / when the migrations are squashed	apps/api/src/modules/artists/dto/create-artist.dto.spec.ts	PROVEN:2
NECESSARY_BOUNDARY	NEGATIVE_GUARD_TEST	api:artists	(value/shape mapped by the reader; see reason)	ArtistTipo	1	test fixture (asserts the legacy name is refused or gone)	the compatibility test itself	Test input or assertion over a legacy Portuguese name that the compatibility reader still accepts; the name is the data under test, not a technical name the product introduces.	removed together with the legacy alias it exercises	apps/api/src/modules/artists/artist-type-removed.guard.spec.ts	PROVEN:1
NECESSARY_BOUNDARY	NEGATIVE_GUARD_TEST	api:assets	(value/shape mapped by the reader; see reason)	projeto,tarefa	2	test fixture (asserts the legacy name is refused or gone)	asset-linking and entity-metadata guard tests asserting the deleted Portuguese aliases/probe names stay rejected	Negative guard tests must name the deleted Portuguese aliases to prove they are rejected and that no entity column carries those names.	remove the guard literals once the corresponding legacy surfaces are gone from every client and the guard is no longer needed	apps/api/src/modules/assets/asset-linking.service.spec.ts	PROVEN:2
NECESSARY_BOUNDARY	NEGATIVE_GUARD_TEST	api:clients	(value/shape mapped by the reader; see reason)	(whole file)	2	test fixture (asserts the legacy name is refused or gone)	web builds released before CZ-043	CZ-043: negative/compatibility test — sends the legacy Portuguese payload on purpose.	remove after a web release that sends the canonical CZ-043 contract is deployed to every environment	apps/api/src/modules/clients/client-contract.spec.ts	PROVEN:2
NECESSARY_BOUNDARY	NEGATIVE_GUARD_TEST	api:core	(value/shape mapped by the reader; see reason)	(whole file)	1	test fixture (asserts the legacy name is refused or gone)	web builds released before CZ-038	Negative test: proves the workflow cover guard no longer reads the pre-CZ-038 column name.	remove after a web release that sends the canonical CZ-038 contract is deployed to every environment	apps/api/src/core/workflow/definitions/releases.workflow.spec.ts	PROVEN:1
NECESSARY_BOUNDARY	NEGATIVE_GUARD_TEST	api:core	(value/shape mapped by the reader; see reason)	artista,colaborador,comercial,juridico,produtor,rh_manager	7	test fixture (asserts the legacy name is refused or gone)	apps/api/src/core/rbac/role-hierarchy.ts (ROLE_HIERARCHY legacy keys), roles.guard.ts	Characterization fixture for the legacy Portuguese role slugs still persisted in org_members.role and authoritative in RolesGuard until the S5 retirement; the test proves each maps to its current authorization level.	remove after the RBAC expand-contract S4 backfill and S5 retirement of legacy Portuguese role slugs is authorized and executed	apps/api/src/core/guards/legacy-role-alias.contract.spec.ts	PROVEN:7
NECESSARY_BOUNDARY	NEGATIVE_GUARD_TEST	api:core	(value/shape mapped by the reader; see reason)	artista,colaborador,comercial,juridico,produtor,rh_manager	11	test fixture (asserts the legacy name is refused or gone)	apps/api/src/core/rbac/role-hierarchy.ts (ROLE_HIERARCHY legacy keys), roles.guard.ts	Characterization fixture for the legacy Portuguese role slugs still persisted in org_members.role and authoritative in RolesGuard until the S5 retirement; the test proves each maps to its current authorization level.	remove after the RBAC expand-contract S4 backfill and S5 retirement of legacy Portuguese role slugs is authorized and executed	apps/api/src/core/rbac/role-hierarchy.spec.ts	PROVEN:11
NECESSARY_BOUNDARY	NEGATIVE_GUARD_TEST	api:core	(value/shape mapped by the reader; see reason)	artista,colaborador,comercial,juridico,produtor,rh_manager	6	test fixture (asserts the legacy name is refused or gone)	apps/api/src/core/rbac/role-hierarchy.ts (ROLE_HIERARCHY legacy keys), roles.guard.ts	Characterization fixture for the legacy Portuguese role slugs still persisted in org_members.role and authoritative in RolesGuard until the S5 retirement; the test proves each maps to its current authorization level.	remove after the RBAC expand-contract S4 backfill and S5 retirement of legacy Portuguese role slugs is authorized and executed	apps/api/src/core/workflow/definitions/workflow-role-matrix.spec.ts	PROVEN:6
NECESSARY_BOUNDARY	NEGATIVE_GUARD_TEST	api:core	(value/shape mapped by the reader; see reason)	juridico	1	test fixture (asserts the legacy name is refused or gone)	core/rbac ROLE_HIERARCHY legacy keys, ENGLISH_ROLE_ALIASES, useHasRole, migration 20260930000001	Parity and alias tests must name the legacy Portuguese slugs still persisted in org_members.role and authoritative in RolesGuard until S5; they prove each English alias resolves to the same level and permissions.	remove after the RBAC expand-contract S4 backfill and S5 retirement of legacy Portuguese role slugs is authorized and executed	apps/api/src/core/rbac/english-role-alias.parity.spec.ts	PROVEN:1
NECESSARY_BOUNDARY	NEGATIVE_GUARD_TEST	api:core	(value/shape mapped by the reader; see reason)	(whole file)	1	test fixture (asserts the legacy name is refused or gone)	roles.guard.ts ROLE_HIERARCHY legacy keys	Pins each persisted legacy role slug to the canonical role alias enforced by RolesGuard.	delete together with the legacy role keys after RBAC S5 (owner authorization)	apps/api/src/core/guards/legacy-role-alias.contract.spec.ts	PROVEN:1
NECESSARY_BOUNDARY	NEGATIVE_GUARD_TEST	api:core	(value/shape mapped by the reader; see reason)	ARTISTA,COLABORADOR,COMERCIAL,JURIDICO,PRODUTOR,RH_MANAGER	6	test fixture (asserts the legacy name is refused or gone)	apps/api/src/core/rbac/role-hierarchy.ts (ROLE_HIERARCHY legacy keys, ENGLISH_ROLE_ALIASES), rbac.service.ts ROLE_PERMISSIONS	Characterization test: reads the FunctionalRole member for the Portuguese role slug still persisted in org_members.role / roles.slug and authoritative in RolesGuard until S5, to prove it keeps its hierarchy level, permission set and English alias.	remove each row when RBAC S5 retires the Portuguese slugs after the gated S4b data backfill (docs/engineering/rbac-retirement-plan.md)	apps/api/src/core/rbac/legacy-role-slugs.pinned.spec.ts	PROVEN:6
NECESSARY_BOUNDARY	NEGATIVE_GUARD_TEST	api:database	(value/shape mapped by the reader; see reason)	(whole file)	1	test fixture (asserts the legacy name is refused or gone)	web builds released before CZ-043	Guard maps each pre-rename physical column (canonical rebuild migration) to its current English name; the Portuguese names are historical migration facts.	remove after a web release that sends the canonical CZ-043 contract is deployed to every environment	apps/api/src/database/client-entity-schema-alignment.spec.ts	PROVEN:1
NECESSARY_BOUNDARY	NEGATIVE_GUARD_TEST	api:database	(value/shape mapped by the reader; see reason)	(whole file)	1	test fixture (asserts the legacy name is refused or gone)	web builds released before CZ-047	CZ-047: compatibility/negative test — feeds Portuguese and web-only values on purpose to prove they are mapped or rejected.	remove with the API legacy maps once a web release sending the canonical CZ-047 values is deployed everywhere	apps/api/src/database/marketing-content-vocabulary.migration.spec.ts	PROVEN:1
NECESSARY_BOUNDARY	NEGATIVE_GUARD_TEST	api:database	(value/shape mapped by the reader; see reason)	juridico	1	test fixture (asserts the legacy name is refused or gone)	core/rbac ROLE_HIERARCHY legacy keys, ENGLISH_ROLE_ALIASES, useHasRole, migration 20260930000001	Parity and alias tests must name the legacy Portuguese slugs still persisted in org_members.role and authoritative in RolesGuard until S5; they prove each English alias resolves to the same level and permissions.	remove after the RBAC expand-contract S4 backfill and S5 retirement of legacy Portuguese role slugs is authorized and executed	apps/api/src/database/add-english-role-slug-aliases.migration.spec.ts	PROVEN:1
NECESSARY_BOUNDARY	NEGATIVE_GUARD_TEST	api:database	(value/shape mapped by the reader; see reason)	carrossel,custo_alvo,feminino,imagem,nao_binario,pre_lancamento,texto	7	test fixture (asserts the legacy name is refused or gone)	campaign-builder state mapper, operational list sector/context slug legacy_slug resolution, project track mappers and migrations 20260930000028/29/31/32	Legacy Portuguese values persisted in jsonb/varchar columns are mapped to canonical English on read and rewritten by guarded backfills; the literals are the mapper keys, migration match lists and tests.	remove once migrations 20260930000028/29/31/32 ran everywhere, the residue preflights return 0 and old clients are gone	apps/api/src/database/campaign-builder-state.migration.spec.ts	PROVEN:7
NECESSARY_BOUNDARY	NEGATIVE_GUARD_TEST	api:database	(value/shape mapped by the reader; see reason)	flow-lancamento	1	test fixture (asserts the legacy name is refused or gone)	campaign-builder state mapper, operational list sector/context slug legacy_slug resolution, project track mappers and migrations 20260930000028/29/31/32	Legacy Portuguese values persisted in jsonb/varchar columns are mapped to canonical English on read and rewritten by guarded backfills; the literals are the mapper keys, migration match lists and tests.	remove once migrations 20260930000028/29/31/32 ran everywhere, the residue preflights return 0 and old clients are gone	apps/api/src/database/marketing-task-sector.migration.spec.ts	PROVEN:1
NECESSARY_BOUNDARY	NEGATIVE_GUARD_TEST	api:database	(value/shape mapped by the reader; see reason)	artista,contact_pf_classification,conteudo,empresa,projeto_musical	5	test fixture (asserts the legacy name is refused or gone)	campaign-builder state mapper, operational list sector/context slug legacy_slug resolution, project track mappers and migrations 20260930000028/29/31/32	Legacy Portuguese values persisted in jsonb/varchar columns are mapped to canonical English on read and rewritten by guarded backfills; the literals are the mapper keys, migration match lists and tests.	remove once migrations 20260930000028/29/31/32 ran everywhere, the residue preflights return 0 and old clients are gone	apps/api/src/database/operational-list-ap3.migration.spec.ts	PROVEN:5
NECESSARY_BOUNDARY	NEGATIVE_GUARD_TEST	api:database	(value/shape mapped by the reader; see reason)	projeto_musical	1	test fixture (asserts the legacy name is refused or gone)	campaign-builder state mapper, operational list sector/context slug legacy_slug resolution, project track mappers and migrations 20260930000028/29/31/32	Legacy Portuguese values persisted in jsonb/varchar columns are mapped to canonical English on read and rewritten by guarded backfills; the literals are the mapper keys, migration match lists and tests.	remove once migrations 20260930000028/29/31/32 ran everywhere, the residue preflights return 0 and old clients are gone	apps/api/src/database/operational-list-provenance.migration.spec.ts	PROVEN:1
NECESSARY_BOUNDARY	NEGATIVE_GUARD_TEST	api:database	(value/shape mapped by the reader; see reason)	chines-mandarim,nao,portugues,sim	4	test fixture (asserts the legacy name is refused or gone)	campaign-builder state mapper, operational list sector/context slug legacy_slug resolution, project track mappers and migrations 20260930000028/29/31/32	Legacy Portuguese values persisted in jsonb/varchar columns are mapped to canonical English on read and rewritten by guarded backfills; the literals are the mapper keys, migration match lists and tests.	remove once migrations 20260930000028/29/31/32 ran everywhere, the residue preflights return 0 and old clients are gone	apps/api/src/database/project-track-vocabulary.migration.spec.ts	PROVEN:4
NECESSARY_BOUNDARY	NEGATIVE_GUARD_TEST	api:database	(value/shape mapped by the reader; see reason)	outro	1	test fixture (asserts the legacy name is refused or gone)	migration 20260930000034	Fixture of the legacy singular default that migration 20260930000034 rewrites to `other`; the spec proves the exact-match rewrite, idempotency and the guarded rollback.	remove together with migration 20260930000034 once the census `contracts.type = 'outro'` is 0 everywhere	apps/api/src/database/contract-type-default.migration.spec.ts	PROVEN:1
NECESSARY_BOUNDARY	NEGATIVE_GUARD_TEST	api:database	(value/shape mapped by the reader; see reason)	outros	1	test fixture (asserts the legacy name is refused or gone)	migration 20260930000034 exact-match proof	Negative fixture: the plural platform alias (governed by the contract category registry decision) must NOT be rewritten by migration 20260930000034.	remove together with the `outros` alias and the registry decision	apps/api/src/database/contract-type-default.migration.spec.ts	PROVEN:1
NECESSARY_BOUNDARY	NEGATIVE_GUARD_TEST	api:database	(value/shape mapped by the reader; see reason)	parceria	1	test fixture (asserts the legacy name is refused or gone)	migration 20260930000034 exact-match proof	Negative fixture: a tenant-authored slug of the browser registry must stay byte-for-byte after migration 20260930000034.	remove when tenant slugs are governed by a server-side registry	apps/api/src/database/contract-type-default.migration.spec.ts	PROVEN:1
NECESSARY_BOUNDARY	NEGATIVE_GUARD_TEST	api:database	(value/shape mapped by the reader; see reason)	aguardando_atendimento,aguardando_cliente	2	test fixture (asserts the legacy name is refused or gone)	end users following pre-rename links	Test fixture asserting the legacy Portuguese value is still accepted/mapped (read-compat, backfilled data); the literal is the input under test, not a technical name introduced by the product.	removed together with the legacy alias it exercises	apps/api/src/database/verify-cz045-musicchat-migration.legacy-compat.spec.ts	PROVEN:2
NECESSARY_BOUNDARY	NEGATIVE_GUARD_TEST	api:integrations	(value/shape mapped by the reader; see reason)	(whole file)	2	test fixture (asserts the legacy name is refused or gone)	web builds released before the Abramus canonical register-work contract	RegisterAbramusWorkDto spec sends, on purpose, the pre-rename names of our own register-work input (titulo, compositor, coautores, genero, duracao, editora), which are accepted only as deprecated aliases mapped to the canonical English fields (canonical wins; an explicitly empty canonical value still fails), plus invented unknown field names (campoInventado, campo_da_autentique_nao_modelado) for the forbidNonWhitelisted negative cases. They are not the outbound ABRAMUS wire names (those live only in AbramusService, own PRODUCT_TERM rows). Whole-file row: per-name rows are pending (wildcard ratchet).	remove after a web release that sends the canonical names is deployed to every environment, together with the aliases; the two invented field names are test-only and can be renamed to English at any time	apps/api/src/modules/integrations/dto/integrations.dto.spec.ts	PROVEN:2
NECESSARY_BOUNDARY	NEGATIVE_GUARD_TEST	api:marketing	(value/shape mapped by the reader; see reason)	(whole file)	1	test fixture (asserts the legacy name is refused or gone)	web builds released before CZ-047	CZ-047: compatibility/negative test — feeds Portuguese and web-only values on purpose to prove they are mapped or rejected.	remove with the API legacy maps once a web release sending the canonical CZ-047 values is deployed everywhere	apps/api/src/modules/marketing/dto/marketing-contents.dto.spec.ts	PROVEN:1
NECESSARY_BOUNDARY	NEGATIVE_GUARD_TEST	api:marketing	(value/shape mapped by the reader; see reason)	carrossel,imagem,menor_custo,sustentacao,texto,todos	6	test fixture (asserts the legacy name is refused or gone)	campaign-builder state mapper, operational list sector/context slug legacy_slug resolution, project track mappers and migrations 20260930000028/29/31/32	Legacy Portuguese values persisted in jsonb/varchar columns are mapped to canonical English on read and rewritten by guarded backfills; the literals are the mapper keys, migration match lists and tests.	remove once migrations 20260930000028/29/31/32 ran everywhere, the residue preflights return 0 and old clients are gone	apps/api/src/modules/marketing/marketing-vocabulary.mk2.spec.ts	PROVEN:6
NECESSARY_BOUNDARY	NEGATIVE_GUARD_TEST	api:operational-lists	(value/shape mapped by the reader; see reason)	contact_pf_classification	1	test fixture (asserts the legacy name is refused or gone)	campaign-builder state mapper, operational list sector/context slug legacy_slug resolution, project track mappers and migrations 20260930000028/29/31/32	Legacy Portuguese values persisted in jsonb/varchar columns are mapped to canonical English on read and rewritten by guarded backfills; the literals are the mapper keys, migration match lists and tests.	remove once migrations 20260930000028/29/31/32 ran everywhere, the residue preflights return 0 and old clients are gone	apps/api/src/modules/operational-lists/dto/operational-lists.dto.spec.ts	PROVEN:1
NECESSARY_BOUNDARY	NEGATIVE_GUARD_TEST	api:operational-lists	(value/shape mapped by the reader; see reason)	contact_pf_classification	1	test fixture (asserts the legacy name is refused or gone)	campaign-builder state mapper, operational list sector/context slug legacy_slug resolution, project track mappers and migrations 20260930000028/29/31/32	Legacy Portuguese values persisted in jsonb/varchar columns are mapped to canonical English on read and rewritten by guarded backfills; the literals are the mapper keys, migration match lists and tests.	remove once migrations 20260930000028/29/31/32 ran everywhere, the residue preflights return 0 and old clients are gone	apps/api/src/modules/operational-lists/operational-lists.service.spec.ts	PROVEN:1
NECESSARY_BOUNDARY	NEGATIVE_GUARD_TEST	api:phonograms	(value/shape mapped by the reader; see reason)	(whole file)	2	test fixture (asserts the legacy name is refused or gone)	web builds released before CZ-040	CZ-040: negative/compatibility test — sends the legacy Portuguese payload on purpose.	remove after a web release that sends the canonical CZ-040 contract is deployed to every environment	apps/api/src/modules/phonograms/phonogram-contract.spec.ts	PROVEN:2
NECESSARY_BOUNDARY	NEGATIVE_GUARD_TEST	api:projects	(value/shape mapped by the reader; see reason)	musicas,ingles,nao,portugues,sim,talvez	6	test fixture (asserts the legacy name is refused or gone)	campaign-builder state mapper, operational list sector/context slug legacy_slug resolution, project track mappers and migrations 20260930000028/29/31/32	Legacy Portuguese values persisted in jsonb/varchar columns are mapped to canonical English on read and rewritten by guarded backfills; the literals are the mapper keys, migration match lists and tests.	remove once migrations 20260930000028/29/31/32 ran everywhere, the residue preflights return 0 and old clients are gone	apps/api/src/modules/projects/project-track-vocabulary.spec.ts	PROVEN:6
NECESSARY_BOUNDARY	NEGATIVE_GUARD_TEST	api:projects	(value/shape mapped by the reader; see reason)	ingles,portugues,sim	3	test fixture (asserts the legacy name is refused or gone)	campaign-builder state mapper, operational list sector/context slug legacy_slug resolution, project track mappers and migrations 20260930000028/29/31/32	Legacy Portuguese values persisted in jsonb/varchar columns are mapped to canonical English on read and rewritten by guarded backfills; the literals are the mapper keys, migration match lists and tests.	remove once migrations 20260930000028/29/31/32 ran everywhere, the residue preflights return 0 and old clients are gone	apps/api/src/modules/projects/projects.service.spec.ts	PROVEN:3
NECESSARY_BOUNDARY	NEGATIVE_GUARD_TEST	api:reports	(value/shape mapped by the reader; see reason)	(whole file)	1	test fixture (asserts the legacy name is refused or gone)	web builds released before CZ-041	Fixtures reproduce cells of spreadsheets exported before the value renames (legacy PT keys/values) to prove import-value-canonicalizers rewrites each to the canonical English value.	remove after a web release that sends the canonical CZ-041 contract is deployed to every environment	apps/api/src/modules/reports/import/import-value-canonicalizers.spec.ts	PROVEN:1
NECESSARY_BOUNDARY	NEGATIVE_GUARD_TEST	api:reports	NC-013 `description`; NC-016 `name`	assunto,codigo,descricao,nome,nome_fantasia,numero,razao_social,referencia	8	test fixture (asserts the legacy name is refused or gone)	asset-linking and entity-metadata guard tests asserting the deleted Portuguese aliases/probe names stay rejected	Negative guard tests must name the deleted Portuguese aliases to prove they are rejected and that no entity column carries those names.	remove the guard literals once the corresponding legacy surfaces are gone from every client and the guard is no longer needed	apps/api/src/modules/reports/entity-metadata.service.spec.ts	PROVEN:8
NECESSARY_BOUNDARY	NEGATIVE_GUARD_TEST	api:reports	(value/shape mapped by the reader; see reason)	comentarios_internos,notas_internas,observacoes_internas	3	test fixture (asserts the legacy name is refused or gone)	report-entity-definition.service.ts (HIDDEN_INTERNAL_HINT)	Negative assertion: the internal-field hint recognises only the canonical English names; the retired Portuguese names must NOT be matched (fixture proves the legacy vocabulary is no longer special-cased).	delete the negative assertion once no stored report definition can carry the retired names	apps/api/src/modules/reports/definitions/report-entity-definition.service.spec.ts	PROVEN:3
NECESSARY_BOUNDARY	NEGATIVE_GUARD_TEST	api:scripts	(value/shape mapped by the reader; see reason)	ajustes_solicitados,aprovado,pendente,reprovado	4	test fixture (asserts the legacy name is refused or gone)	apps/api/scripts/verify-marketing-content-approval-roundtrip.ts (opt-in round-trip proof for migration 20260930000003)	The opt-in migration round-trip script must seed and assert the pre-canonical Portuguese approval values to prove the backfill, the CHECK rejection of legacy inserts and the guarded down(); it never runs in the default test run.	remove together with migration 20260930000003 legacy approval mapping once the backfill ran in every environment	apps/api/scripts/verify-marketing-content-approval-roundtrip.ts	PROVEN:4
NECESSARY_BOUNDARY	NEGATIVE_GUARD_TEST	api:transactions	(value/shape mapped by the reader; see reason)	(whole file)	2	test fixture (asserts the legacy name is refused or gone)	web builds released before CZ-041	CZ-041: negative/compatibility test — sends the legacy Portuguese payload on purpose.	remove after a web release that sends the canonical CZ-041 contract is deployed to every environment	apps/api/src/modules/transactions/transaction-contract.spec.ts	PROVEN:2
NECESSARY_BOUNDARY	NEGATIVE_GUARD_TEST	api:works	(value/shape mapped by the reader; see reason)	(whole file)	2	test fixture (asserts the legacy name is refused or gone)	web builds released before CZ-039	CZ-039: negative/compatibility test — sends the legacy Portuguese payload on purpose to prove it is mapped to the canonical contract.	remove after a web release that sends the canonical CZ-039 contract is deployed to every environment	apps/api/src/modules/works/work-contract.spec.ts	PROVEN:2
NECESSARY_BOUNDARY	NEGATIVE_GUARD_TEST	web:accounting	(value/shape mapped by the reader; see reason)	(whole file)	2	test fixture (asserts the legacy name is refused or gone)	web builds released before CZ-041	CZ-041: negative test — asserts no Portuguese key/value is ever sent.	remove after a web release that sends the canonical CZ-041 contract is deployed to every environment	apps/web/src/modules/accounting/services/form-to-payload.mapper.test.ts	PROVEN:2
NECESSARY_BOUNDARY	NEGATIVE_GUARD_TEST	web:accounting	(value/shape mapped by the reader; see reason)	(whole file)	1	test fixture (asserts the legacy name is refused or gone)	web builds released before CZ-041	CZ-041: negative test plus the unchanged category slug 'outros' (BLK-TRANSACTION-CATEGORY-TAXONOMY).	remove after a web release that sends the canonical CZ-041 contract is deployed to every environment	apps/web/src/modules/accounting/services/ofx-import.test.ts	PROVEN:1
NECESSARY_BOUNDARY	NEGATIVE_GUARD_TEST	web:accounting	(value/shape mapped by the reader; see reason)	(whole file)	1	test fixture (asserts the legacy name is refused or gone)	web builds released before CZ-041	negative test — 'maio' is an invalid user input the validator must reject.	remove after a web release that sends the canonical CZ-041 contract is deployed to every environment	apps/web/src/modules/accounting/components/transaction-form/validation/__tests__/financial-form-validation.test.ts	PROVEN:1
NECESSARY_BOUNDARY	NEGATIVE_GUARD_TEST	web:artist	(value/shape mapped by the reader; see reason)	(whole file)	2	test fixture (asserts the legacy name is refused or gone)	web builds released before CZ-042	CZ-042: negative test — lists the legacy Portuguese keys/values to prove they are never sent nor read.	remove after a web release that sends the canonical CZ-042 contract is deployed to every environment	apps/web/src/modules/artist/services/artist.mapper.wire.test.ts	PROVEN:2
NECESSARY_BOUNDARY	NEGATIVE_GUARD_TEST	web:artist	(value/shape mapped by the reader; see reason)	(whole file)	1	test fixture (asserts the legacy name is refused or gone)	web builds released before CZ-042	CZ-042: negative test — asserts legacy Portuguese keys are absent from the payload.	remove after a web release that sends the canonical CZ-042 contract is deployed to every environment	apps/web/src/modules/artist/components/ArtistFormModal.cas-version.test.tsx	PROVEN:1
NECESSARY_BOUNDARY	NEGATIVE_GUARD_TEST	web:artist	(value/shape mapped by the reader; see reason)	STATUS_ARTISTA_OPTIONS,TIPO_ARTISTA_OPTIONS	2	test fixture (asserts the legacy name is refused or gone)	ArtistFormModal (guard only; never produced at runtime)	Negative guard: asserts the removed Portuguese constants `TIPO_ARTISTA_OPTIONS` and `STATUS_ARTISTA_OPTIONS` are not reintroduced in the artist form; the names must appear for the assertion.	remove the guard once the legacy constant names cannot be reintroduced (sections removed for a full release cycle)	apps/web/src/modules/artist/components/ArtistFormModal.sections-removed.guard.test.ts	PROVEN:2
NECESSARY_BOUNDARY	NEGATIVE_GUARD_TEST	web:catalog	(value/shape mapped by the reader; see reason)	(whole file)	2	test fixture (asserts the legacy name is refused or gone)	web builds released before CZ-039	CZ-039/CZ-040: negative test — asserts the pre-rename Portuguese keys/values are never sent nor read.	remove after a web release that sends the canonical CZ-039 contract is deployed to every environment	apps/web/src/modules/catalog/services/music-registration.mapper.test.ts	PROVEN:2
NECESSARY_BOUNDARY	NEGATIVE_GUARD_TEST	web:catalog	(value/shape mapped by the reader; see reason)	(whole file)	2	test fixture (asserts the legacy name is refused or gone)	web builds released before CZ-040	CZ-040: negative test — proves the old keys/values are ignored on read and never sent.	remove after a web release that sends the canonical CZ-040 contract is deployed to every environment	apps/web/src/modules/catalog/services/phonogram.mapper.test.ts	PROVEN:2
NECESSARY_BOUNDARY	NEGATIVE_GUARD_TEST	web:catalog	(value/shape mapped by the reader; see reason)	(whole file)	1	test fixture (asserts the legacy name is refused or gone)	web builds released before CZ-040	CZ-040: negative test — asserts no legacy Portuguese value appears in any option list.	remove after a web release that sends the canonical CZ-040 contract is deployed to every environment	apps/web/src/modules/catalog/constants/phonogram-options.test.ts	PROVEN:1
NECESSARY_BOUNDARY	NEGATIVE_GUARD_TEST	web:contracts	(value/shape mapped by the reader; see reason)	pendente,expirado,rescindido,assinado_em	5	test fixture (asserts the legacy name is refused or gone)	apps/web/src/modules/contracts (guard test only; never produced or accepted at runtime)	Negative regression fixture: proves the contracts web module no longer offers, reads or buckets the pre-canonical Portuguese contract status / phantom signature field; the literal must appear for the assertion to detect a reintroduction.	remove together with the stale-vocabulary guard once no historical row or client can carry the pre-canonical values	apps/web/src/modules/contracts/lib/contract-status.test.ts	PROVEN:5
NECESSARY_BOUNDARY	NEGATIVE_GUARD_TEST	web:crm-relationships	(value/shape mapped by the reader; see reason)	(whole file)	2	test fixture (asserts the legacy name is refused or gone)	web builds released before CZ-043	CZ-043: negative test — lists the legacy Portuguese keys to prove they are never sent.	remove after a web release that sends the canonical CZ-043 contract is deployed to every environment	apps/web/src/modules/crm-relationships/services/contacts.service.test.ts	PROVEN:2
NECESSARY_BOUNDARY	NEGATIVE_GUARD_TEST	web:crm-relationships	(value/shape mapped by the reader; see reason)	(whole file)	1	test fixture (asserts the legacy name is refused or gone)	web builds released before CZ-043	CZ-043: negative test — a legacy Portuguese value must render the PT-BR unknown label, never the raw value.	remove after a web release that sends the canonical CZ-043 contract is deployed to every environment	apps/web/src/modules/crm-relationships/constants/contact-classification.test.ts	PROVEN:1
NECESSARY_BOUNDARY	NEGATIVE_GUARD_TEST	web:crm-relationships	(value/shape mapped by the reader; see reason)	(whole file)	1	test fixture (asserts the legacy name is refused or gone)	web builds released before CZ-043	CZ-043: negative test — legacy Portuguese values must render the PT-BR unknown label.	remove after a web release that sends the canonical CZ-043 contract is deployed to every environment	apps/web/src/modules/crm-relationships/constants/labels.test.ts	PROVEN:1
NECESSARY_BOUNDARY	NEGATIVE_GUARD_TEST	web:events	(value/shape mapped by the reader; see reason)	adiado,agendado,cancelado,concluido,confirmado,negociacao,pendente,planejado (+1)	9	test fixture (asserts the legacy name is refused or gone)	guard tests asserting deleted Portuguese aliases are no longer special-cased and legacy severity/settings keys still map	Guard and regression tests must name the Portuguese legacy literals to prove they are gone or still mapped.	remove the fixture literals together with the guarded legacy surface	apps/web/src/modules/events/components/scheduler-form-status-aliases.guard.test.ts	PROVEN:9
NECESSARY_BOUNDARY	NEGATIVE_GUARD_TEST	web:licensing	(value/shape mapped by the reader; see reason)	interpretes	1	test fixture (asserts the legacy name is refused or gone)	web tests that prove the legacy value is read or ignored as documented	Test fixture: a deliberately legacy machine value proving the reader behavior.	remove when the legacy value is no longer producible by any persisted row or client and the guarding test is deleted with it	apps/web/src/modules/licensing/lib/license-format.test.ts	PROVEN:1
NECESSARY_BOUNDARY	NEGATIVE_GUARD_TEST	web:marketing	(value/shape mapped by the reader; see reason)	(whole file)	1	test fixture (asserts the legacy name is refused or gone)	web builds released before CZ-047	CZ-047: compatibility/negative test — feeds Portuguese and web-only values on purpose to prove they are mapped or rejected.	remove with the API legacy maps once a web release sending the canonical CZ-047 values is deployed everywhere	apps/web/src/modules/marketing/services/marketing.contents-vocabulary.test.ts	PROVEN:1
NECESSARY_BOUNDARY	NEGATIVE_GUARD_TEST	web:marketing	(value/shape mapped by the reader; see reason)	atmosfera,clima,compositores,fonograma_url,produtores,referencias,subgenero	7	test fixture (asserts the legacy name is refused or gone)	guard tests asserting deleted Portuguese aliases are no longer special-cased and legacy severity/settings keys still map	Guard and regression tests must name the Portuguese legacy literals to prove they are gone or still mapped.	remove the fixture literals together with the guarded legacy surface	apps/web/src/modules/marketing/services/musicIntelligenceEngine/loadReleaseContext.test.ts	PROVEN:7
NECESSARY_BOUNDARY	NEGATIVE_GUARD_TEST	web:marketing	(value/shape mapped by the reader; see reason)	alta,alto,baixa,calmo,festa,triste	6	test fixture (asserts the legacy name is refused or gone)	audioVocabulary compat mapper for old stored analysis values and tests proving them	The compat mapper reads old Portuguese audio-level tokens; tests name them to prove the mapping.	remove once no stored TrackAudioAnalysis can carry Portuguese audio-level values	apps/web/src/modules/marketing/services/musicIntelligenceEngine/audioVocabulary.test.ts	PROVEN:6
NECESSARY_BOUNDARY	NEGATIVE_GUARD_TEST	web:marketing	(value/shape mapped by the reader; see reason)	carrossel,catalogo,custo_alvo,imagem,limite_custo,pre_lancamento	6	test fixture (asserts the legacy name is refused or gone)	campaign-builder state mapper, operational list sector/context slug legacy_slug resolution, project track mappers and migrations 20260930000028/29/31/32	Legacy Portuguese values persisted in jsonb/varchar columns are mapped to canonical English on read and rewritten by guarded backfills; the literals are the mapper keys, migration match lists and tests.	remove once migrations 20260930000028/29/31/32 ran everywhere, the residue preflights return 0 and old clients are gone	apps/web/src/modules/marketing/components/campaign-builder/campaign-builder.vocabulary.test.ts	PROVEN:6
NECESSARY_BOUNDARY	NEGATIVE_GUARD_TEST	web:marketing	(value/shape mapped by the reader; see reason)	flow-lancamento	1	test fixture (asserts the legacy name is refused or gone)	campaign-builder state mapper, operational list sector/context slug legacy_slug resolution, project track mappers and migrations 20260930000028/29/31/32	Legacy Portuguese values persisted in jsonb/varchar columns are mapped to canonical English on read and rewritten by guarded backfills; the literals are the mapper keys, migration match lists and tests.	remove once migrations 20260930000028/29/31/32 ran everywhere, the residue preflights return 0 and old clients are gone	apps/web/src/modules/marketing/utils/marketing-sector.test.ts	PROVEN:1
NECESSARY_BOUNDARY	NEGATIVE_GUARD_TEST	web:marketing	(value/shape mapped by the reader; see reason)	subgenero	1	test fixture (asserts the legacy name is refused or gone)	web tests that prove the legacy value is read or ignored as documented	Test fixture: a deliberately legacy machine value proving the reader behavior.	remove when the legacy value is no longer producible by any persisted row or client and the guarding test is deleted with it	apps/web/src/modules/marketing/services/musicIntelligenceEngine/loadArtistContext.test.ts	PROVEN:1
NECESSARY_BOUNDARY	NEGATIVE_GUARD_TEST	web:projects	(value/shape mapped by the reader; see reason)	andamento,cancelado,concluido,em_andamento	4	test fixture (asserts the legacy name is refused or gone)	guard tests asserting deleted Portuguese aliases are no longer special-cased and legacy severity/settings keys still map	Guard and regression tests must name the Portuguese legacy literals to prove they are gone or still mapped.	remove the fixture literals together with the guarded legacy surface	apps/web/src/modules/projects/components/ProjectFormModal.status-aliases.guard.test.ts	PROVEN:4
NECESSARY_BOUNDARY	NEGATIVE_GUARD_TEST	web:projects	(value/shape mapped by the reader; see reason)	ingles,nao,portugues,sim	4	test fixture (asserts the legacy name is refused or gone)	campaign-builder state mapper, operational list sector/context slug legacy_slug resolution, project track mappers and migrations 20260930000028/29/31/32	Legacy Portuguese values persisted in jsonb/varchar columns are mapped to canonical English on read and rewritten by guarded backfills; the literals are the mapper keys, migration match lists and tests.	remove once migrations 20260930000028/29/31/32 ran everywhere, the residue preflights return 0 and old clients are gone	apps/web/src/modules/projects/utils/track-vocabulary.test.ts	PROVEN:4
NECESSARY_BOUNDARY	NEGATIVE_GUARD_TEST	web:projects	(value/shape mapped by the reader; see reason)	conclu,pendente	2	test fixture (asserts the legacy name is refused or gone)	web tests that prove the legacy value is read or ignored as documented	Test fixture: a deliberately legacy machine value proving the reader behavior.	remove when the legacy value is no longer producible by any persisted row or client and the guarding test is deleted with it	apps/web/src/modules/projects/components/ProjectViewModal.status-aliases.guard.test.ts	PROVEN:2
NECESSARY_BOUNDARY	NEGATIVE_GUARD_TEST	web:releases	(value/shape mapped by the reader; see reason)	(whole file)	1	test fixture (asserts the legacy name is refused or gone)	web builds released before CZ-038	Negative tests: prove a legacy Portuguese value is never echoed as a label and the Shares page no longer holds the pre-CZ-037 vocabulary.	remove after a web release that sends the canonical CZ-038 contract is deployed to every environment	apps/web/src/modules/releases/lib/share-format.test.tsx	PROVEN:1
NECESSARY_BOUNDARY	NEGATIVE_GUARD_TEST	web:releases	(value/shape mapped by the reader; see reason)	(whole file)	1	test fixture (asserts the legacy name is refused or gone)	web builds released before CZ-038	Negative test: proves the release form payload no longer sends the pre-CZ-038 field names.	remove after a web release that sends the canonical CZ-038 contract is deployed to every environment	apps/web/src/modules/releases/services/form-to-payload.mapper.test.ts	PROVEN:1
NECESSARY_BOUNDARY	NEGATIVE_GUARD_TEST	web:releases	(value/shape mapped by the reader; see reason)	titulo_obra	1	test fixture (asserts the legacy name is refused or gone)	web tests that prove the legacy value is read or ignored as documented	Test fixture: a deliberately legacy machine value proving the reader behavior.	remove when the legacy value is no longer producible by any persisted row or client and the guarding test is deleted with it	apps/web/src/modules/releases/components/share-modals.legacy-title.guard.test.ts	PROVEN:1
NECESSARY_BOUNDARY	NEGATIVE_GUARD_TEST	web:releases	(value/shape mapped by the reader; see reason)	eletronica	1	test fixture (asserts the legacy name is refused or gone)	genre-match.ts	The persisted genre slug is derived from the PT label; the test asserts the matcher output and the prototype-key negative cases.	remove once musicalGenres exposes English genre ids with dual-read plus backfill	apps/web/src/modules/releases/lib/genre-match.test.ts	PROVEN:1
NECESSARY_BOUNDARY	NEGATIVE_GUARD_TEST	web:settings	(value/shape mapped by the reader; see reason)	cargo,auto_alerta_financeiro,auto_lembrete_renovacao,auto_notificar_vencimento,auto_relatorio_semanal,notify_contratos,notify_financeiro,notify_lancamentos (+1)	10	test fixture (asserts the legacy name is refused or gone)	guard tests asserting deleted Portuguese aliases are no longer special-cased and legacy severity/settings keys still map	Guard and regression tests must name the Portuguese legacy literals to prove they are gone or still mapped.	remove the fixture literals together with the guarded legacy surface	apps/web/src/modules/settings/hooks/useUserSettings.legacy-keys.test.tsx	PROVEN:10
NECESSARY_BOUNDARY	NEGATIVE_GUARD_TEST	web:settings	NC-020 `active`	ativo	1	test fixture (asserts the legacy name is refused or gone)	guard tests asserting deleted Portuguese aliases are no longer special-cased and legacy severity/settings keys still map	Guard and regression tests must name the Portuguese legacy literals to prove they are gone or still mapped.	remove the fixture literals together with the guarded legacy surface	apps/web/src/modules/settings/hooks/useUsers.status-type.test.ts	PROVEN:1
NECESSARY_BOUNDARY	NEGATIVE_GUARD_TEST	web:settings	(value/shape mapped by the reader; see reason)	contact_pf_classification,conteudo,projeto_musical	3	test fixture (asserts the legacy name is refused or gone)	campaign-builder state mapper, operational list sector/context slug legacy_slug resolution, project track mappers and migrations 20260930000028/29/31/32	Legacy Portuguese values persisted in jsonb/varchar columns are mapped to canonical English on read and rewritten by guarded backfills; the literals are the mapper keys, migration match lists and tests.	remove once migrations 20260930000028/29/31/32 ran everywhere, the residue preflights return 0 and old clients are gone	apps/web/src/modules/settings/lib/operational-vocabulary.test.ts	PROVEN:3
NECESSARY_BOUNDARY	NEGATIVE_GUARD_TEST	web:settings	(value/shape mapped by the reader; see reason)	cargo	1	test fixture (asserts the legacy name is refused or gone)	web tests that prove the legacy value is read or ignored as documented	Test fixture: a deliberately legacy machine value proving the reader behavior.	remove when the legacy value is no longer producible by any persisted row or client and the guarding test is deleted with it	apps/web/src/modules/settings/components/UserFormModal.update-payload.test.tsx	PROVEN:1
NECESSARY_BOUNDARY	NEGATIVE_GUARD_TEST	web:shared	(value/shape mapped by the reader; see reason)	artista,colaborador,comercial,juridico,produtor,rh_manager	6	test fixture (asserts the legacy name is refused or gone)	core/rbac ROLE_HIERARCHY legacy keys, ENGLISH_ROLE_ALIASES, useHasRole, migration 20260930000001	Parity and alias tests must name the legacy Portuguese slugs still persisted in org_members.role and authoritative in RolesGuard until S5; they prove each English alias resolves to the same level and permissions.	remove after the RBAC expand-contract S4 backfill and S5 retirement of legacy Portuguese role slugs is authorized and executed	apps/web/src/shared/hooks/useHasRole.test.tsx	PROVEN:6
NECESSARY_BOUNDARY	NEGATIVE_GUARD_TEST	web:shared	(value/shape mapped by the reader; see reason)	adiantamento_artista,agenciamento_gestao,cessao_direitos,consultoria,desenvolvimento_site,direitos-autorais,direitos_autorais,distribuicao_digital (+16)	24	test fixture (asserts the legacy name is refused or gone)	web tests that prove the legacy value is read or ignored as documented	Test fixture: a deliberately legacy machine value proving the reader behavior.	remove when the legacy value is no longer producible by any persisted row or client and the guarding test is deleted with it	apps/web/src/shared/lib/category-labels.test.ts	PROVEN:24
NECESSARY_BOUNDARY	NEGATIVE_GUARD_TEST	web:test	(value/shape mapped by the reader; see reason)	(whole file)	2	test fixture (asserts the legacy name is refused or gone)	web builds released before CZ-040	CZ-040: negative test — asserts no legacy key is sent and a legacy cod_ecad is not read.	remove after a web release that sends the canonical CZ-040 contract is deployed to every environment	apps/web/src/test/PhonogramFormModal.edit.test.tsx	PROVEN:2
NECESSARY_BOUNDARY	NEGATIVE_GUARD_TEST	web:test	(value/shape mapped by the reader; see reason)	(whole file)	2	test fixture (asserts the legacy name is refused or gone)	web builds released before CZ-040	CZ-040: negative test — records carrying only legacy fields render as empty.	remove after a web release that sends the canonical CZ-040 contract is deployed to every environment	apps/web/src/test/PhonogramViewModal.test.tsx	PROVEN:2
NECESSARY_BOUNDARY	PACK_TOOLING	pack:.claude	(value/shape mapped by the reader; see reason)	ALTO,BAIXO,CRITICO,INFORMATIVO,MEDIO	5	engineering pack tooling	findings recorded in .claude/ops (state.json, evidence) and prescribed by agent docs (security-reviewer, git-auditor) and gates/completion.json use the Portuguese severities CRITICO/ALTO/MEDIO/BAIXO/INFORMATIVO	SEVERITY_RANK ranks the Portuguese severity `ALTO` alongside its English twin so findings from tools and agents using either vocabulary correlate and rank correctly.	remove after ops.mjs SEVERITIES, gates/completion.json, the agent docs and every stored finding in .claude/ops use CRITICAL/HIGH/MEDIUM/LOW/INFO (migrate stored findings or let archives age out)	.claude/runtime/tests/finding-correlation-severity-aliases.regression.mjs	NOT_REQUIRED:5
NECESSARY_BOUNDARY	PACK_TOOLING	pack:.claude	(value/shape mapped by the reader; see reason)	alto	1	engineering pack tooling	guard tests asserting deleted Portuguese aliases are no longer special-cased and legacy severity/settings keys still map	Guard and regression tests must name the Portuguese legacy literals to prove they are gone or still mapped.	remove the fixture literals together with the guarded legacy surface	.claude/runtime/tests/finding-correlation-severity-aliases.regression.mjs	NOT_REQUIRED:1
NECESSARY_BOUNDARY	PACK_TOOLING	pack:.claude	(value/shape mapped by the reader; see reason)	cargo	1	engineering pack tooling	dependency discovery of the governance runtime	`Cargo.lock` -> `cargo` names the external Rust package manager in the engine's lockfile-to-ecosystem table; it is a tool name, not the Portuguese word for a position. Ownership clarification (independent review): this is the Engineering OS PACK's own governance contract (finding-record schema, gates, runtime severity aliases), defined by the pack and not by a product provider; it is frozen for product delivery (rules/skills/contracts change only through the pack's /improve maintenance, see the recorded improve candidates) and is not product naming.	none: external tool name		NOT_REQUIRED:1
NECESSARY_BOUNDARY	PACK_TOOLING	pack:.claude	(value/shape mapped by the reader; see reason)	(whole file)	1	engineering pack tooling	.claude/runtime, .claude/gates, recorded finding records	These enum values (CRITICO, ALTO, CORRIGIDA, DADO_HISTORICO, ...) are the data contract of the installed Engineering OS pack: runtime, gates, rules (.claude/rules/naming-canonical.md) and every recorded finding use them. Renaming them is a pack-wide contract change, not product naming. Ownership clarification (independent review): this is the Engineering OS PACK's own governance contract (finding-record schema, gates, runtime severity aliases), defined by the pack and not by a product provider; it is frozen for product delivery (rules/skills/contracts change only through the pack's /improve maintenance, see the recorded improve candidates) and is not product naming.	a pack contract version that renames the enums, applied to the runtime, gates, rules and recorded history together		NOT_REQUIRED:1
NECESSARY_BOUNDARY	PACK_TOOLING	pack:.claude	(value/shape mapped by the reader; see reason)	(whole file)	2	engineering pack tooling	.claude/runtime/workflow-match.mjs	Workflow discovery matches the words of the owner's orders, which are written in Portuguese; the keywords are input vocabulary, not technical identifiers.	none while orders are written in Portuguese		NOT_REQUIRED:2
NECESSARY_BOUNDARY	PACK_TOOLING	pack:.claude	(value/shape mapped by the reader; see reason)	ALTO,ARTEFATO_DESCARTAVEL,BAIXO,CONTRATO_EXTERNO,CORRIGIDA,CRITICO,DADO_HISTORICO,DIVIDA_ACEITA (+6)	15	engineering pack tooling	`.claude/contracts/finding-record.schema.json` consumers (ops.mjs findings, finding-correlation)	Enum values of the pack finding contract `.claude/contracts/finding-record.schema.json` (severity and disposition vocabulary of the engineering pack, also named by .claude/rules/naming-canonical.md). The runtime must accept exactly the values the schema declares. Ownership clarification (independent review): this is the Engineering OS PACK's own governance contract (finding-record schema, gates, runtime severity aliases), defined by the pack and not by a product provider; it is frozen for product delivery (rules/skills/contracts change only through the pack's /improve maintenance, see the recorded improve candidates) and is not product naming.	only if the pack changes its finding-record schema enum (then update schema, runtime and records together)		NOT_REQUIRED:15
NECESSARY_BOUNDARY	PACK_TOOLING	pack:.claude	(value/shape mapped by the reader; see reason)	ALTO,BAIXO,CRITICO,INFORMATIVO,MEDIO	5	engineering pack tooling	finding-correlation (severity rank)	Regression cases for the legacy Portuguese severity values of the pack finding contract (`CRITICO`, `ALTO`, ...), proving they rank like their English equivalents. Ownership clarification (independent review): this is the Engineering OS PACK's own governance contract (finding-record schema, gates, runtime severity aliases), defined by the pack and not by a product provider; it is frozen for product delivery (rules/skills/contracts change only through the pack's /improve maintenance, see the recorded improve candidates) and is not product naming.	only if the pack finding schema drops the Portuguese severity values		NOT_REQUIRED:5
NECESSARY_BOUNDARY	PACK_TOOLING	pack:.claude	(value/shape mapped by the reader; see reason)	DADO_HISTORICO,HISTORICO_MIGRATION,DOCUMENTACAO_HISTORICA,DIVIDA_ACEITA,ARTEFATO_DESCARTAVEL,CONTRATO_EXTERNO,FALSO_POSITIVO	14	engineering pack tooling	readers of the document	Pack guidance: uses the legacy name as a worked example of what to detect or rename. Instruction text for agents, not a name used by the product.	rewrite the passage when the legacy name is retired from the code and data		NOT_REQUIRED:14
NECESSARY_BOUNDARY	PERSISTED_LEGACY_STRUCTURE	api:artists	NC-009 `type`	tipo	1	live database objects awaiting an approved destructive migration	none (test-only evidence)	Negative guard test: asserts the removed Portuguese legacy name is absent from the production shape; the literal is the evidence.	none while the legacy name must stay forbidden	apps/api/src/modules/artists/artist-type-removed.guard.spec.ts	PROVEN:1
NECESSARY_BOUNDARY	PERSISTED_LEGACY_STRUCTURE	api:artists	(value/shape mapped by the reader; see reason)	apple_music_albuns,deezer_fas,instagram_seguidores,soundcloud_seguidores,spotify_ouvintes,status_cadastro,tiktok_seguidores,youtube_inscritos	8	live database objects awaiting an approved destructive migration	none (test-only evidence)	Negative guard test: asserts the removed Portuguese legacy name is absent from the production shape; the literal is the evidence.	none while the legacy name must stay forbidden	apps/api/src/modules/artists/legacy-metric-and-status-columns.guard.spec.ts	PROVEN:8
NECESSARY_BOUNDARY	PERSISTED_LEGACY_STRUCTURE	api:contract-service-types	(value/shape mapped by the reader; see reason)	distribuicao	1	live database objects awaiting an approved destructive migration	contract service types CRUD, sameContractCategory alias matcher	contract_service_types.slug is derived from the name the tenant typed (`Distribuição` -> `distribuicao`); those rows are tenant content that the platform never rewrites, and the spec creates one the way a tenant does.	the server-side contract category registry decision (see canonical map blocker for the contracts registry) makes tenant slugs platform-governed	apps/api/src/modules/contract-service-types/contract-service-types.controller.spec.ts	PROVEN:1
NECESSARY_BOUNDARY	PERSISTED_LEGACY_STRUCTURE	api:contract-service-types	(value/shape mapped by the reader; see reason)	distribuicao	1	live database objects awaiting an approved destructive migration	contract service types service	Same boundary: the slug of a tenant-owned service type derived from the typed name; the spec proves the service stores exactly what the tenant entered.	the server-side contract category registry decision makes tenant slugs platform-governed	apps/api/src/modules/contract-service-types/contract-service-types.service.spec.ts	PROVEN:1
NECESSARY_BOUNDARY	PERSISTED_LEGACY_STRUCTURE	api:core	(value/shape mapped by the reader; see reason)	Administrativo,Distribuição,Jurídico	3	live database objects awaiting an approved destructive migration	project planning automation (task department assignment) and the tasks/marketing views that read `department`	`DEFAULT_DEPARTMENTS` are persisted verbatim as the `department` of generated project tasks; the stored values are Portuguese department names displayed to users, and re-keying them to canonical ids needs a data migration of tasks.department.	when tasks.department is re-keyed to canonical English department ids by an approved data migration (the labels then come from the PT-BR label resource)	apps/api/src/core/automation/project-planning.default-departments.spec.ts	PROVEN:3
NECESSARY_BOUNDARY	PERSISTED_LEGACY_STRUCTURE	api:database	(value/shape mapped by the reader; see reason)	endereco,prioridade,responsavel,segmento	4	live database objects awaiting an approved destructive migration	none (test-only evidence)	Negative guard test: asserts the removed Portuguese legacy name is absent from the production shape; the literal is the evidence.	none while the legacy name must stay forbidden	apps/api/src/database/client-entity-schema-alignment.spec.ts	PROVEN:4
NECESSARY_BOUNDARY	PERSISTED_LEGACY_STRUCTURE	api:database	NC-016 `name`	nome	1	live database objects awaiting an approved destructive migration	none (test-only evidence)	Negative guard test: asserts the removed Portuguese legacy name is absent from the production shape; the literal is the evidence.	none while the legacy name must stay forbidden	apps/api/src/database/raw-sql-column-references.guard.spec.ts	PROVEN:1
NECESSARY_BOUNDARY	PERSISTED_LEGACY_STRUCTURE	api:database	(value/shape mapped by the reader; see reason)	tipo_nota	1	live database objects awaiting an approved destructive migration	invoices module, report entity definitions, fiscal (NFS-e) forms	Persisted column name of the fiscal document kind (nfse | nfe | nfce are the legal values). The canonical API/DTO/web/reports name is now `fiscal_document_type`; this layer still names the physical column `tipo_nota`. Renaming the column (to fiscal_document_type or the R1 outcome) is a persisted-data change that needs the owner's approval (BLK-INVOICES-FISCAL-DISCRIMINATORS).	owner decision R1 recorded and an approved rename migration with backfill and dual-read applied in every environment	apps/api/src/modules/invoices/invoice-entity-fiscal-document-type.spec.ts	PROVEN:1
NECESSARY_BOUNDARY	PERSISTED_LEGACY_STRUCTURE	api:database	(value/shape mapped by the reader; see reason)	tipo_nota	1	live database objects awaiting an approved destructive migration	form-field-dto-parity.spec.ts	Persisted column name of the fiscal document kind (nfse | nfe | nfce are the legal values). The canonical API/DTO/web/reports name is now `fiscal_document_type`; this layer still names the physical column `tipo_nota`. Renaming the column (to fiscal_document_type or the R1 outcome) is a persisted-data change that needs the owner's approval (BLK-INVOICES-FISCAL-DISCRIMINATORS).	owner decision R1 recorded and an approved rename migration with backfill and dual-read applied in every environment	apps/api/src/database/form-field-dto-parity.spec.ts	PROVEN:1
NECESSARY_BOUNDARY	PERSISTED_LEGACY_STRUCTURE	api:database	(value/shape mapped by the reader; see reason)	despesa,imposto,investimento,receita,transferencia	5	live database objects awaiting an approved destructive migration	`preflightSchemaChange` (migrate/rollback preflight warning)	The schema-change preflight lists `transactions.type` values outside the accepted set; the accepted set deliberately includes the legacy Portuguese values (`receita`, `despesa`, `investimento`, `imposto`, `transferencia`) that may still be persisted and are valid under chk_transactions_type until the data backfill completes.	when transactions.type is backfilled to English everywhere and chk_transactions_type accepts only English values	apps/api/src/database/migrate-application.preflight-transaction-types.spec.ts	PROVEN:5
NECESSARY_BOUNDARY	PERSISTED_LEGACY_STRUCTURE	api:database	(value/shape mapped by the reader; see reason)	rh	1	live database objects awaiting an approved destructive migration	migration draft 20260930000051 (HR permission resource rename)	Unpublished migration draft that renames the legacy persisted permission resource `rh` to `hr`; the legacy value is the subject of the rename (and of its rollback).	when the draft is promoted, applied everywhere and retired as immutable history	apps/api/src/database/migration-drafts/rename-legacy-hr-permissions.draft.spec.ts	PROVEN:1
NECESSARY_BOUNDARY	PERSISTED_LEGACY_STRUCTURE	api:database	(value/shape mapped by the reader; see reason)	RH,rh	2	live database objects awaiting an approved destructive migration	unregistered draft migration 20260930000051 (blocked on BLK-RBAC-LEGACY-ROLE-SLUGS related approval)	Draft migration spec: asserts the exact SQL that renames the legacy `rh` permission resource to `hr`, including near-miss values that must stay untouched.	remove with the draft once the in-place rename is approved, applied and the draft deleted	apps/api/src/database/migration-drafts/rename-legacy-hr-permissions.draft.spec.ts	PROVEN:2
NECESSARY_BOUNDARY	PERSISTED_LEGACY_STRUCTURE	api:database	(value/shape mapped by the reader; see reason)	DESPESA,despesa,despesas,imposto,investimento,receita,transferencia	7	live database objects awaiting an approved destructive migration	migrate-application.ts preflightSchemaChange	Behavioral test of the preflight NOT IN list: legacy persisted transactions.type values count as mapped; near-misses warn.	remove the legacy list with the transactions.type backfill (approval needed)	apps/api/src/database/migrate-application.preflight-transaction-types.spec.ts	PROVEN:7
NECESSARY_BOUNDARY	PERSISTED_LEGACY_STRUCTURE	api:invoices	(value/shape mapped by the reader; see reason)	tipo_nota	1	live database objects awaiting an approved destructive migration	InvoicesService create/update/list, invoice audit and webhook payloads	Persisted column name of the fiscal document kind (nfse | nfe | nfce are the legal values). The canonical API/DTO/web/reports name is now `fiscal_document_type`; this layer still names the physical column `tipo_nota`. Renaming the column (to fiscal_document_type or the R1 outcome) is a persisted-data change that needs the owner's approval (BLK-INVOICES-FISCAL-DISCRIMINATORS).	owner decision R1 recorded and an approved rename migration with backfill and dual-read applied in every environment	apps/api/src/modules/invoices/fiscal-document-type.contract.spec.ts	PROVEN:1
NECESSARY_BOUNDARY	PERSISTED_LEGACY_STRUCTURE	api:invoices	(value/shape mapped by the reader; see reason)	tipo_nota	1	live database objects awaiting an approved destructive migration	invoices.service.spec.ts (negative guard against the earlier type/tipo_nota mix-up)	Persisted column name of the fiscal document kind (nfse | nfe | nfce are the legal values). The canonical API/DTO/web/reports name is now `fiscal_document_type`; this layer still names the physical column `tipo_nota`. Renaming the column (to fiscal_document_type or the R1 outcome) is a persisted-data change that needs the owner's approval (BLK-INVOICES-FISCAL-DISCRIMINATORS).	owner decision R1 recorded and an approved rename migration with backfill and dual-read applied in every environment	apps/api/src/modules/invoices/invoices.service.spec.ts	PROVEN:1
NECESSARY_BOUNDARY	PERSISTED_LEGACY_STRUCTURE	api:operational-lists	(value/shape mapped by the reader; see reason)	VIDEOMAKER	1	live database objects awaiting an approved destructive migration	operational lists defaults / tenant operational_list_items rows	Platform default operational-list item whose persisted `slug` is `VIDEOMAKER`; the slug is the key of tenant data (tenant rows and migrations reference it), so renaming it requires a data migration of operational_list_items.slug.	when operational-list slugs are re-keyed by an approved data migration	apps/api/src/modules/operational-lists/operational-lists.default-contact-classification.spec.ts	PROVEN:1
NECESSARY_BOUNDARY	PERSISTED_LEGACY_STRUCTURE	api:queues	(value/shape mapped by the reader; see reason)	agendado	1	live database objects awaiting an approved destructive migration	none (test-only evidence)	Negative guard test: asserts the removed Portuguese legacy name is absent from the production shape; the literal is the evidence.	none while the legacy name must stay forbidden	apps/api/src/queues/processors/marketing-publishing.processor.spec.ts	PROVEN:1
NECESSARY_BOUNDARY	PERSISTED_LEGACY_STRUCTURE	api:reports	(value/shape mapped by the reader; see reason)	projetoRef	1	live database objects awaiting an approved destructive migration	none (test-only evidence)	Negative guard test: asserts the removed Portuguese legacy name is absent from the production shape; the literal is the evidence.	none while the legacy name must stay forbidden	apps/api/src/modules/reports/single-sheet.guard.spec.ts	PROVEN:1
NECESSARY_BOUNDARY	PERSISTED_LEGACY_STRUCTURE	api:reports	(value/shape mapped by the reader; see reason)	tipo_nota	1	live database objects awaiting an approved destructive migration	invoices report export/import contract	Persisted column name of the fiscal document kind (nfse | nfe | nfce are the legal values). The canonical API/DTO/web/reports name is now `fiscal_document_type`; this layer still names the physical column `tipo_nota`. Renaming the column (to fiscal_document_type or the R1 outcome) is a persisted-data change that needs the owner's approval (BLK-INVOICES-FISCAL-DISCRIMINATORS).	owner decision R1 recorded and an approved rename migration with backfill and dual-read applied in every environment	apps/api/src/modules/reports/form-contracts/invoices-fiscal-document-type.spec.ts	PROVEN:1
NECESSARY_BOUNDARY	PERSISTED_LEGACY_STRUCTURE	api:scripts	(value/shape mapped by the reader; see reason)	transferencia	1	live database objects awaiting an approved destructive migration	schema-boundary-proof.mjs (own-mutation proof)	The proof inserts the legacy payment-method value accepted by the CHECK constraint on a real migrated database to prove the schema boundary is exercised and that its mutation is killed.	remove when the legacy payment-method value is dropped from the CHECK constraint (destructive, needs approval)	apps/api/scripts/verify-schema-compat-boundaries.ts	PROVEN:1
NECESSARY_BOUNDARY	PERSISTED_LEGACY_STRUCTURE	api:scripts	(value/shape mapped by the reader; see reason)	outros	1	live database objects awaiting an approved destructive migration	`apps/api/scripts/verify-critical-rls.ts` run against a disposable database	Verification script inserts a client row with the legacy persisted `profile` value `outros` (legacy Portuguese classification still accepted by the live clients schema) to prove RLS isolation on the real table.	when clients.profile legacy Portuguese values are removed by the approved data migration (then insert `other`)		PROVEN:1
NECESSARY_BOUNDARY	PERSISTED_LEGACY_STRUCTURE	api:scripts	NC-018 `category`; NC-016 `name`	antigo,banco,categoria,cep,chave_pix,conta,em_producao,especialidades (+8)	16	live database objects awaiting an approved destructive migration	migrations CZ-042 / CZ-043 (verification of the dual-column backfill)	Migration verification script writes and reads the LEGACY Portuguese physical columns and values (nome_artistico, banco, chave_pix, tipo_perfil, razao_social, responsavel_cargo, categoria, perfil, em_producao ...) to prove migrations CZ-042/CZ-043 backfill them to the English columns; the legacy names are the subject under test.	when the legacy columns are dropped by the approved destructive migration (legacy-column-drop drafts) and this verification script is retired with them		PROVEN:16
NECESSARY_BOUNDARY	PERSISTED_LEGACY_STRUCTURE	api:scripts	(value/shape mapped by the reader; see reason)	ajustes,aprovado,pendente,reprovado	4	live database objects awaiting an approved destructive migration	migration BackfillAndRestrictMarketingContentApprovalToEnglish20260930000003 (verification)	Roundtrip verification inserts the legacy Portuguese approval statuses (`pendente`, `aprovado`, `reprovado`, `ajustes`) to prove the migration that backfills marketing content approval to English values and the rollback restoring them.	when that migration has been applied everywhere and its rollback verification is retired		PROVEN:4
NECESSARY_BOUNDARY	PERSISTED_LEGACY_STRUCTURE	api:scripts	(value/shape mapped by the reader; see reason)	tipo_nota	1	live database objects awaiting an approved destructive migration	apps/web invoice form and list filter, API clients of /invoices	Verification script: reads and writes the persisted column `tipo_nota` of the fiscal document kind against a real migrated PostgreSQL (the column keeps its legacy name, owner decision R1); its schema mutant renames the column to prove the check fails.	remove the alias, the response mirror and the web old-API read one release after every web build sends fiscal_document_type and no consumer reads tipo_nota from responses	apps/api/scripts/verify-schema-compat-boundaries.ts	PROVEN:1
NECESSARY_BOUNDARY	PERSISTED_LEGACY_STRUCTURE	api:users	(value/shape mapped by the reader; see reason)	cargo	1	live database objects awaiting an approved destructive migration	none (test-only evidence)	Negative guard test: asserts the removed Portuguese legacy name is absent from the production shape; the literal is the evidence.	none while the legacy name must stay forbidden	apps/api/src/modules/users/dto/users.dto.spec.ts	PROVEN:1
NECESSARY_BOUNDARY	PERSISTED_LEGACY_STRUCTURE	database-schema	(value/shape mapped by the reader; see reason)	events.data	1	live database objects awaiting an approved destructive migration	reports importer (writes data; the trigger fills starts_at)	events.starts_at is canonical; events.data is kept equal to it by trigger trg_events_sync_start_columns until the destructive drop E6 (blocker BLK-C3-E6, group 46) is approved. The reports import still addresses the column as `data`. Behavioral proof: apps/api/scripts/verify-schema-compat-boundaries.ts runs against a real migrated PostgreSQL (accepts the legacy value / keeps both columns equal through the trigger) and scripts/naming/schema-boundary-proof.mjs records that the check FAILS when the boundary object is removed (docs/naming/audit/schema-boundary-proof.json).	drop events.data under the owner approval of BLK-C3-E6 after the pre-flight package reaches READY: YES	apps/api/scripts/verify-schema-compat-boundaries.ts	PROVEN:1
NECESSARY_BOUNDARY	PERSISTED_LEGACY_STRUCTURE	database-schema	(value/shape mapped by the reader; see reason)	tipo_nota	1	live database objects awaiting an approved destructive migration	invoices module (entity, DTO, service, reports contract) and the web invoice form	Persisted column name of the fiscal document kind (nfse | nfe | nfce are the legal values). The canonical API/DTO/web/reports name is now `fiscal_document_type`; this layer still names the physical column `tipo_nota`. Renaming the column (to fiscal_document_type or the R1 outcome) is a persisted-data change that needs the owner's approval (BLK-INVOICES-FISCAL-DISCRIMINATORS).	owner decision R1 recorded and an approved rename migration with backfill and dual-read applied in every environment	apps/api/scripts/verify-schema-compat-boundaries.ts	PROVEN:1
NECESSARY_BOUNDARY	PERSISTED_LEGACY_STRUCTURE	web:artist	(value/shape mapped by the reader; see reason)	(whole file)	1	live database objects awaiting an approved destructive migration	historical rows written before the English renames	distributor-label.test.ts asserts the legacy Portuguese distributor ids stored in artists.general_distributors still resolve to a label (distributor-label.ts), proving the read compatibility of already-persisted rows.	none while historical rows exist		PROVEN:1
NECESSARY_BOUNDARY	PERSISTED_LEGACY_STRUCTURE	web:artist	NC-009 `type`	tipo,tipoArtista	2	live database objects awaiting an approved destructive migration	none (test-only evidence)	Negative guard test: asserts the removed Portuguese legacy name is absent from the production shape; the literal is the evidence.	none while the legacy name must stay forbidden	apps/web/src/modules/artist/artist-type-canonical.guard.test.ts	PROVEN:2
NECESSARY_BOUNDARY	PERSISTED_LEGACY_STRUCTURE	web:artist	(value/shape mapped by the reader; see reason)	agenciaBooking,button-remover-contrato,docNomeInput,documentosList,galeriaInput,galeriaUrls,input-agencia-booking,input-documento-nome (+13)	21	live database objects awaiting an approved destructive migration	none (test-only evidence)	Negative guard test: asserts the removed Portuguese legacy name is absent from the production shape; the literal is the evidence.	none while the legacy name must stay forbidden	apps/web/src/modules/artist/components/ArtistFormModal.sections-removed.guard.test.ts	PROVEN:21
NECESSARY_BOUNDARY	PERSISTED_LEGACY_STRUCTURE	web:crm-relationships	(value/shape mapped by the reader; see reason)	VIDEOMAKER	2	live database objects awaiting an approved destructive migration	contact classification option values (stored classification)	Contact classification option value `VIDEOMAKER` is persisted as the contact's classification (tenant data); renaming needs a data migration of the stored classification.	when contact classification values are re-keyed by an approved data migration	apps/web/src/modules/crm-relationships/constants/contact-type-options.test.ts	PROVEN:2
NECESSARY_BOUNDARY	PERSISTED_LEGACY_STRUCTURE	web:dashboard	(value/shape mapped by the reader; see reason)	(whole file)	2	live database objects awaiting an approved destructive migration	historical rows written before the English renames	audit-activity.test.ts feeds historical audit_logs rows (append-only, written before the entity renames) with Portuguese entity names/keys to prove the feed still maps them to PT-BR labels.	none while historical rows exist		PROVEN:2
NECESSARY_BOUNDARY	PERSISTED_LEGACY_STRUCTURE	web:dashboard	NC-016 `name`	artistas,contratos,lancamentos,obras,fonogramas,clientes,transacoes,eventos (+2)	10	live database objects awaiting an approved destructive migration	historical rows written before the English renames	audit_logs is an append-only history; rows written before the renames carry Portuguese entity names/keys, which the feed maps to PT-BR labels (never rewriting audit history).	none while historical rows exist	apps/web/src/modules/dashboard/lib/audit-activity.test.ts	PROVEN:10
NECESSARY_BOUNDARY	PERSISTED_LEGACY_STRUCTURE	web:hr	(value/shape mapped by the reader; see reason)	Administrativo,Comercial,Financeiro,Jurídico,Operações,Produção Musical,RH	7	live database objects awaiting an approved destructive migration	employee form department options and the employees.department column	`DEPARTMENTS` are persisted verbatim as `employees.department` (Portuguese department names such as `Administrativo`, `Jurídico`, `RH`); re-keying to canonical ids needs a data migration of employees.department.	when employees.department is re-keyed by an approved data migration (labels then come from the PT-BR resource)	apps/web/src/modules/hr/hooks/useEmployees.departments.test.ts	PROVEN:7
NECESSARY_BOUNDARY	PERSISTED_LEGACY_STRUCTURE	web:releases	(value/shape mapped by the reader; see reason)	Artista Principal,Coro,Engenheiro de Gravação,Engenheiro de Masterização,Intérprete,Mixagem,Produtor,Produtor Executivo	8	live database objects awaiting an approved destructive migration	release credits editor and releases.metadata credits	`ARTIST_ROLES` / `PRODUCER_ROLES` are credit role options persisted verbatim in the release credits (`Artista Principal`, `Produtor Executivo`, `Mixagem`, ...); the stored text is the role shown to users, and re-keying needs a data migration of release credits.	when release credit roles are re-keyed by an approved data migration (labels then come from the PT-BR resource)	apps/web/src/modules/releases/lib/credit-roles.test.ts	PROVEN:8
NECESSARY_BOUNDARY	PERSISTED_LEGACY_STRUCTURE	web:settings	(value/shape mapped by the reader; see reason)	VIDEOMAKER	1	live database objects awaiting an approved destructive migration	DEFAULT_CONTACT_INDIVIDUAL_CLASSIFICATIONS and tenant operational list rows	Default contact-individual classification whose persisted `slug` is `VIDEOMAKER` (key of tenant operational-list data); renaming needs a data migration of operational_list_items.slug.	when operational-list slugs are re-keyed by an approved data migration	apps/web/src/modules/settings/hooks/useOperationalSettings.legacy-compat.test.ts	PROVEN:1
NECESSARY_BOUNDARY	PERSISTED_LEGACY_STRUCTURE	web:test	(value/shape mapped by the reader; see reason)	arquivo_url,comprovante_url,documentos_pessoais_url,url_arquivo	4	live database objects awaiting an approved destructive migration	none (test-only evidence)	Negative guard test: asserts the removed Portuguese legacy name is absent from the production shape; the literal is the evidence.	none while the legacy name must stay forbidden	apps/web/src/test/stored-file-readers.guard.test.ts	PROVEN:4
NECESSARY_BOUNDARY	PERSISTED_VALUE_READER	api:artist-goals	(value/shape mapped by the reader; see reason)	periodo	1	rows and documents persisted before the rename (data)	old payloads, stored jsonb and deprecated parameters	Documented legacy-name reader (expand/contract): old payloads, stored metadata or deprecated query parameters still carry the Portuguese name; the canonical English name is read first.	removed together with the legacy alias it reads (residue census returns 0 for one release window)	apps/api/src/modules/artist-goals/artist-goal-legacy.mapper.spec.ts	PROVEN:1
NECESSARY_BOUNDARY	PERSISTED_VALUE_READER	api:artists	(value/shape mapped by the reader; see reason)	vinculo	1	rows and documents persisted before the rename (data)	old payloads, stored jsonb and deprecated parameters	Documented legacy-name reader (expand/contract): old payloads, stored metadata or deprecated query parameters still carry the Portuguese name; the canonical English name is read first.	removed together with the legacy alias it reads (residue census returns 0 for one release window)	apps/api/src/modules/artists/artist-deprecated-fields.contract.spec.ts	PROVEN:1
NECESSARY_BOUNDARY	PERSISTED_VALUE_READER	api:auth	(value/shape mapped by the reader; see reason)	agencia,distribuidora,editora,outro	4	rows and documents persisted before the rename (data)	LEGACY_CLIENT_PROFILES / LEGACY_ORGANIZATION_INDUSTRIES / LEGACY_CONTACT_PROFILES readers and mappers in the API DTOs, the web catalog and migrations 20260930000012-14	Deprecated Portuguese values are still accepted at the API boundary and read by the web catalog so existing rows display; every write and response uses the canonical English ids; the literals are the legacy-map keys and the tests/migration fixtures proving the mapping.	remove when old web builds are gone, migrations 20260930000012-14 ran in every environment and the read-only residue preflight returns 0 rows	apps/api/src/modules/clients/legacy-vocabulary.readers.spec.ts	PROVEN:4
NECESSARY_BOUNDARY	PERSISTED_VALUE_READER	api:auth	(value/shape mapped by the reader; see reason)	escritorio,produtora	2	rows and documents persisted before the rename (data)	LEGACY_CLIENT_PROFILES / LEGACY_ORGANIZATION_INDUSTRIES / LEGACY_CONTACT_PROFILES readers and mappers in the API DTOs, the web catalog and migrations 20260930000012-14	Deprecated Portuguese values are still accepted at the API boundary and read by the web catalog so existing rows display; every write and response uses the canonical English ids; the literals are the legacy-map keys and the tests/migration fixtures proving the mapping.	remove when old web builds are gone, migrations 20260930000012-14 ran in every environment and the read-only residue preflight returns 0 rows	apps/api/src/modules/auth/organization-industry.spec.ts	PROVEN:2
NECESSARY_BOUNDARY	PERSISTED_VALUE_READER	api:auth	(value/shape mapped by the reader; see reason)	gravadora	1	rows and documents persisted before the rename (data)	LEGACY_CLIENT_PROFILES / LEGACY_ORGANIZATION_INDUSTRIES / LEGACY_CONTACT_PROFILES readers and mappers in the API DTOs, the web catalog and migrations 20260930000012-14	Deprecated Portuguese values are still accepted at the API boundary and read by the web catalog so existing rows display; every write and response uses the canonical English ids; the literals are the legacy-map keys and the tests/migration fixtures proving the mapping.	remove when old web builds are gone, migrations 20260930000012-14 ran in every environment and the read-only residue preflight returns 0 rows	apps/api/src/modules/clients/legacy-vocabulary.direct-readers.spec.ts	PROVEN:1
NECESSARY_BOUNDARY	PERSISTED_VALUE_READER	api:clients	(value/shape mapped by the reader; see reason)	advogado,agencia,agencia_de_booking,agencia_de_modelos,agencia_de_publicidade,artista_banda,banco,construtora (+34)	42	rows and documents persisted before the rename (data)	LEGACY_CLIENT_PROFILES / LEGACY_ORGANIZATION_INDUSTRIES / LEGACY_CONTACT_PROFILES readers and mappers in the API DTOs, the web catalog and migrations 20260930000012-14	Deprecated Portuguese values are still accepted at the API boundary and read by the web catalog so existing rows display; every write and response uses the canonical English ids; the literals are the legacy-map keys and the tests/migration fixtures proving the mapping.	remove when old web builds are gone, migrations 20260930000012-14 ran in every environment and the read-only residue preflight returns 0 rows	apps/api/src/modules/clients/legacy-vocabulary.readers.spec.ts	PROVEN:42
NECESSARY_BOUNDARY	PERSISTED_VALUE_READER	api:clients	(value/shape mapped by the reader; see reason)	cartorio,compositor,empresario_artistico	3	rows and documents persisted before the rename (data)	LEGACY_CLIENT_PROFILES / LEGACY_ORGANIZATION_INDUSTRIES / LEGACY_CONTACT_PROFILES readers and mappers in the API DTOs, the web catalog and migrations 20260930000012-14	Deprecated Portuguese values are still accepted at the API boundary and read by the web catalog so existing rows display; every write and response uses the canonical English ids; the literals are the legacy-map keys and the tests/migration fixtures proving the mapping.	remove when old web builds are gone, migrations 20260930000012-14 ran in every environment and the read-only residue preflight returns 0 rows	apps/api/src/modules/clients/client-contract.spec.ts	PROVEN:3
NECESSARY_BOUNDARY	PERSISTED_VALUE_READER	api:clients	(value/shape mapped by the reader; see reason)	gravadora_selo	1	rows and documents persisted before the rename (data)	LEGACY_CLIENT_PROFILES / LEGACY_ORGANIZATION_INDUSTRIES / LEGACY_CONTACT_PROFILES readers and mappers in the API DTOs, the web catalog and migrations 20260930000012-14	Deprecated Portuguese values are still accepted at the API boundary and read by the web catalog so existing rows display; every write and response uses the canonical English ids; the literals are the legacy-map keys and the tests/migration fixtures proving the mapping.	remove when old web builds are gone, migrations 20260930000012-14 ran in every environment and the read-only residue preflight returns 0 rows	apps/api/src/database/client-profile-vocabulary.migration.spec.ts	PROVEN:1
NECESSARY_BOUNDARY	PERSISTED_VALUE_READER	api:clients	(value/shape mapped by the reader; see reason)	outros,inpi	2	rows and documents persisted before the rename (data)	LEGACY_CLIENT_PROFILES / LEGACY_ORGANIZATION_INDUSTRIES / LEGACY_CONTACT_PROFILES readers and mappers in the API DTOs, the web catalog and migrations 20260930000012-14	Deprecated Portuguese values are still accepted at the API boundary and read by the web catalog so existing rows display; every write and response uses the canonical English ids; the literals are the legacy-map keys and the tests/migration fixtures proving the mapping.	remove when old web builds are gone, migrations 20260930000012-14 ran in every environment and the read-only residue preflight returns 0 rows	apps/api/src/modules/clients/legacy-vocabulary.direct-readers.spec.ts	PROVEN:2
NECESSARY_BOUNDARY	PERSISTED_VALUE_READER	api:clients	(value/shape mapped by the reader; see reason)	interacoes,tipo_pessoa	2	rows and documents persisted before the rename (data)	old payloads, stored jsonb and deprecated parameters	Documented legacy-name reader (expand/contract): old payloads, stored metadata or deprecated query parameters still carry the Portuguese name; the canonical English name is read first.	removed together with the legacy alias it reads (residue census returns 0 for one release window)	apps/api/src/modules/clients/client-contract.spec.ts	PROVEN:2
NECESSARY_BOUNDARY	PERSISTED_VALUE_READER	api:common	(value/shape mapped by the reader; see reason)	contrato,guia,videoclipe	3	rows and documents persisted before the rename (data)	dual-read helpers and mappers (release metadata keys, asset type mapper, contract last-payment helper, plan feature keys, invoice payment method canonicalizer), migrations 20260930000019/21/23/24/25	Legacy Portuguese persisted keys and enum values are read through explicit mappers while every write uses canonical English; the literals are mapper keys, migration match lists and the tests/fixtures proving the mapping.	remove once the matching backfill migration ran in every environment, the residue preflight returns 0 and old clients/builds are gone	apps/api/src/common/compat/asset-type.spec.ts	PROVEN:3
NECESSARY_BOUNDARY	PERSISTED_VALUE_READER	api:common	(value/shape mapped by the reader; see reason)	ultimo_pagamento_em,ultimo_pagamento_por,ultimo_pagamento_valor	6	rows and documents persisted before the rename (data)	dual-read helpers and mappers (release metadata keys, asset type mapper, contract last-payment helper, plan feature keys, invoice payment method canonicalizer), migrations 20260930000019/21/23/24/25	Legacy Portuguese persisted keys and enum values are read through explicit mappers while every write uses canonical English; the literals are mapper keys, migration match lists and the tests/fixtures proving the mapping.	remove once the matching backfill migration ran in every environment, the residue preflight returns 0 and old clients/builds are gone	apps/api/src/common/compat/contract-last-payment.spec.ts	PROVEN:6
NECESSARY_BOUNDARY	PERSISTED_VALUE_READER	api:common	(value/shape mapped by the reader; see reason)	moduleRh	1	rows and documents persisted before the rename (data)	dual-read helpers and mappers (release metadata keys, asset type mapper, contract last-payment helper, plan feature keys, invoice payment method canonicalizer), migrations 20260930000019/21/23/24/25	Legacy Portuguese persisted keys and enum values are read through explicit mappers while every write uses canonical English; the literals are mapper keys, migration match lists and the tests/fixtures proving the mapping.	remove once the matching backfill migration ran in every environment, the residue preflight returns 0 and old clients/builds are gone	apps/api/src/common/compat/plan-features.spec.ts	PROVEN:1
NECESSARY_BOUNDARY	PERSISTED_VALUE_READER	api:common	NC-016 `name`	artista,artistasAdicionais,artistasAdicionaisAlbum,compositores,copyrightDataGravacao,copyrightDataLancamento,faixas,generoSecundario (+8)	16	rows and documents persisted before the rename (data)	dual-read helpers and mappers (release metadata keys, asset type mapper, contract last-payment helper, plan feature keys, invoice payment method canonicalizer), migrations 20260930000019/21/23/24/25	Legacy Portuguese persisted keys and enum values are read through explicit mappers while every write uses canonical English; the literals are mapper keys, migration match lists and the tests/fixtures proving the mapping.	remove once the matching backfill migration ran in every environment, the residue preflight returns 0 and old clients/builds are gone	apps/api/src/common/compat/release-metadata.spec.ts	PROVEN:16
NECESSARY_BOUNDARY	PERSISTED_VALUE_READER	api:contract-service-types	(value/shape mapped by the reader; see reason)	anual,artista,misto,pessoa_fisica,pessoa_juridica	5	rows and documents persisted before the rename (data)	contract-service-types API (deprecated input mapping) and the contracts web form; rows persisted before migration 20260930000002	Deprecated Portuguese contract service type values are still accepted at the API boundary and mapped to the canonical English values (which are the only ones persisted and returned); the literals must appear in the map and in the tests proving the mapping.	remove the legacy value map after every environment ran migration 20260930000002 and the web release that sends canonical values is deployed everywhere	apps/api/src/modules/contract-service-types/dto/create-contract-service-type.dto.spec.ts	PROVEN:5
NECESSARY_BOUNDARY	PERSISTED_VALUE_READER	api:contract-service-types	(value/shape mapped by the reader; see reason)	mensal,recorrente,trimestral	3	rows and documents persisted before the rename (data)	contract-service-types API (deprecated input mapping) and the contracts web form; rows persisted before migration 20260930000002	Deprecated Portuguese contract service type values are still accepted at the API boundary and mapped to the canonical English values (which are the only ones persisted and returned); the literals must appear in the map and in the tests proving the mapping.	remove the legacy value map after every environment ran migration 20260930000002 and the web release that sends canonical values is deployed everywhere	apps/api/src/modules/contract-service-types/contract-service-type.vocabulary.legacy-compat.spec.ts	PROVEN:3
NECESSARY_BOUNDARY	PERSISTED_VALUE_READER	api:contract-service-types	(value/shape mapped by the reader; see reason)	unico,valor_fixo	2	rows and documents persisted before the rename (data)	contract-service-types API (deprecated input mapping) and the contracts web form; rows persisted before migration 20260930000002	Deprecated Portuguese contract service type values are still accepted at the API boundary and mapped to the canonical English values (which are the only ones persisted and returned); the literals must appear in the map and in the tests proving the mapping.	remove the legacy value map after every environment ran migration 20260930000002 and the web release that sends canonical values is deployed everywhere	apps/api/src/database/contract-service-types-taxonomy.migration.spec.ts	PROVEN:2
NECESSARY_BOUNDARY	PERSISTED_VALUE_READER	api:contracts	(value/shape mapped by the reader; see reason)	cessao_direitos	1	rows and documents persisted before the rename (data)	contract-category-slugs.ts (API and web) legacy readers, contract list IN-match filters, transactions category reader, wizard draft readers, migration 20260930000017	Platform-owned category slugs are written in English; legacy Portuguese slugs, the external-rights phrase and legacy wizard draft keys stay as read aliases so existing rows, drafts and old clients resolve; tenant-created slugs are untouched.	remove once the category-slug and external-rights backfills ran everywhere, no stored wizard draft carries Portuguese keys (data census in contract-drafts-census.md) and old web builds are gone	apps/api/src/modules/contracts/contracts.service.spec.ts	PROVEN:1
NECESSARY_BOUNDARY	PERSISTED_VALUE_READER	api:contracts	(value/shape mapped by the reader; see reason)	exclusividade,gravacao,producao,publicitario,semantico	5	rows and documents persisted before the rename (data)	contract-category-slugs.ts (API and web) legacy readers, contract list IN-match filters, transactions category reader, wizard draft readers, migration 20260930000017	Platform-owned category slugs are written in English; legacy Portuguese slugs, the external-rights phrase and legacy wizard draft keys stay as read aliases so existing rows, drafts and old clients resolve; tenant-created slugs are untouched.	remove once the category-slug and external-rights backfills ran everywhere, no stored wizard draft carries Portuguese keys (data census in contract-drafts-census.md) and old web builds are gone	apps/api/src/modules/contracts/contract-category-slugs.spec.ts	PROVEN:5
NECESSARY_BOUNDARY	PERSISTED_VALUE_READER	api:contracts	(value/shape mapped by the reader; see reason)	distribuicao,gestao,licenciamento,outros	4	rows and documents persisted before the rename (data)	contracts/contract-templates list filters and category readers	Legacy Portuguese spelling of platform-seeded contract category slugs (contracts.type / contract_templates.service_type / browser registry); READ alias mapped to canonical English, writes are canonical	no contracts.type, contract_templates.service_type or browser category registry holds a legacy slug for one release window (census in docs/runbooks/staging-to-production.md#residue-census-of-the-contract-vocabulary-backfills-read-only)	apps/api/src/modules/contracts/contract-category-slugs.spec.ts	PROVEN:4
NECESSARY_BOUNDARY	PERSISTED_VALUE_READER	api:contracts	(value/shape mapped by the reader; see reason)	outro	1	rows and documents persisted before the rename (data)	contract list category filters (contractCategorySlugVariants), canonicalContractCategorySlug readers	Singular legacy spelling written by ContractsService.create() as the default contracts.type until migration 20260930000034 backfilled it; READ alias mapped to the canonical `other`, every write is canonical	remove after `SELECT count(*) FROM contracts WHERE type = 'outro'` returns 0 in every environment (migration 20260930000034 executed everywhere) and no old API build is deployed	apps/api/src/modules/contracts/contract-category-slugs.spec.ts	PROVEN:1
NECESSARY_BOUNDARY	PERSISTED_VALUE_READER	api:contracts	NC-008 `title`	titulo	1	rows and documents persisted before the rename (data)	old payloads, stored jsonb and deprecated parameters	Documented legacy-name reader (expand/contract): old payloads, stored metadata or deprecated query parameters still carry the Portuguese name; the canonical English name is read first.	removed together with the legacy alias it reads (residue census returns 0 for one release window)	apps/api/src/modules/contracts/contracts.service.spec.ts	PROVEN:1
NECESSARY_BOUNDARY	PERSISTED_VALUE_READER	api:contracts	(value/shape mapped by the reader; see reason)	exclusivo	1	rows and documents persisted before the rename (data)	contracts list filter (contractCategorySlugVariants) and the artist 360 contract filter	Contract rows may still be stored with the legacy spelling `exclusivo` (it is NOT rewritten by the backfill migration); the list filter expands the canonical slug to include it so such rows are found. Writes never produce it.	remove after a census shows no contract row stores the spelling and a backfill (approved) rewrites any remaining rows	apps/api/src/modules/contracts/contract-category-slugs.spec.ts	PROVEN:1
NECESSARY_BOUNDARY	PERSISTED_VALUE_READER	api:core	(value/shape mapped by the reader; see reason)	juridico	1	rows and documents persisted before the rename (data)	contracts workflow transition role lists evaluated against the caller's persisted role slug (roles.slug / JWT)	role array entry `juridico` keeps users whose persisted slug is still the Portuguese one (canonical legal) authorised for contracts transitions until the persisted slug is backfilled.	remove from the contracts role arrays when RBAC S5 retires the Portuguese slugs after the gated S4b data backfill (docs/engineering/rbac-retirement-plan.md); (workflow-role-matrix.spec.ts proves English and Portuguese resolve identically)	apps/api/src/core/workflow/definitions/workflow-role-matrix.spec.ts	PROVEN:1
NECESSARY_BOUNDARY	PERSISTED_VALUE_READER	api:core	(value/shape mapped by the reader; see reason)	comercial	1	rows and documents persisted before the rename (data)	leads workflow transition role lists evaluated against the caller's persisted role slug (roles.slug / JWT)	role array entry `comercial` keeps users whose persisted slug is still the Portuguese one (canonical sales) authorised for leads transitions until the persisted slug is backfilled.	remove from the leads role arrays when RBAC S5 retires the Portuguese slugs after the gated S4b data backfill (docs/engineering/rbac-retirement-plan.md); (workflow-role-matrix.spec.ts proves English and Portuguese resolve identically)	apps/api/src/core/workflow/definitions/workflow-role-matrix.spec.ts	PROVEN:1
NECESSARY_BOUNDARY	PERSISTED_VALUE_READER	api:core	(value/shape mapped by the reader; see reason)	produtor	1	rows and documents persisted before the rename (data)	projects workflow transition role lists evaluated against the caller's persisted role slug (roles.slug / JWT)	role array entry `produtor` keeps users whose persisted slug is still the Portuguese one (canonical producer) authorised for projects transitions until the persisted slug is backfilled.	remove from the projects role arrays when RBAC S5 retires the Portuguese slugs after the gated S4b data backfill (docs/engineering/rbac-retirement-plan.md); (workflow-role-matrix.spec.ts proves English and Portuguese resolve identically)	apps/api/src/core/workflow/definitions/workflow-role-matrix.spec.ts	PROVEN:1
NECESSARY_BOUNDARY	PERSISTED_VALUE_READER	api:core	(value/shape mapped by the reader; see reason)	produtor	1	rows and documents persisted before the rename (data)	releases workflow transition role lists evaluated against the caller's persisted role slug (roles.slug / JWT)	role array entry `produtor` keeps users whose persisted slug is still the Portuguese one (canonical producer) authorised for releases transitions until the persisted slug is backfilled.	remove from the releases role arrays when RBAC S5 retires the Portuguese slugs after the gated S4b data backfill (docs/engineering/rbac-retirement-plan.md); (workflow-role-matrix.spec.ts proves English and Portuguese resolve identically)	apps/api/src/core/workflow/definitions/workflow-role-matrix.spec.ts	PROVEN:1
NECESSARY_BOUNDARY	PERSISTED_VALUE_READER	api:core	(value/shape mapped by the reader; see reason)	assessoria	1	rows and documents persisted before the rename (data)	copywriting automation task kind resolution	marketing_tasks.kind is a free varchar; deleting the alias would silently change that task's intent from press_release to general_draft.	remove after a count of marketing_tasks.kind = 'assessoria' proves no row uses it and the kind is migrated	apps/api/src/core/automation/copywriting.automation.legacy-compat.spec.ts	PROVEN:1
NECESSARY_BOUNDARY	PERSISTED_VALUE_READER	api:core	(value/shape mapped by the reader; see reason)	ARTISTA,COLABORADOR,COMERCIAL,JURIDICO,PRODUTOR	10	rows and documents persisted before the rename (data)	old payloads, stored jsonb and deprecated parameters	Documented legacy-name reader (expand/contract): old payloads, stored metadata or deprecated query parameters still carry the Portuguese name; the canonical English name is read first.	removed together with the legacy alias it reads (residue census returns 0 for one release window)	apps/api/src/common/compat/types-enums.legacy-compat.spec.ts	PROVEN:10
NECESSARY_BOUNDARY	PERSISTED_VALUE_READER	api:core	(value/shape mapped by the reader; see reason)	RH_MANAGER	2	rows and documents persisted before the rename (data)	old payloads, stored jsonb and deprecated parameters	Documented legacy-name reader (expand/contract): old payloads, stored metadata or deprecated query parameters still carry the Portuguese name; the canonical English name is read first.	removed together with the legacy alias it reads (residue census returns 0 for one release window)	apps/api/src/core/rbac/hr-permission-alias.spec.ts	PROVEN:2
NECESSARY_BOUNDARY	PERSISTED_VALUE_READER	api:database	(value/shape mapped by the reader; see reason)	artista,juridico	2	rows and documents persisted before the rename (data)	RBAC dual-read: ROLE_HIERARCHY legacy keys, users role writes, guard-chain and UserEditorModal tests; migration draft 20260930000030 (gated)	Equivalence and abuse-path tests must name the legacy Portuguese slugs still persisted in org_members.role to prove they authorize identically to the canonical English slugs.	remove after the RBAC S4b backfill and S5 retirement of legacy Portuguese role slugs is authorized and executed	apps/api/src/database/migration-drafts/canonicalize-role-slugs-in-place.draft.spec.ts	PROVEN:2
NECESSARY_BOUNDARY	PERSISTED_VALUE_READER	api:database	(value/shape mapped by the reader; see reason)	colaborador,comercial,produtor,rh_manager	4	rows and documents persisted before the rename (data)	RBAC dual-read: ROLE_HIERARCHY legacy keys, users role writes, guard-chain and UserEditorModal tests; migration draft 20260930000030 (gated)	Equivalence and abuse-path tests must name the legacy Portuguese slugs still persisted in org_members.role to prove they authorize identically to the canonical English slugs.	remove after the RBAC S4b backfill and S5 retirement of legacy Portuguese role slugs is authorized and executed	apps/api/src/database/migration-drafts/20260930000030_CanonicalizeRoleSlugsInPlaceAndBackfillMembers.legacy-compat.spec.ts	PROVEN:4
NECESSARY_BOUNDARY	PERSISTED_VALUE_READER	api:database	(value/shape mapped by the reader; see reason)	artista,juridico	2	rows and documents persisted before the rename (data)	seeds the Portuguese slug rows that are still the persisted authority in roles.slug / org_members.role (grants of English aliases are stored on these rows)	seed table key `artista` (canonical artist) creates/updates the persisted role row until S5; alias rows receive no own grants, so dropping it earlier would orphan existing org_members.	remove each key when RBAC S5 retires the Portuguese slugs after the gated S4b data backfill (docs/engineering/rbac-retirement-plan.md) -- seed key removed with its slug	apps/api/src/database/seeds/04_rbac_seed.canonical-grants.spec.ts	PROVEN:2
NECESSARY_BOUNDARY	PERSISTED_VALUE_READER	api:database	(value/shape mapped by the reader; see reason)	colaborador,comercial,produtor,rh_manager	4	rows and documents persisted before the rename (data)	seeds the Portuguese slug rows that are still the persisted authority in roles.slug / org_members.role (grants of English aliases are stored on these rows)	seed table key `colaborador` (canonical collaborator) creates/updates the persisted role row until S5; alias rows receive no own grants, so dropping it earlier would orphan existing org_members.	remove each key when RBAC S5 retires the Portuguese slugs after the gated S4b data backfill (docs/engineering/rbac-retirement-plan.md) -- seed key removed with its slug	apps/api/src/core/rbac/role-hierarchy.spec.ts	PROVEN:4
NECESSARY_BOUNDARY	PERSISTED_VALUE_READER	api:database	(value/shape mapped by the reader; see reason)	agencia,banco,celular,chave_pix,conta,data_nascimento,documento,endereco (+3)	11	rows and documents persisted before the rename (data)	artists/clients create and update paths (input sanitizer), redaction of logs	The unregistered PII backfill draft freezes the historical Portuguese metadata key names it must find and scrub in existing rows; the literals are the data it migrates, not product names.	draft executed in every environment and retired together with its archives	apps/api/src/database/migration-drafts/encrypt-artists-clients-pii.draft.spec.ts	PROVEN:11
NECESSARY_BOUNDARY	PERSISTED_VALUE_READER	api:financial-rules	(value/shape mapped by the reader; see reason)	calculo,condicoes	2	rows and documents persisted before the rename (data)	old payloads, stored jsonb and deprecated parameters	Documented legacy-name reader (expand/contract): old payloads, stored metadata or deprecated query parameters still carry the Portuguese name; the canonical English name is read first.	removed together with the legacy alias it reads (residue census returns 0 for one release window)	apps/api/src/modules/financial-rules/financial-rule-legacy.mapper.spec.ts	PROVEN:2
NECESSARY_BOUNDARY	PERSISTED_VALUE_READER	api:leads	(value/shape mapped by the reader; see reason)	(whole file)	1	rows and documents persisted before the rename (data)	web builds released before CZ-033	CZ-033: the only place that knows the pre-CZ-033 lead field names, service types and jsonb keys/values; maps them to the canonical English contract before persistence.	remove after a web release that sends the canonical CZ-033 contract is deployed to every environment	apps/api/src/modules/leads/lead-vocabulary.legacy-compat.spec.ts	PROVEN:1
NECESSARY_BOUNDARY	PERSISTED_VALUE_READER	api:operational-lists	(value/shape mapped by the reader; see reason)	agencia,artista,artista_banda,campanha,consultoria,conteudo,contratante_show,corporativo (+29)	37	rows and documents persisted before the rename (data)	operational-list-vocabulary.ts legacy_slug resolution, web operational-vocabulary.ts and events/lib/event-type.ts legacy readers, migration 20260930000016	Platform default slugs became English; the legacy Portuguese slugs stay as map keys so old rows, stored event metadata and old clients still resolve; tenant-authored slugs are never translated.	remove once migration 20260930000016 ran everywhere, old API builds are gone and the legacy_slug census returns 0 unresolved rows (then drop legacy_slug in a separate destructive step)	apps/api/src/database/operational-list-provenance.migration.spec.ts	PROVEN:37
NECESSARY_BOUNDARY	PERSISTED_VALUE_READER	api:operational-lists	(value/shape mapped by the reader; see reason)	contact_pf_classification	1	rows and documents persisted before the rename (data)	campaign-builder state mapper, operational list sector/context slug legacy_slug resolution, project track mappers and migrations 20260930000028/29/31/32	Legacy Portuguese values persisted in jsonb/varchar columns are mapped to canonical English on read and rewritten by guarded backfills; the literals are the mapper keys, migration match lists and tests.	remove once migrations 20260930000028/29/31/32 ran everywhere, the residue preflights return 0 and old clients are gone	apps/api/src/database/operational-list-ap3.migration.spec.ts	PROVEN:1
NECESSARY_BOUNDARY	PERSISTED_VALUE_READER	api:phonograms	NC-008 `title`	titulo	2	rows and documents persisted before the rename (data)	old payloads, stored jsonb and deprecated parameters	Documented legacy-name reader (expand/contract): old payloads, stored metadata or deprecated query parameters still carry the Portuguese name; the canonical English name is read first.	removed together with the legacy alias it reads (residue census returns 0 for one release window)	apps/api/src/modules/phonograms/phonograms.service.spec.ts	PROVEN:2
NECESSARY_BOUNDARY	PERSISTED_VALUE_READER	api:phonograms	(value/shape mapped by the reader; see reason)	duracao_min,duracao_seg,participacao	3	rows and documents persisted before the rename (data)	old payloads, stored jsonb and deprecated parameters	Documented legacy-name reader (expand/contract): old payloads, stored metadata or deprecated query parameters still carry the Portuguese name; the canonical English name is read first.	removed together with the legacy alias it reads (residue census returns 0 for one release window)	apps/api/src/modules/phonograms/phonogram-contract.spec.ts	PROVEN:3
NECESSARY_BOUNDARY	PERSISTED_VALUE_READER	api:projects	(value/shape mapped by the reader; see reason)	nao,sim	4	rows and documents persisted before the rename (data)	campaign-builder state mapper, operational list sector/context slug legacy_slug resolution, project track mappers and migrations 20260930000028/29/31/32	Legacy Portuguese values persisted in jsonb/varchar columns are mapped to canonical English on read and rewritten by guarded backfills; the literals are the mapper keys, migration match lists and tests.	remove once migrations 20260930000028/29/31/32 ran everywhere, the residue preflights return 0 and old clients are gone	apps/api/src/modules/projects/project-track-vocabulary.spec.ts	PROVEN:4
NECESSARY_BOUNDARY	PERSISTED_VALUE_READER	api:reports	NC-016 `name`	artista,artistasAdicionaisAlbum,compositores,copyrightDataGravacao,copyrightDataLancamento,faixa_idioma,generoSecundario,isVersionAlternativa (+4)	12	rows and documents persisted before the rename (data)	dual-read helpers and mappers (release metadata keys, asset type mapper, contract last-payment helper, plan feature keys, invoice payment method canonicalizer), migrations 20260930000019/21/23/24/25	Legacy Portuguese persisted keys and enum values are read through explicit mappers while every write uses canonical English; the literals are mapper keys, migration match lists and the tests/fixtures proving the mapping.	remove once the matching backfill migration ran in every environment, the residue preflight returns 0 and old clients/builds are gone	apps/api/src/modules/reports/form-contracts/report-column-ids.spec.ts	PROVEN:12
NECESSARY_BOUNDARY	PERSISTED_VALUE_READER	api:reports	NC-016 `name`	artista,compositores,faixa_idioma,letra,nome	5	rows and documents persisted before the rename (data)	dual-read helpers and mappers (release metadata keys, asset type mapper, contract last-payment helper, plan feature keys, invoice payment method canonicalizer), migrations 20260930000019/21/23/24/25	Legacy Portuguese persisted keys and enum values are read through explicit mappers while every write uses canonical English; the literals are mapper keys, migration match lists and the tests/fixtures proving the mapping.	remove once the matching backfill migration ran in every environment, the residue preflight returns 0 and old clients/builds are gone	apps/api/src/modules/reports/import/import-mapper.service.legacy-compat.spec.ts	PROVEN:5
NECESSARY_BOUNDARY	PERSISTED_VALUE_READER	api:reports	(value/shape mapped by the reader; see reason)	artistasAdicionaisAlbum,copyrightDataGravacao,copyrightDataLancamento,generoSecundario,variosArtistas	5	rows and documents persisted before the rename (data)	releases.metadata jsonb rows still holding the Portuguese key until the PJ1 census is 0, plus saved column selections / old exports using the old logical ids (metaRenamed legacyKey and deprecatedColumnAliases)	metaRenamed()/deprecatedColumnAliases keep reading and accepting the legacy releases.metadata key `artistasAdicionaisAlbum` next to its English id (report-column-ids.spec.ts asserts old ids and old technical headers still resolve).	delete when the PJ1 census of releases.metadata legacy keys returns 0 in every environment and no web build older than the canonical writer is served, plus one deprecation window for saved column ids and exported sheets	apps/api/src/modules/reports/form-contracts/report-column-ids.spec.ts	PROVEN:5
NECESSARY_BOUNDARY	PERSISTED_VALUE_READER	api:reports	(value/shape mapped by the reader; see reason)	faixas	1	rows and documents persisted before the rename (data)	computed release track fields over releases.metadata persisted before the rename	Reads the legacy metadata key `faixas` as a fallback to `tracks` and removes it when writing (`metadata - 'faixas'`), so releases persisted before the rename keep their tracks.	remove the `faixas` fallback once no releases.metadata document carries the legacy `faixas` key (backfill + read evidence)	apps/api/src/modules/reports/computed-fields/release-tracks.field.legacy-key.spec.ts	PROVEN:1
NECESSARY_BOUNDARY	PERSISTED_VALUE_READER	api:works	(value/shape mapped by the reader; see reason)	idioma,participantes	2	rows and documents persisted before the rename (data)	old payloads, stored jsonb and deprecated parameters	Documented legacy-name reader (expand/contract): old payloads, stored metadata or deprecated query parameters still carry the Portuguese name; the canonical English name is read first.	removed together with the legacy alias it reads (residue census returns 0 for one release window)	apps/api/src/modules/works/work-contract.spec.ts	PROVEN:2
NECESSARY_BOUNDARY	PERSISTED_VALUE_READER	database-schema	(value/shape mapped by the reader; see reason)	transferencia	1	rows and documents persisted before the rename (data)	old API/web builds during the deploy window; invoice-legacy-fields.ts deprecated-input mapper	Expand/contract: migration 20260930000021 widened chk_invoices_payment_method to the canonical values plus the legacy `transferencia` so an old API/web build running during the deploy window does not fail the CHECK, and backfilled stored rows to `bank_transfer`. The contract step cannot run before the production residue preflight (SELECT count(*) FROM invoices WHERE payment_method = 'transferencia') returns 0. Behavioral proof: apps/api/scripts/verify-schema-compat-boundaries.ts runs against a real migrated PostgreSQL (accepts the legacy value / keeps both columns equal through the trigger) and scripts/naming/schema-boundary-proof.mjs records that the check FAILS when the boundary object is removed (docs/naming/audit/schema-boundary-proof.json).	contract migration drops `transferencia` from chk_invoices_payment_method and from the legacy map after the preflight returns 0 in every environment and no old build is deployed	apps/api/scripts/verify-schema-compat-boundaries.ts	PROVEN:1
NECESSARY_BOUNDARY	PERSISTED_VALUE_READER	packages:types	(value/shape mapped by the reader; see reason)	ARTISTA,COLABORADOR,COMERCIAL,JURIDICO,PRODUTOR,RH_MANAGER,artista,colaborador (+3)	11	rows and documents persisted before the rename (data)	FunctionalRole enum used by rbac.service, RolesGuard and the web role helpers; Portuguese members equal the slugs persisted in roles.slug / org_members.role / JWT	FunctionalRole member/value `ARTISTA` (canonical artist) is the authoritative persisted role slug until S5; the English twin is an alias added in S4a.	remove each member when RBAC S5 retires the Portuguese slugs after the gated S4b data backfill (docs/engineering/rbac-retirement-plan.md); (english-role-alias.parity.spec.ts proves parity until then)	apps/api/src/common/compat/types-enums.legacy-compat.spec.ts	PROVEN:11
NECESSARY_BOUNDARY	PERSISTED_VALUE_READER	packages:types	(value/shape mapped by the reader; see reason)	juridico	1	rows and documents persisted before the rename (data)	FunctionalRole enum used by rbac.service, RolesGuard and the web role helpers; Portuguese members equal the slugs persisted in roles.slug / org_members.role / JWT	FunctionalRole member/value `juridico` (canonical legal) is the authoritative persisted role slug until S5; the English twin is an alias added in S4a.	remove each member when RBAC S5 retires the Portuguese slugs after the gated S4b data backfill (docs/engineering/rbac-retirement-plan.md); (english-role-alias.parity.spec.ts proves parity until then)	apps/api/src/core/rbac/english-role-alias.parity.spec.ts	PROVEN:1
NECESSARY_BOUNDARY	PERSISTED_VALUE_READER	packages:types	(value/shape mapped by the reader; see reason)	ARTISTA,COLABORADOR,COMERCIAL,JURIDICO,PRODUTOR,RH_MANAGER	6	rows and documents persisted before the rename (data)	old payloads, stored jsonb and deprecated parameters	Documented legacy-name reader (expand/contract): old payloads, stored metadata or deprecated query parameters still carry the Portuguese name; the canonical English name is read first.	removed together with the legacy alias it reads (residue census returns 0 for one release window)	apps/api/src/common/compat/types-enums.legacy-compat.spec.ts	PROVEN:6
NECESSARY_BOUNDARY	PERSISTED_VALUE_READER	packages:types	(value/shape mapped by the reader; see reason)	assessoria,contador,editora,editora_musical,empresario,financeiro,gestor,gravadora (+1)	9	rows and documents persisted before the rename (data)	artist-legacy-fields.ts (API) and team-contact-category.ts (web)	The ONE definition of the legacy Portuguese team-contact category slugs that older rows and builds still carry, mapped to the canonical English categories; used by the API canonicalizer and by the web label helper.	remove after a data census of artists.team_contacts shows no legacy category and a backfill rewrites any remaining rows	apps/api/src/modules/artists/artist-team-contact-category.spec.ts	PROVEN:9
NECESSARY_BOUNDARY	PERSISTED_VALUE_READER	web:accounting	(value/shape mapped by the reader; see reason)	Artista,Contrato,Despesa,Empresa,Evento,Governo,Imposto,Investimento (+3)	11	rows and documents persisted before the rename (data)	transaction form (useTransactionFormController, TransactionTypeSection) reading the browser-local FinancialCategoryRuleEntity store, whose rules are keyed by the PT-BR display label	transactionTypeValueByLabel/counterpartyValueByLabel/linkValueByLabel translate the stored rule label `Artista` to the canonical wire value (CZ-041 contract) at the single translation point label <-> form value; the Portuguese word is the persisted rule-store key.	remove the label->value maps when useFinancialCategoryRulesStore persists canonical English values (not PT-BR display labels) and the stored localStorage rules are migrated on load; falsifiable by `grep -rn 'Despesa\|Receita' apps/web/src/modules/accounting/utils/financialRules.utils.ts` returning no map key and the rule store test asserting English values	apps/web/src/modules/accounting/utils/financialRules.utils.labels.test.ts	PROVEN:11
NECESSARY_BOUNDARY	PERSISTED_VALUE_READER	web:app	(value/shape mapped by the reader; see reason)	(whole file)	2	rows and documents persisted before the rename (data)	end users following pre-rename links	Legacy Portuguese URLs (bookmarks, the public artist application link shared with artists, links in old e-mails, Stripe return URLs of sessions opened before the rename, open browser tabs) must keep resolving; each redirects to its English route with params, renamed query keys and hash preserved.	remove after 2027-03-31, or earlier once edge/access logs show no hit on any legacy path for 30 consecutive days	apps/web/src/app/routes/legacy-redirects.test.tsx	PROVEN:2
NECESSARY_BOUNDARY	PERSISTED_VALUE_READER	web:artist	(value/shape mapped by the reader; see reason)	outros	1	rows and documents persisted before the rename (data)	artist-legacy-fields.ts LEGACY_DISTRIBUTOR_IDS, web distributor-id.ts, migration 20260930000027 and tests proving the mapping	Legacy distributor id outros is mapped to other on input and read; jsonb rows are rewritten by the backfill; the literals are the map keys and the migration/tests fixtures.	remove once migration 20260930000027 ran everywhere and the residue preflight returns 0 rows; old selected_distributors map keys are gone	apps/web/src/modules/artist/lib/distributor-id.test.ts	PROVEN:1
NECESSARY_BOUNDARY	PERSISTED_VALUE_READER	web:auth	(value/shape mapped by the reader; see reason)	agencia,distribuidora,gravadora,outro,produtora	5	rows and documents persisted before the rename (data)	LEGACY_CLIENT_PROFILES / LEGACY_ORGANIZATION_INDUSTRIES / LEGACY_CONTACT_PROFILES readers and mappers in the API DTOs, the web catalog and migrations 20260930000012-14	Deprecated Portuguese values are still accepted at the API boundary and read by the web catalog so existing rows display; every write and response uses the canonical English ids; the literals are the legacy-map keys and the tests/migration fixtures proving the mapping.	remove when old web builds are gone, migrations 20260930000012-14 ran in every environment and the read-only residue preflight returns 0 rows	apps/api/src/modules/auth/organization-industry.spec.ts	PROVEN:5
NECESSARY_BOUNDARY	PERSISTED_VALUE_READER	web:auth	(value/shape mapped by the reader; see reason)	editora,escritorio	2	rows and documents persisted before the rename (data)	LEGACY_CLIENT_PROFILES / LEGACY_ORGANIZATION_INDUSTRIES / LEGACY_CONTACT_PROFILES readers and mappers in the API DTOs, the web catalog and migrations 20260930000012-14	Deprecated Portuguese values are still accepted at the API boundary and read by the web catalog so existing rows display; every write and response uses the canonical English ids; the literals are the legacy-map keys and the tests/migration fixtures proving the mapping.	remove when old web builds are gone, migrations 20260930000012-14 ran in every environment and the read-only residue preflight returns 0 rows	apps/web/src/modules/auth/constants/organization-industry.test.ts	PROVEN:2
NECESSARY_BOUNDARY	PERSISTED_VALUE_READER	web:auth	(value/shape mapped by the reader; see reason)	/ano,anual,mensal	3	rows and documents persisted before the rename (data)	StatusBadge LEGACY_STATUS_ALIASES, settings/lib/user-status.ts, activation-plans.service.ts and tests proving legacy values still render	Tolerant read maps keep rendering rows or responses that still carry Portuguese legacy values; canonical English values are the only ones written.	remove once no persisted or incoming value uses the legacy Portuguese slug (data census) and old clients are gone	apps/web/src/modules/auth/services/activation-plans.service.test.ts	PROVEN:3
NECESSARY_BOUNDARY	PERSISTED_VALUE_READER	web:catalog	NC-016 `name`	nome,produtores	2	rows and documents persisted before the rename (data)	PhonogramFormModal participant autofill from a linked legacy project	Projects created by an older ProjectFormModal serialized the track list as JSON in projects.description with Portuguese keys {nome, compositores, produtores, letra}; the new ProjectFormModal stores tracks in metadata (guard: ProjectFormModal.metadata-guard.test.ts), so only legacy projects still carry this shape and the autofill reads it.	remove once no projects.description holds a JSON track array (data census on projects.description starting with a JSON array) or a backfill moves it to metadata, and the JSON.parse autofill branch is deleted	apps/web/src/modules/catalog/components/PhonogramFormModal.legacy-compat.test.tsx	PROVEN:2
NECESSARY_BOUNDARY	PERSISTED_VALUE_READER	web:catalog	NC-008 `title`	titulo	1	rows and documents persisted before the rename (data)	old payloads, stored jsonb and deprecated parameters	Documented legacy-name reader (expand/contract): old payloads, stored metadata or deprecated query parameters still carry the Portuguese name; the canonical English name is read first.	removed together with the legacy alias it reads (residue census returns 0 for one release window)	apps/web/src/test/musicRegistrationMappers.test.ts	PROVEN:1
NECESSARY_BOUNDARY	PERSISTED_VALUE_READER	web:contracts	(value/shape mapped by the reader; see reason)	anual,mensal	2	rows and documents persisted before the rename (data)	contract-service-types API (deprecated input mapping) and the contracts web form; rows persisted before migration 20260930000002	Deprecated Portuguese contract service type values are still accepted at the API boundary and mapped to the canonical English values (which are the only ones persisted and returned); the literals must appear in the map and in the tests proving the mapping.	remove the legacy value map after every environment ran migration 20260930000002 and the web release that sends canonical values is deployed everywhere	apps/web/src/modules/contracts/lib/contract-service-type-vocabulary.legacy-compat.test.ts	PROVEN:2
NECESSARY_BOUNDARY	PERSISTED_VALUE_READER	web:contracts	(value/shape mapped by the reader; see reason)	artista,misto,pessoa_fisica,pessoa_juridica,recorrente,trimestral,unico,valor_fixo	8	rows and documents persisted before the rename (data)	contract-service-types API (deprecated input mapping) and the contracts web form; rows persisted before migration 20260930000002	Deprecated Portuguese contract service type values are still accepted at the API boundary and mapped to the canonical English values (which are the only ones persisted and returned); the literals must appear in the map and in the tests proving the mapping.	remove the legacy value map after every environment ran migration 20260930000002 and the web release that sends canonical values is deployed everywhere	apps/web/src/modules/contracts/lib/contract-service-type-vocabulary.test.ts	PROVEN:8
NECESSARY_BOUNDARY	PERSISTED_VALUE_READER	web:contracts	NC-016 `name`; NC-021 `sortOrder`	artista,nome,obrigatorio,ordem	5	rows and documents persisted before the rename (data)	apps/web/src/modules/contracts/lib/contract-wizard-party.ts normalizers reading contracts.notes drafts and contracts.signers written before the rename	Read-only legacy key/value maps so old saved wizard drafts and signer records still load; the code writes canonical English keys only.	remove once a data census proves no stored notes blob or signers record carries the Portuguese keys	apps/web/src/modules/contracts/lib/contract-wizard-party.legacy-compat.test.ts	PROVEN:5
NECESSARY_BOUNDARY	PERSISTED_VALUE_READER	web:contracts	(value/shape mapped by the reader; see reason)	artistas,casado,cpf_representante,divorciado,endereco,endereco_representante,estado_civil,estado_civil_representante (+14)	25	rows and documents persisted before the rename (data)	apps/web/src/modules/contracts/lib/contract-wizard-party.ts normalizers reading contracts.notes drafts and contracts.signers written before the rename	Read-only legacy key/value maps so old saved wizard drafts and signer records still load; the code writes canonical English keys only.	remove once a data census proves no stored notes blob or signers record carries the Portuguese keys	apps/web/src/modules/contracts/lib/contract-wizard-party.test.ts	PROVEN:25
NECESSARY_BOUNDARY	PERSISTED_VALUE_READER	web:contracts	(value/shape mapped by the reader; see reason)	cessao_direitos,exclusividade,gravacao,producao,publicitario,semantico	6	rows and documents persisted before the rename (data)	contract-category-slugs.ts (API and web) legacy readers, contract list IN-match filters, transactions category reader, wizard draft readers, migration 20260930000017	Platform-owned category slugs are written in English; legacy Portuguese slugs, the external-rights phrase and legacy wizard draft keys stay as read aliases so existing rows, drafts and old clients resolve; tenant-created slugs are untouched.	remove once the category-slug and external-rights backfills ran everywhere, no stored wizard draft carries Portuguese keys (data census in contract-drafts-census.md) and old web builds are gone	apps/web/src/modules/contracts/lib/contract-category-slugs.test.ts	PROVEN:6
NECESSARY_BOUNDARY	PERSISTED_VALUE_READER	web:contracts	(value/shape mapped by the reader; see reason)	CELULAR,ENDERECO,ESTADO_CIVIL,NOME,NOME_ARTISTICO,NOME_CIVIL,OBRA,OBRA_MUSICAL (+6)	14	rows and documents persisted before the rename (data)	contract-category-slugs.ts (API and web) legacy readers, contract list IN-match filters, transactions category reader, wizard draft readers, migration 20260930000017	Platform-owned category slugs are written in English; legacy Portuguese slugs, the external-rights phrase and legacy wizard draft keys stay as read aliases so existing rows, drafts and old clients resolve; tenant-created slugs are untouched.	remove once the category-slug and external-rights backfills ran everywhere, no stored wizard draft carries Portuguese keys (data census in contract-drafts-census.md) and old web builds are gone	apps/web/src/modules/contracts/lib/contract-placeholders.test.ts	PROVEN:14
NECESSARY_BOUNDARY	PERSISTED_VALUE_READER	web:contracts	(value/shape mapped by the reader; see reason)	CPF_REPRESENTANTE,NACIONALIDADE,PROFISSAO	3	rows and documents persisted before the rename (data)	contract-category-slugs.ts (API and web) legacy readers, contract list IN-match filters, transactions category reader, wizard draft readers, migration 20260930000017	Platform-owned category slugs are written in English; legacy Portuguese slugs, the external-rights phrase and legacy wizard draft keys stay as read aliases so existing rows, drafts and old clients resolve; tenant-created slugs are untouched.	remove once the category-slug and external-rights backfills ran everywhere, no stored wizard draft carries Portuguese keys (data census in contract-drafts-census.md) and old web builds are gone	apps/web/src/modules/contracts/lib/contract-placeholders.legacy-compat.test.ts	PROVEN:3
NECESSARY_BOUNDARY	PERSISTED_VALUE_READER	web:contracts	(value/shape mapped by the reader; see reason)	agenciamento,licenciamento,outros,producao_musical,publicidade	5	rows and documents persisted before the rename (data)	contract-category-slugs.ts (API and web) legacy readers, contract list IN-match filters, transactions category reader, wizard draft readers, migration 20260930000017	Platform-owned category slugs are written in English; legacy Portuguese slugs, the external-rights phrase and legacy wizard draft keys stay as read aliases so existing rows, drafts and old clients resolve; tenant-created slugs are untouched.	remove once the category-slug and external-rights backfills ran everywhere, no stored wizard draft carries Portuguese keys (data census in contract-drafts-census.md) and old web builds are gone	apps/web/src/modules/contracts/components/ContractFormModal.legacy-compat.test.tsx	PROVEN:5
NECESSARY_BOUNDARY	PERSISTED_VALUE_READER	web:contracts	(value/shape mapped by the reader; see reason)	distribuicao,gestao,licenciamento,outros	4	rows and documents persisted before the rename (data)	contracts/contract-templates list filters and category readers	Legacy Portuguese spelling of platform-seeded contract category slugs (contracts.type / contract_templates.service_type / browser registry); READ alias mapped to canonical English, writes are canonical	no contracts.type, contract_templates.service_type or browser category registry holds a legacy slug for one release window (census in docs/runbooks/staging-to-production.md#residue-census-of-the-contract-vocabulary-backfills-read-only)	apps/web/src/modules/contracts/lib/contract-category-slugs.test.ts	PROVEN:4
NECESSARY_BOUNDARY	PERSISTED_VALUE_READER	web:contracts	(value/shape mapped by the reader; see reason)	assinatura,exclusiva,financeiro,licenca,nao_exclusiva,obra_musical,participantes,personalizada (+4)	12	rows and documents persisted before the rename (data)	useContractServiceTypes reader and contract-variables utils	Legacy Portuguese variable category / entity type / distribution type persisted in contract_service_types.variables|participants|music_work jsonb; READ-only map to canonical English	no persisted variables[*].category, participants[*].entityType or music_work.distributionType holds a legacy key for one release window	apps/web/src/modules/contracts/lib/contract-variable-vocabulary.test.ts	PROVEN:12
NECESSARY_BOUNDARY	PERSISTED_VALUE_READER	web:contracts	(value/shape mapped by the reader; see reason)	artista,produtor,empresario	3	rows and documents persisted before the rename (data)	contract form edit hydration	LEGACY_SIGNER_ROLES: contracts.signers jsonb written by earlier builds holds PT roles; read and canonicalized in contractToFormData, writes canonical (artist/label/producer/manager)	no contracts.signers[*].role in {artista, produtor, empresario} for one release window	apps/web/src/modules/contracts/lib/contract-signer-roles.test.ts	PROVEN:3
NECESSARY_BOUNDARY	PERSISTED_VALUE_READER	web:contracts	(value/shape mapped by the reader; see reason)	outro	1	rows and documents persisted before the rename (data)	web category readers and the artist 360 contract type filter	Singular legacy spelling written by ContractsService.create() as the default contracts.type until migration 20260930000034 backfilled it; READ alias mapped to the canonical `other`, every write is canonical	remove after `SELECT count(*) FROM contracts WHERE type = 'outro'` returns 0 in every environment (migration 20260930000034 executed everywhere) and no old API build is deployed	apps/web/src/modules/contracts/lib/contract-category-slugs.test.ts	PROVEN:1
NECESSARY_BOUNDARY	PERSISTED_VALUE_READER	web:crm-relationships	(value/shape mapped by the reader; see reason)	advogado,agencia,agencia_de_booking,agencia_de_modelos,agencia_de_publicidade,artista_banda,banco,compositor (+36)	44	rows and documents persisted before the rename (data)	LEGACY_CLIENT_PROFILES / LEGACY_ORGANIZATION_INDUSTRIES / LEGACY_CONTACT_PROFILES readers and mappers in the API DTOs, the web catalog and migrations 20260930000012-14	Deprecated Portuguese values are still accepted at the API boundary and read by the web catalog so existing rows display; every write and response uses the canonical English ids; the literals are the legacy-map keys and the tests/migration fixtures proving the mapping.	remove when old web builds are gone, migrations 20260930000012-14 ran in every environment and the read-only residue preflight returns 0 rows	apps/web/src/modules/crm-relationships/constants/contact-classification.legacy-compat.test.ts	PROVEN:44
NECESSARY_BOUNDARY	PERSISTED_VALUE_READER	web:crm-relationships	(value/shape mapped by the reader; see reason)	cartorio,gravadora_selo,outros	3	rows and documents persisted before the rename (data)	LEGACY_CLIENT_PROFILES / LEGACY_ORGANIZATION_INDUSTRIES / LEGACY_CONTACT_PROFILES readers and mappers in the API DTOs, the web catalog and migrations 20260930000012-14	Deprecated Portuguese values are still accepted at the API boundary and read by the web catalog so existing rows display; every write and response uses the canonical English ids; the literals are the legacy-map keys and the tests/migration fixtures proving the mapping.	remove when old web builds are gone, migrations 20260930000012-14 ran in every environment and the read-only residue preflight returns 0 rows	apps/web/src/modules/crm-relationships/constants/contact-classification.test.ts	PROVEN:3
NECESSARY_BOUNDARY	PERSISTED_VALUE_READER	web:events	(value/shape mapped by the reader; see reason)	entrevista,evento_corporativo,gravacao,gravacoes,lancamento,reuniao,rodeio,show_teatro (+1)	9	rows and documents persisted before the rename (data)	operational-list-vocabulary.ts legacy_slug resolution, web operational-vocabulary.ts and events/lib/event-type.ts legacy readers, migration 20260930000016	Platform default slugs became English; the legacy Portuguese slugs stay as map keys so old rows, stored event metadata and old clients still resolve; tenant-authored slugs are never translated.	remove once migration 20260930000016 ran everywhere, old API builds are gone and the legacy_slug census returns 0 unresolved rows (then drop legacy_slug in a separate destructive step)	apps/web/src/modules/events/lib/event-type.legacy-compat.test.ts	PROVEN:9
NECESSARY_BOUNDARY	PERSISTED_VALUE_READER	web:integrations	(value/shape mapped by the reader; see reason)	proprio	1	rows and documents persisted before the rename (data)	StatusBadge LEGACY_STATUS_ALIASES, settings/lib/user-status.ts, activation-plans.service.ts and tests proving legacy values still render	Tolerant read maps keep rendering rows or responses that still carry Portuguese legacy values; canonical English values are the only ones written.	remove once no persisted or incoming value uses the legacy Portuguese slug (data census) and old clients are gone	apps/web/src/modules/integrations/hooks/useNfe.legacy-compat.test.ts	PROVEN:1
NECESSARY_BOUNDARY	PERSISTED_VALUE_READER	web:marketing	(value/shape mapped by the reader; see reason)	(whole file)	1	rows and documents persisted before the rename (data)	marketing_projects rows written by pre-CZ-046 web builds	CZ-046: marketing_projects rows written before the canonicalization still hold baixa/media/alta/urgente; this is the only place in the web that reads them.	remove once marketing_projects.priority is backfilled to low/normal/high/urgent	apps/web/src/modules/marketing/services/marketing.contents-vocabulary.test.ts	PROVEN:1
NECESSARY_BOUNDARY	PERSISTED_VALUE_READER	web:marketing	(value/shape mapped by the reader; see reason)	pendente	1	rows and documents persisted before the rename (data)	marketing-vocabulary mappers (API Transform and web wire/constants), marketing DTO deprecated aliases, migration 20260930000026 match lists and tests	Legacy Portuguese marketing slugs persisted in jsonb/varchar columns are mapped to the canonical English vocabulary on input and read; writes use canonical values; the literals are the alias map keys, the migration match lists and the tests proving the mapping.	remove once migration 20260930000026 ran everywhere, the metadata residue preflight returns 0 rows and old clients are gone	apps/web/src/modules/marketing/services/musicIntelligenceEngine/pending.test.ts	PROVEN:1
NECESSARY_BOUNDARY	PERSISTED_VALUE_READER	web:marketing	(value/shape mapped by the reader; see reason)	direto,misto	4	rows and documents persisted before the rename (data)	lyricsVocabulary compat mapper (old stored melancolico/narrativo/direto/misto values) and signup payload legacy key tests	Legacy Portuguese lyric analysis tokens are mapped to the English ids on read; the literals are the compat map keys and the tests proving it.	remove once no stored analysis output or lead metadata read path depends on the Portuguese tokens/keys (data census)	apps/web/src/modules/marketing/services/musicIntelligenceEngine/lyricsVocabulary.legacy-compat.test.ts	PROVEN:4
NECESSARY_BOUNDARY	PERSISTED_VALUE_READER	web:marketing	(value/shape mapped by the reader; see reason)	melancolico,narrativo,positivo	5	rows and documents persisted before the rename (data)	lyricsVocabulary compat mapper (old stored melancolico/narrativo/direto/misto values) and signup payload legacy key tests	Legacy Portuguese lyric analysis tokens are mapped to the English ids on read; the literals are the compat map keys and the tests proving it.	remove once no stored analysis output or lead metadata read path depends on the Portuguese tokens/keys (data census)	apps/web/src/modules/marketing/services/musicIntelligenceEngine/lyricsVocabulary.test.ts	PROVEN:5
NECESSARY_BOUNDARY	PERSISTED_VALUE_READER	web:marketing	(value/shape mapped by the reader; see reason)	alcance,captacao_leads,conversao,conversoes,crescimento_seguidores,engajamento,seguidores,visualizacao_video (+1)	9	rows and documents persisted before the rename (data)	campaigns.objective is free TEXT and may hold these legacy values	campaigns.objective is free text, so persisted rows can hold the legacy objective values.	remove when no campaigns.objective holds these values or a backfill migration ships; add a test per alias	apps/web/src/modules/marketing/components/campaign-builder/campaign-builder.helpers.legacy-compat.test.ts	PROVEN:9
NECESSARY_BOUNDARY	PERSISTED_VALUE_READER	web:marketing	(value/shape mapped by the reader; see reason)	conteudo	1	rows and documents persisted before the rename (data)	marketing assets readers	Legacy sourceDepartment spellings read from asset metadata.sourceDepartment (open string; no known writer) and mapped to content/operations	no marketing asset metadata.sourceDepartment holds a legacy spelling	apps/web/src/modules/marketing/utils/marketing-legacy-vocabulary.legacy-compat.test.ts	PROVEN:1
NECESSARY_BOUNDARY	PERSISTED_VALUE_READER	web:marketing	(value/shape mapped by the reader; see reason)	operacoes	1	rows and documents persisted before the rename (data)	marketing assets readers	Legacy sourceDepartment spellings read from asset metadata.sourceDepartment (open string; no known writer) and mapped to content/operations	no marketing asset metadata.sourceDepartment holds a legacy spelling	apps/web/src/modules/marketing/utils/marketing-source-department.test.ts	PROVEN:1
NECESSARY_BOUNDARY	PERSISTED_VALUE_READER	web:projects	(value/shape mapped by the reader; see reason)	nao,sim	2	rows and documents persisted before the rename (data)	campaign-builder state mapper, operational list sector/context slug legacy_slug resolution, project track mappers and migrations 20260930000028/29/31/32	Legacy Portuguese values persisted in jsonb/varchar columns are mapped to canonical English on read and rewritten by guarded backfills; the literals are the mapper keys, migration match lists and tests.	remove once migrations 20260930000028/29/31/32 ran everywhere, the residue preflights return 0 and old clients are gone	apps/web/src/modules/projects/utils/track-vocabulary.test.ts	PROVEN:2
NECESSARY_BOUNDARY	PERSISTED_VALUE_READER	web:releases	NC-016 `name`	artista,artistasAdicionais,artistasAdicionaisAlbum,compositores,copyrightDataGravacao,copyrightDataLancamento,faixas,generoSecundario (+8)	16	rows and documents persisted before the rename (data)	dual-read helpers and mappers (release metadata keys, asset type mapper, contract last-payment helper, plan feature keys, invoice payment method canonicalizer), migrations 20260930000019/21/23/24/25	Legacy Portuguese persisted keys and enum values are read through explicit mappers while every write uses canonical English; the literals are mapper keys, migration match lists and the tests/fixtures proving the mapping.	remove once the matching backfill migration ran in every environment, the residue preflight returns 0 and old clients/builds are gone	apps/web/src/modules/releases/lib/release-metadata.test.ts	PROVEN:16
NECESSARY_BOUNDARY	PERSISTED_VALUE_READER	web:releases	(value/shape mapped by the reader; see reason)	rejeitado,remocao	2	rows and documents persisted before the rename (data)	releases.status rows still holding Portuguese values with no ReleaseStatus equivalent (releases.status has no CHECK)	UNMAPPED_LEGACY_TO_DISPLAY maps the persisted Portuguese release status `rejeitado` (no canonical ReleaseStatus; migration 20260928000019 maps every other one) to a display status.	remove after BLK-RELEASES-STATUS-CHECK: a census of releases.status shows no rejeitado/take_down/remocao rows and a CHECK restricts the column to ReleaseStatus	apps/web/src/modules/releases/lib/release-status.legacy-compat.test.tsx	PROVEN:2
NECESSARY_BOUNDARY	PERSISTED_VALUE_READER	web:releases	(value/shape mapped by the reader; see reason)	eletronico,electronico,eletronica	3	rows and documents persisted before the rename (data)	genre-match.ts matchGenre (used by ReleaseFormModal autofill) from project/phonogram genre text	GENRE_ALIASES in matchGenre maps free-text genre strings of projects/phonograms (user-typed, accent/spelling variants) to the persisted genre slug, which toGenreSlug derives from the PT label (`eletronica`).	remove once musicalGenres exposes English genre ids with dual-read plus a backfill of releases/phonograms genre values, GENRE_ALIASES is deleted and `grep -rn eletronica apps/web/src` has no non-label match	apps/web/src/modules/releases/lib/genre-match.test.ts	PROVEN:3
NECESSARY_BOUNDARY	PERSISTED_VALUE_READER	web:releases	(value/shape mapped by the reader; see reason)	genero_secundario	1	rows and documents persisted before the rename (data)	old payloads, stored jsonb and deprecated parameters	Documented legacy-name reader (expand/contract): old payloads, stored metadata or deprecated query parameters still carry the Portuguese name; the canonical English name is read first.	removed together with the legacy alias it reads (residue census returns 0 for one release window)	apps/web/src/modules/releases/lib/release-metadata.test.ts	PROVEN:1
NECESSARY_BOUNDARY	PERSISTED_VALUE_READER	web:releases	NC-016 `name`; NC-023 matching camelCase; NC-008 `title`	artista,compositores,letra,nome,percentual,produtores,titulo	7	rows and documents persisted before the rename (data)	old payloads, stored rows and deprecated parameters	Documented legacy-name reader (expand/contract): old payloads, stored rows or deprecated parameters still carry the Portuguese name; the canonical English name is read first.	removed together with the legacy alias it reads (residue census returns 0 for one release window)	apps/web/src/modules/releases/lib/legacy-reads.test.ts	PROVEN:7
NECESSARY_BOUNDARY	PERSISTED_VALUE_READER	web:settings	(value/shape mapped by the reader; see reason)	agencia,artista_banda,consultoria,contratante_show,corporativo,design_grafico,distribuicao_digital,em_contato (+24)	32	rows and documents persisted before the rename (data)	operational-list-vocabulary.ts legacy_slug resolution, web operational-vocabulary.ts and events/lib/event-type.ts legacy readers, migration 20260930000016	Platform default slugs became English; the legacy Portuguese slugs stay as map keys so old rows, stored event metadata and old clients still resolve; tenant-authored slugs are never translated.	remove once migration 20260930000016 ran everywhere, old API builds are gone and the legacy_slug census returns 0 unresolved rows (then drop legacy_slug in a separate destructive step)	apps/web/src/modules/settings/lib/operational-vocabulary.test.ts	PROVEN:32
NECESSARY_BOUNDARY	PERSISTED_VALUE_READER	web:settings	NC-020 `active`	ativo,inativo,pendente	3	rows and documents persisted before the rename (data)	StatusBadge LEGACY_STATUS_ALIASES, settings/lib/user-status.ts, activation-plans.service.ts and tests proving legacy values still render	Tolerant read maps keep rendering rows or responses that still carry Portuguese legacy values; canonical English values are the only ones written.	remove once no persisted or incoming value uses the legacy Portuguese slug (data census) and old clients are gone	apps/web/src/modules/settings/lib/user-status.legacy-compat.test.ts	PROVEN:3
NECESSARY_BOUNDARY	PERSISTED_VALUE_READER	web:settings	(value/shape mapped by the reader; see reason)	suspenso	1	rows and documents persisted before the rename (data)	StatusBadge LEGACY_STATUS_ALIASES, settings/lib/user-status.ts, activation-plans.service.ts and tests proving legacy values still render	Tolerant read maps keep rendering rows or responses that still carry Portuguese legacy values; canonical English values are the only ones written.	remove once no persisted or incoming value uses the legacy Portuguese slug (data census) and old clients are gone	apps/web/src/modules/settings/lib/user-status.test.ts	PROVEN:1
NECESSARY_BOUNDARY	PERSISTED_VALUE_READER	web:settings	(value/shape mapped by the reader; see reason)	auto_alerta_financeiro,auto_lembrete_renovacao,auto_notificar_vencimento,auto_relatorio_semanal,cargo,notify_contratos,notify_financeiro,notify_lancamentos (+1)	9	rows and documents persisted before the rename (data)	per-browser localStorage payloads `musicos360_user_settings:<userId>` written before the English rename (read by readJSON, re-saved under canonical keys)	readJSON() copies the Portuguese localStorage key `auto_alerta_financeiro` to its English counterpart when the canonical key is absent; users who saved settings before the rename would otherwise silently lose that preference.	remove LEGACY_USER_SETTINGS_KEYS once no stored payload can predate the rename: ship a release that writes canonical keys only, wait the longest browser retention window the product accepts (stored settings are re-saved on first load, so one visit migrates a browser), and confirm via a client-side telemetry counter of legacy-key reads that it is 0	apps/web/src/modules/settings/hooks/useUserSettings.legacy-keys.test.tsx	PROVEN:9
NECESSARY_BOUNDARY	PERSISTED_VALUE_READER	web:settings	(value/shape mapped by the reader; see reason)	artista,campanha,contact_pf_classification,conteudo,empresa,projeto_musical	6	rows and documents persisted before the rename (data)	campaign-builder state mapper, operational list sector/context slug legacy_slug resolution, project track mappers and migrations 20260930000028/29/31/32	Legacy Portuguese values persisted in jsonb/varchar columns are mapped to canonical English on read and rewritten by guarded backfills; the literals are the mapper keys, migration match lists and tests.	remove once migrations 20260930000028/29/31/32 ran everywhere, the residue preflights return 0 and old clients are gone	apps/web/src/modules/settings/lib/operational-vocabulary.test.ts	PROVEN:6
NECESSARY_BOUNDARY	PERSISTED_VALUE_READER	web:settings	(value/shape mapped by the reader; see reason)	contact-individual-videomaker	1	rows and documents persisted before the rename (data)	campaign-builder state mapper, operational list sector/context slug legacy_slug resolution, project track mappers and migrations 20260930000028/29/31/32	Legacy Portuguese values persisted in jsonb/varchar columns are mapped to canonical English on read and rewritten by guarded backfills; the literals are the mapper keys, migration match lists and tests.	remove once migrations 20260930000028/29/31/32 ran everywhere, the residue preflights return 0 and old clients are gone	apps/web/src/modules/settings/hooks/useOperationalSettings.legacy-compat.test.ts	PROVEN:1
NECESSARY_BOUNDARY	PERSISTED_VALUE_READER	web:settings	(value/shape mapped by the reader; see reason)	Comunicação	1	rows and documents persisted before the rename (data)	canonicalAllowedServiceSlugs / marketing sector canonicalization over persisted settings	Legacy marketing sector value `Comunicação` (stored verbatim in settings written before the rename) mapped to the canonical `communication`.	remove the key once no stored operational settings carry the Portuguese sector label (backfill + read evidence)	apps/web/src/modules/settings/lib/operational-vocabulary.test.ts	PROVEN:1
NECESSARY_BOUNDARY	PERSISTED_VALUE_READER	web:shared	(value/shape mapped by the reader; see reason)	publicitario,semantico	2	rows and documents persisted before the rename (data)	contract-category-slugs.ts (API and web) legacy readers, contract list IN-match filters, transactions category reader, wizard draft readers, migration 20260930000017	Platform-owned category slugs are written in English; legacy Portuguese slugs, the external-rights phrase and legacy wizard draft keys stay as read aliases so existing rows, drafts and old clients resolve; tenant-created slugs are untouched.	remove once the category-slug and external-rights backfills ran everywhere, no stored wizard draft carries Portuguese keys (data census in contract-drafts-census.md) and old web builds are gone	apps/web/src/shared/lib/category-labels.legacy-compat.test.ts	PROVEN:2
NECESSARY_BOUNDARY	PERSISTED_VALUE_READER	web:shared	(value/shape mapped by the reader; see reason)	agendada,analise,arquivado,atrasado,concluida,conectado,em_analise,em_producao (+3)	11	rows and documents persisted before the rename (data)	StatusBadge LEGACY_STATUS_ALIASES, settings/lib/user-status.ts, activation-plans.service.ts and tests proving legacy values still render	Tolerant read maps keep rendering rows or responses that still carry Portuguese legacy values; canonical English values are the only ones written.	remove once no persisted or incoming value uses the legacy Portuguese slug (data census) and old clients are gone	apps/web/src/shared/components/StatusBadge.legacy-compat.test.tsx	PROVEN:11
NECESSARY_BOUNDARY	PERSISTED_VALUE_READER	web:shared	(value/shape mapped by the reader; see reason)	moduleRh	1	rows and documents persisted before the rename (data)	tenants.features / billing plan features payloads from an API or row not yet backfilled by migration 20260930000024 (TenantContext dual-read)	canonicalFeatureKeys() rewrites the persisted feature key `moduleRh` (Portuguese RH) to `moduleHr`; canonical wins when both exist (feature-flags.test.ts).	remove LEGACY_FEATURE_KEYS when the persisted-jsonb PJ1 census of tenants.features / plans.features legacy keys returns 0 in every environment and no API build older than the canonical writer is served	apps/web/src/shared/lib/feature-flags.test.ts	PROVEN:1
NECESSARY_BOUNDARY	PERSISTED_VALUE_READER	web:shared	(value/shape mapped by the reader; see reason)	artista,colaborador,comercial,juridico,produtor,rh_manager	12	rows and documents persisted before the rename (data)	AppRole union and ROLE rank table reading the role slug from the session/JWT of members whose org_members.role is still Portuguese	legacy role slug `artista` (canonical artist) is still persisted in older org_members rows / JWTs and must keep the exact rank of its canonical slug.	remove each entry when RBAC S5 retires the Portuguese slugs after the gated S4b data backfill (docs/engineering/rbac-retirement-plan.md) and no JWT can still carry it (one token lifetime after S4b)	apps/web/src/shared/hooks/useHasRole.test.tsx	PROVEN:12
NECESSARY_BOUNDARY	PERSISTED_VALUE_READER	web:shared	NC-020 `active`	agendado,publicado,pago,ativo,inativo,rejeitado	6	rows and documents persisted before the rename (data)	StatusBadge rendering of persisted legacy status slugs	Tolerant badge alias: marketing metadata.uiStatus is free jsonb and the API still accepts agendado/publicado for marketing content, so rows carrying the Portuguese slug must still render.	remove after a status DB-value census proves no persisted or incoming value uses the slug and MK2 migration 20260930000026 ran everywhere	apps/web/src/shared/components/StatusBadge.legacy-compat.test.tsx	PROVEN:6
NECESSARY_BOUNDARY	PERSISTED_VALUE_READER	web:shared	(value/shape mapped by the reader; see reason)	cessao_direitos,gravacao,producao	3	rows and documents persisted before the rename (data)	ContractViewModal, Contracts page and contract-type-filter render contract.type through formatCategoryLabel; API LEGACY_CONTRACT_CATEGORY_SLUGS	Display-label dictionary key for the legacy platform contract-category slug `cessao_direitos` (canonical English id written by the API since CT1); Contracts list/view call formatCategoryLabel(contract.type), and `contracts.type` rows written before migration 20260930000017 still hold it.	remove once no contracts.type / contract_templates.service_type row and no browser category registry holds the legacy slug (census query in docs/runbooks/staging-to-production.md#residue-census-of-the-contract-vocabulary-backfills-read-only) and contract-category-slugs.ts LEGACY_CONTRACT_CATEGORY_SLUGS no longer lists it	apps/web/src/shared/lib/category-labels.test.ts	PROVEN:3
NECESSARY_BOUNDARY	PERSISTED_VALUE_READER	web:shared	(value/shape mapped by the reader; see reason)	juridico	1	rows and documents persisted before the rename (data)	transactionCategoryLabel (transaction-constants.ts) fallback for transactions.category rows written with a seeded financial_categories slug	Display-label key for the seeded financial_categories slug `juridico` (migration 20260526000002): transactionCategoryLabel falls back to this dictionary for a stored slug outside the transaction taxonomy lists (older import/seed data).	remove once transactions.category holds only taxonomy slugs or display names (no row with the financial_categories seed slug; data census query on transactions.category) and transactionCategoryLabel no longer falls back to formatCategoryLabel	apps/web/src/shared/lib/category-labels.test.ts	PROVEN:1
NECESSARY_BOUNDARY	PERSISTED_VALUE_READER	web:shared	NC-008 `title`	titulo	1	rows and documents persisted before the rename (data)	old payloads, stored jsonb and deprecated parameters	Documented legacy-name reader (expand/contract): old payloads, stored metadata or deprecated query parameters still carry the Portuguese name; the canonical English name is read first.	removed together with the legacy alias it reads (residue census returns 0 for one release window)	apps/web/src/shared/lib/legacy-title.test.ts	PROVEN:1
NECESSARY_BOUNDARY	USER_FACING_TEXT	api:assets	(value/shape mapped by the reader; see reason)	intérpretes	1	end-user language (permanent)	end users (PT-BR UI/API messages) and the tests asserting them	Accented Portuguese literal detected by the accent-aware census: human-readable end-user copy (UI text, message, label or test text asserting it), not a machine identifier.	none; end-user PT-BR copy is the intended language of user-visible text		NOT_REQUIRED:1
NECESSARY_BOUNDARY	USER_FACING_TEXT	api:assets	(value/shape mapped by the reader; see reason)	contrato,guia,videoclipe	3	end-user language (permanent)	none (test-only fixture)	Test fixture: Portuguese end-user content (names, titles, categories typed by a user) fed to the code under test.	none while the fixture models user-entered Portuguese data	apps/api/src/modules/assets/asset-classification.service.spec.ts	NOT_REQUIRED:3
NECESSARY_BOUNDARY	USER_FACING_TEXT	api:audiovisual	(value/shape mapped by the reader; see reason)	não-é-data	1	end-user language (permanent)	end users (PT-BR UI/API messages) and the tests asserting them	Accented Portuguese literal detected by the accent-aware census: human-readable end-user copy (UI text, message, label or test text asserting it), not a machine identifier.	none; end-user PT-BR copy is the intended language of user-visible text		NOT_REQUIRED:1
NECESSARY_BOUNDARY	USER_FACING_TEXT	api:audiovisual	(value/shape mapped by the reader; see reason)	guitarra,jaqueta,nota,videomaker	5	end-user language (permanent)	none (test-only fixture)	Test fixture: Portuguese end-user content (names, titles, categories typed by a user) fed to the code under test.	none while the fixture models user-entered Portuguese data	apps/api/src/modules/audiovisual/dto/audiovisual.dto.spec.ts	NOT_REQUIRED:5
NECESSARY_BOUNDARY	USER_FACING_TEXT	api:billing	(value/shape mapped by the reader; see reason)	inválida	1	end-user language (permanent)	end users (PT-BR UI/API messages) and the tests asserting them	Accented Portuguese literal detected by the accent-aware census: human-readable end-user copy (UI text, message, label or test text asserting it), not a machine identifier.	none; end-user PT-BR copy is the intended language of user-visible text		NOT_REQUIRED:1
NECESSARY_BOUNDARY	USER_FACING_TEXT	api:common	(value/shape mapped by the reader; see reason)	não-é-uma-data	1	end-user language (permanent)	end users (PT-BR UI/API messages) and the tests asserting them	Accented Portuguese literal detected by the accent-aware census: human-readable end-user copy (UI text, message, label or test text asserting it), not a machine identifier.	none; end-user PT-BR copy is the intended language of user-visible text		NOT_REQUIRED:1
NECESSARY_BOUNDARY	USER_FACING_TEXT	api:conversations	(value/shape mapped by the reader; see reason)	Atendimento,Comercial,Financeiro,Suporte,Triagem	5	end-user language (permanent)	MusicChat menu options and conversation metadata (queue/sector display labels shown to agents and editable by the tenant)	PT-BR queue/sector display label `Atendimento` of the platform default MusicChat triage menu (DEFAULT_MENU_OPTIONS, each paired with an English queueKey/sectorKey) or end-user copy. Queue and sector are tenant-editable free strings shown in the UI, not machine identifiers; the English keys are additive write-only scaffolding (adoption/removal condition on the musicchat-vocabulary.ts row).	none while queue/sector remain tenant-editable display labels; revisit with the queueKey/sectorKey adoption/removal review (musicchat-vocabulary.ts row)		NOT_REQUIRED:5
NECESSARY_BOUNDARY	USER_FACING_TEXT	api:conversations	(value/shape mapped by the reader; see reason)	Catálogo,Conteúdo,Criação,Produção,Produção Musical	5	end-user language (permanent)	end users (PT-BR UI/API messages) and the tests asserting them	Accented Portuguese literal detected by the accent-aware census: human-readable end-user copy (UI text, message, label or test text asserting it), not a machine identifier.	none; end-user PT-BR copy is the intended language of user-visible text		NOT_REQUIRED:5
NECESSARY_BOUNDARY	USER_FACING_TEXT	api:core	(value/shape mapped by the reader; see reason)	lançamento,concluída,concluídas,impressões,usuários	7	end-user language (permanent)	end users (PT-BR UI/API messages) and the tests asserting them	Accented Portuguese literal detected by the accent-aware census: human-readable end-user copy (UI text, message, label or test text asserting it), not a machine identifier.	none; end-user PT-BR copy is the intended language of user-visible text		NOT_REQUIRED:7
NECESSARY_BOUNDARY	USER_FACING_TEXT	api:core	(value/shape mapped by the reader; see reason)	lancamento_musical,varejo	2	end-user language (permanent)	none (test-only fixture)	Test fixture: Portuguese end-user content (names, titles, categories typed by a user) fed to the code under test.	none while the fixture models user-entered Portuguese data	apps/api/src/core/automation/ai-skills-fallback-copy.spec.ts	NOT_REQUIRED:2
NECESSARY_BOUNDARY	USER_FACING_TEXT	api:core	(value/shape mapped by the reader; see reason)	direto	1	end-user language (permanent)	none (test-only fixture)	Test fixture: Portuguese end-user content (names, titles, categories typed by a user) fed to the code under test.	none while the fixture models user-entered Portuguese data	apps/api/src/core/automation/campaign-builder-insights.automation.spec.ts	NOT_REQUIRED:1
NECESSARY_BOUNDARY	USER_FACING_TEXT	api:core	(value/shape mapped by the reader; see reason)	cancelada,cronograma	2	end-user language (permanent)	none (test-only fixture)	Test fixture: Portuguese end-user content (names, titles, categories typed by a user) fed to the code under test.	none while the fixture models user-entered Portuguese data	apps/api/src/core/automation/campaign-report.automation.spec.ts	NOT_REQUIRED:2
NECESSARY_BOUNDARY	USER_FACING_TEXT	api:core	(value/shape mapped by the reader; see reason)	animado,outro-tipo-qualquer	2	end-user language (permanent)	none (test-only fixture)	Test fixture: Portuguese end-user content (names, titles, categories typed by a user) fed to the code under test.	none while the fixture models user-entered Portuguese data	apps/api/src/core/automation/copywriting.automation.spec.ts	NOT_REQUIRED:2
NECESSARY_BOUNDARY	USER_FACING_TEXT	api:core	(value/shape mapped by the reader; see reason)	financeiro,lancamento	2	end-user language (permanent)	none (test-only fixture)	Test fixture: Portuguese end-user content (names, titles, categories typed by a user) fed to the code under test.	none while the fixture models user-entered Portuguese data	apps/api/src/core/automation/project-planning.automation.spec.ts	NOT_REQUIRED:2
NECESSARY_BOUNDARY	USER_FACING_TEXT	api:core	(value/shape mapped by the reader; see reason)	presente,sim	2	end-user language (permanent)	none (test-only fixture)	Test fixture: Portuguese end-user content (names, titles, categories typed by a user) fed to the code under test.	none while the fixture models user-entered Portuguese data	apps/api/src/core/automation/seo-audit.automation.spec.ts	NOT_REQUIRED:2
NECESSARY_BOUNDARY	USER_FACING_TEXT	api:core	(value/shape mapped by the reader; see reason)	artista,direto	2	end-user language (permanent)	none (test-only fixture)	Test fixture: Portuguese end-user content (names, titles, categories typed by a user) fed to the code under test.	none while the fixture models user-entered Portuguese data	apps/api/src/core/automation/social-content.automation.spec.ts	NOT_REQUIRED:2
NECESSARY_BOUNDARY	USER_FACING_TEXT	api:core	(value/shape mapped by the reader; see reason)	artistas,contratos	2	end-user language (permanent)	end users (UI/XLSX/prompt text)	Displayed or composed end-user PT-BR copy / label data, not a machine identifier.	none		NOT_REQUIRED:2
NECESSARY_BOUNDARY	USER_FACING_TEXT	api:core	(value/shape mapped by the reader; see reason)	mesmo-valor,teste,valor-super-secreto	3	end-user language (permanent)	none (test-only fixture)	Test fixture: Portuguese end-user content (names, titles, categories typed by a user) fed to the code under test.	none while the fixture models user-entered Portuguese data	apps/api/src/core/security/encryption.service.spec.ts	NOT_REQUIRED:3
NECESSARY_BOUNDARY	USER_FACING_TEXT	api:database	(value/shape mapped by the reader; see reason)	olá,Comunicação,Distribuição Digital,não	4	end-user language (permanent)	end users (PT-BR UI/API messages) and the tests asserting them	Accented Portuguese literal detected by the accent-aware census: human-readable end-user copy (UI text, message, label or test text asserting it), not a machine identifier.	none; end-user PT-BR copy is the intended language of user-visible text		NOT_REQUIRED:4
NECESSARY_BOUNDARY	USER_FACING_TEXT	api:database	(value/shape mapped by the reader; see reason)	RH	1	end-user language (permanent)	org structure seed (department display names)	`RH` is the displayed name of the human-resources department seeded for tenants (end-user language; the canonical slug beside it is `human-resources`).	only if the product renames the department in end-user language		NOT_REQUIRED:1
NECESSARY_BOUNDARY	USER_FACING_TEXT	api:integrations	(value/shape mapped by the reader; see reason)	visualização	1	end-user language (permanent)	end users (PT-BR UI/API messages) and the tests asserting them	Accented Portuguese literal detected by the accent-aware census: human-readable end-user copy (UI text, message, label or test text asserting it), not a machine identifier.	none; end-user PT-BR copy is the intended language of user-visible text		NOT_REQUIRED:1
NECESSARY_BOUNDARY	USER_FACING_TEXT	api:integrations	(value/shape mapped by the reader; see reason)	uso	1	end-user language (permanent)	end users (UI/XLSX/prompt text)	Displayed or composed end-user PT-BR copy / label data, not a machine identifier.	none		NOT_REQUIRED:1
NECESSARY_BOUNDARY	USER_FACING_TEXT	api:knowledge-base	(value/shape mapped by the reader; see reason)	conteúdo	1	end-user language (permanent)	end users (PT-BR UI/API messages) and the tests asserting them	Accented Portuguese literal detected by the accent-aware census: human-readable end-user copy (UI text, message, label or test text asserting it), not a machine identifier.	none; end-user PT-BR copy is the intended language of user-visible text		NOT_REQUIRED:1
NECESSARY_BOUNDARY	USER_FACING_TEXT	api:knowledge-base	(value/shape mapped by the reader; see reason)	palavra	1	end-user language (permanent)	none (test-only fixture)	Test fixture: Portuguese end-user content (names, titles, categories typed by a user) fed to the code under test.	none while the fixture models user-entered Portuguese data	apps/api/src/modules/knowledge-base/knowledge-base.service.spec.ts	NOT_REQUIRED:1
NECESSARY_BOUNDARY	USER_FACING_TEXT	api:projects	(value/shape mapped by the reader; see reason)	não,português	3	end-user language (permanent)	end users (PT-BR UI/API messages) and the tests asserting them	Accented Portuguese literal detected by the accent-aware census: human-readable end-user copy (UI text, message, label or test text asserting it), not a machine identifier.	none; end-user PT-BR copy is the intended language of user-visible text		NOT_REQUIRED:3
NECESSARY_BOUNDARY	USER_FACING_TEXT	api:projects	(value/shape mapped by the reader; see reason)	nota	1	end-user language (permanent)	none (test-only fixture)	Test fixture: Portuguese end-user content (names, titles, categories typed by a user) fed to the code under test.	none while the fixture models user-entered Portuguese data	apps/api/src/modules/projects/projects.service.spec.ts	NOT_REQUIRED:1
NECESSARY_BOUNDARY	USER_FACING_TEXT	api:projects	(value/shape mapped by the reader; see reason)	não	1	end-user language (permanent)	LEGACY_PROJECT_TRACK_INSTRUMENTAL (project track import)	`não` is a Portuguese yes/no answer typed by end users in spreadsheets and imported project data (user input vocabulary, mapped to the canonical `no`).	only if the importer stops accepting Portuguese yes/no answers		NOT_REQUIRED:1
NECESSARY_BOUNDARY	USER_FACING_TEXT	api:reports	(value/shape mapped by the reader; see reason)	explodido,outro,planejamento	3	end-user language (permanent)	none (test-only fixture)	Test fixture: Portuguese end-user content (names, titles, categories typed by a user) fed to the code under test.	none while the fixture models user-entered Portuguese data	apps/api/src/modules/reports/import/import-engine.service.spec.ts	NOT_REQUIRED:3
NECESSARY_BOUNDARY	USER_FACING_TEXT	api:reports	NC-016 `name`	nome,valor	2	end-user language (permanent)	none (test-only fixture)	Test fixture: Portuguese end-user content (names, titles, categories typed by a user) fed to the code under test.	none while the fixture models user-entered Portuguese data	apps/api/src/modules/reports/import/import-parser.service.spec.ts	NOT_REQUIRED:2
NECESSARY_BOUNDARY	USER_FACING_TEXT	api:reports	(value/shape mapped by the reader; see reason)	truncado	1	end-user language (permanent)	export-format.service TRUNCATION_SUFFIX (cell text read by end users)	The spreadsheet cell shows the Portuguese notice `… [truncado: excede o limite de célula do Excel]` to the person who opens the export; the spec asserts that visible text.	none: end-user text in the supported pt-BR UI	apps/api/src/modules/reports/export/export-format.service.spec.ts	NOT_REQUIRED:1
NECESSARY_BOUNDARY	USER_FACING_TEXT	api:reports	(value/shape mapped by the reader; see reason)	função,NOME	2	end-user language (permanent)	ImportMapperService header-to-field mapping (clients)	`função` is a Portuguese spreadsheet column header (user-facing label of the client job title) accepted by the importer and mapped to `job_title`.	only if the product stops accepting Portuguese spreadsheet headers		NOT_REQUIRED:2
NECESSARY_BOUNDARY	USER_FACING_TEXT	api:reports	(value/shape mapped by the reader; see reason)	Tipo de Lançamento	1	end-user language (permanent)	export/import spreadsheet headers (user-facing)	Spreadsheet column header `Tipo de Lançamento` is the PT-BR display header of the exported/imported sheet (user-facing column label), read back by the test to prove round-trip canonicalization.	only if the product renames the spreadsheet column		NOT_REQUIRED:1
NECESSARY_BOUNDARY	USER_FACING_TEXT	api:reports	(value/shape mapped by the reader; see reason)	RH	1	end-user language (permanent)	REPORT_MODULE_ORDERED_LABELS	`RH` is the displayed module name in the ordered PT-BR module label list asserted by the registry spec (user-facing).	only if the product renames the module in end-user language		NOT_REQUIRED:1
NECESSARY_BOUNDARY	USER_FACING_TEXT	api:reports	(value/shape mapped by the reader; see reason)	Músicas do Projeto	1	end-user language (permanent)	tryGetFieldLabelPtBr (PT-BR label resource)	`Músicas do Projeto` is the PT-BR display label of a child sheet/section asserted by the guard (user-facing).	only if the product renames the label		NOT_REQUIRED:1
NECESSARY_BOUNDARY	USER_FACING_TEXT	api:scripts	(value/shape mapped by the reader; see reason)	removido,empresa	2	end-user language (permanent)	end users (UI/XLSX/prompt text)	Displayed or composed end-user PT-BR copy / label data, not a machine identifier.	none		NOT_REQUIRED:2
NECESSARY_BOUNDARY	USER_FACING_TEXT	api:scripts	(value/shape mapped by the reader; see reason)	(whole file)	1	end-user language (permanent)	migration and i18n verification scripts	Display labels (menu items, i18n resource samples) that the scripts feed to or read back from the product; they are end-user vocabulary, not technical names.	removed together with the label		NOT_REQUIRED:1
NECESSARY_BOUNDARY	USER_FACING_TEXT	api:scripts	(value/shape mapped by the reader; see reason)	Artistas	1	end-user language (permanent)	the code that reads it	Worksheet name of the generated spreadsheet read back by the smoke script: user-visible Portuguese label.	none while Portuguese spreadsheet headers are accepted	apps/api/src/modules/reports/import/import-engine.service.spec.ts	NOT_REQUIRED:1
NECESSARY_BOUNDARY	USER_FACING_TEXT	api:storage	(value/shape mapped by the reader; see reason)	nenhuma	1	end-user language (permanent)	end users (UI/XLSX/prompt text)	Displayed or composed end-user PT-BR copy / label data, not a machine identifier.	none		NOT_REQUIRED:1
NECESSARY_BOUNDARY	USER_FACING_TEXT	e2e	(value/shape mapped by the reader; see reason)	(whole file)	1	end-user language (permanent)	Playwright e2e runs against the real UI	The Portuguese strings are the labels, headings and placeholders the product shows to Brazilian users; the e2e specs locate and assert them. Their own skip reasons and failure messages are English.	removed together with the UI label they assert		NOT_REQUIRED:1
NECESSARY_BOUNDARY	USER_FACING_TEXT	e2e	(value/shape mapped by the reader; see reason)	RH,Faixas do Lançamento,Músicas do Projeto,Projetos	6	end-user language (permanent)	product UI under test (user-facing text)	The walkthrough asserts the end-user PT-BR UI text (module names such as `RH`, sheet names `Projetos`, `Músicas do Projeto`, `Faixas do Lançamento`); the literal is what the browser/spreadsheet shows.	only if the UI text is renamed in end-user language		NOT_REQUIRED:6
NECESSARY_BOUNDARY	USER_FACING_TEXT	packages:auth	(value/shape mapped by the reader; see reason)	recurso	1	end-user language (permanent)	end users (UI/XLSX/prompt text)	Displayed or composed end-user PT-BR copy / label data, not a machine identifier.	none		NOT_REQUIRED:1
NECESSARY_BOUNDARY	USER_FACING_TEXT	web:accounting	(value/shape mapped by the reader; see reason)	Conta Destino,Conta Origem,Conta Própria	3	end-user language (permanent)	financialRules label-to-value mapping (form labels)	Keys of the label-to-value maps are the PT-BR labels shown in the financial-rule form (`Conta Própria`, `Conta Origem`, `Conta Destino`); the maps translate the displayed label to the canonical English value.	only if the form labels are renamed in end-user language		NOT_REQUIRED:3
NECESSARY_BOUNDARY	USER_FACING_TEXT	web:artist	(value/shape mapped by the reader; see reason)	estável	1	end-user language (permanent)	end users (PT-BR UI/API messages) and the tests asserting them	Accented Portuguese literal detected by the accent-aware census: human-readable end-user copy (UI text, message, label or test text asserting it), not a machine identifier.	none; end-user PT-BR copy is the intended language of user-visible text		NOT_REQUIRED:1
NECESSARY_BOUNDARY	USER_FACING_TEXT	web:artist	(value/shape mapped by the reader; see reason)	editora,gravadora	2	end-user language (permanent)	artist import: the Tipo de Perfil cell is user-written Portuguese text (labels 'Com gravadora', 'Com editora')	normalizeProfileType() matches the Portuguese word `editora` inside the user-typed Tipo de Perfil cell/label to resolve the canonical English profile type; the word is end-user copy, not an identifier.	none; matches the end-user PT-BR profile-type label typed in spreadsheets, independent of any English identifier		NOT_REQUIRED:2
NECESSARY_BOUNDARY	USER_FACING_TEXT	web:artist	(value/shape mapped by the reader; see reason)	foto,insuficiente,moderada	3	end-user language (permanent)	end users (UI/XLSX/prompt text)	Displayed or composed end-user PT-BR copy / label data, not a machine identifier.	none		NOT_REQUIRED:3
NECESSARY_BOUNDARY	USER_FACING_TEXT	web:contracts	(value/shape mapped by the reader; see reason)	viúvo	2	end-user language (permanent)	end users (PT-BR UI/API messages) and the tests asserting them	Accented Portuguese literal detected by the accent-aware census: human-readable end-user copy (UI text, message, label or test text asserting it), not a machine identifier.	none; end-user PT-BR copy is the intended language of user-visible text		NOT_REQUIRED:2
NECESSARY_BOUNDARY	USER_FACING_TEXT	web:contracts	(value/shape mapped by the reader; see reason)	Nome,Campo	3	end-user language (permanent)	end users (UI/XLSX/prompt text)	Displayed or composed end-user PT-BR copy / label data, not a machine identifier.	none		NOT_REQUIRED:3
NECESSARY_BOUNDARY	USER_FACING_TEXT	web:contracts	NC-013 `description`; NC-016 `name`	Descricao,Nome,descricao,nome	6	end-user language (permanent)	contract category import	Column header typed by users in an imported spreadsheet (Portuguese headers of the downloadable template are accepted input); not a technical name.	none while Portuguese spreadsheet headers are accepted	apps/web/src/modules/contracts/lib/category-import.test.ts	NOT_REQUIRED:6
NECESSARY_BOUNDARY	USER_FACING_TEXT	web:contracts	(value/shape mapped by the reader; see reason)	Nomenclatura Interna,Campo,Nome	4	end-user language (permanent)	variable registry spreadsheet import/export	`Nome`, `Campo` and `Nomenclatura Interna` are the PT-BR column headers of the variable registry spreadsheet export/import (user-facing column labels read back by header text).	only if the spreadsheet headers are renamed in end-user language		NOT_REQUIRED:4
NECESSARY_BOUNDARY	USER_FACING_TEXT	web:events	(value/shape mapped by the reader; see reason)	Financeiro	1	end-user language (permanent)	MusicChat menu options and conversation metadata (queue/sector display labels shown to agents and editable by the tenant)	Test fixture holding the PT-BR queue/sector display label `Financeiro` (or, in the schedule-participants test, a department label) as data under test. MusicChat queue/sector values are tenant-editable display labels, not machine identifiers; identity is carried by the separate queueKey/sectorKey (write-only scaffolding, see the musicchat-vocabulary.ts row).	none while queue/sector remain tenant-editable display labels; revisit with the queueKey/sectorKey adoption/removal review (musicchat-vocabulary.ts row)		NOT_REQUIRED:1
NECESSARY_BOUNDARY	USER_FACING_TEXT	web:events	(value/shape mapped by the reader; see reason)	sessoes_estudio,reunioes	3	end-user language (permanent)	none (test-only fixture)	Test fixture: Portuguese end-user content (names, titles, categories typed by a user) fed to the code under test.	none while the fixture models user-entered Portuguese data	apps/web/src/modules/events/lib/event-type.test.ts	NOT_REQUIRED:3
NECESSARY_BOUNDARY	USER_FACING_TEXT	web:events	(value/shape mapped by the reader; see reason)	agosto	1	end-user language (permanent)	none (test-only fixture)	Test fixture: Portuguese end-user content (names, titles, categories typed by a user) fed to the code under test.	none while the fixture models user-entered Portuguese data	apps/web/src/modules/events/pages/schedule-locale.guard.test.ts	NOT_REQUIRED:1
NECESSARY_BOUNDARY	USER_FACING_TEXT	web:events	(value/shape mapped by the reader; see reason)	TITULO	1	end-user language (permanent)	LEGACY_AGENDA_HEADERS (agenda spreadsheet import)	`TITULO` is the upper-case Portuguese header accepted when importing an agenda spreadsheet (user-facing column label alias of `title`).	only if the importer stops accepting Portuguese spreadsheet headers		NOT_REQUIRED:1
NECESSARY_BOUNDARY	USER_FACING_TEXT	web:integrations	(value/shape mapped by the reader; see reason)	ativado,pausado,aprovado,rejeitado	4	end-user language (permanent)	end users (UI/XLSX/prompt text)	Displayed or composed end-user PT-BR copy / label data, not a machine identifier.	none		NOT_REQUIRED:4
NECESSARY_BOUNDARY	USER_FACING_TEXT	web:marketing	(value/shape mapped by the reader; see reason)	melancólico,médio	3	end-user language (permanent)	end users (PT-BR UI/API messages) and the tests asserting them	Accented Portuguese literal detected by the accent-aware census: human-readable end-user copy (UI text, message, label or test text asserting it), not a machine identifier.	none; end-user PT-BR copy is the intended language of user-visible text		NOT_REQUIRED:3
NECESSARY_BOUNDARY	USER_FACING_TEXT	web:marketing	(value/shape mapped by the reader; see reason)	empresa,pendente,imagem,estimado,pendentes,festa,triste,amor (+9)	22	end-user language (permanent)	end users (UI/XLSX/prompt text)	Displayed or composed end-user PT-BR copy / label data, not a machine identifier.	none		NOT_REQUIRED:22
NECESSARY_BOUNDARY	USER_FACING_TEXT	web:marketing	(value/shape mapped by the reader; see reason)	gênero,letra,subgênero	3	end-user language (permanent)	missingDataVocabulary label map rendered by PitchingTab/PlanningTab	PT-BR missing-data marker display label rendered to the user through a label map; the machine token is English	permanent: end-user copy (move to the i18n catalog when the marketing module is localized)	apps/web/src/modules/marketing/services/musicIntelligenceEngine/missingDataVocabulary.test.ts	NOT_REQUIRED:3
NECESSARY_BOUNDARY	USER_FACING_TEXT	web:marketing	(value/shape mapped by the reader; see reason)	alta,execução,multicanal,planejamento	4	end-user language (permanent)	planningVocabulary label map rendered by PitchingTab/PlanningTab	PT-BR planning draft display label rendered to the user through a label map; the machine token is English	permanent: end-user copy (move to the i18n catalog when the marketing module is localized)	apps/web/src/modules/marketing/services/musicIntelligenceEngine/planningVocabulary.test.ts	NOT_REQUIRED:4
NECESSARY_BOUNDARY	USER_FACING_TEXT	web:musicchat	(value/shape mapped by the reader; see reason)	Atendimento,Triagem,Comercial	5	end-user language (permanent)	MusicChat menu options and conversation metadata (queue/sector display labels shown to agents and editable by the tenant)	PT-BR default display label `Atendimento` that the triage menu builder/settings page pre-fills into a new menu option's queue/sector field. It is user-editable display text persisted as a free string, not an identifier; the API derives the English queueKey/sectorKey for known labels (additive, write-only scaffolding, see the musicchat-vocabulary.ts row).	none while queue/sector remain tenant-editable display labels; revisit with the queueKey/sectorKey adoption/removal review (musicchat-vocabulary.ts row)		NOT_REQUIRED:5
NECESSARY_BOUNDARY	USER_FACING_TEXT	web:projects	(value/shape mapped by the reader; see reason)	não	1	end-user language (permanent)	end users (PT-BR UI/API messages) and the tests asserting them	Accented Portuguese literal detected by the accent-aware census: human-readable end-user copy (UI text, message, label or test text asserting it), not a machine identifier.	none; end-user PT-BR copy is the intended language of user-visible text		NOT_REQUIRED:1
NECESSARY_BOUNDARY	USER_FACING_TEXT	web:projects	(value/shape mapped by the reader; see reason)	não	1	end-user language (permanent)	track vocabulary normalization (project track import)	`não` is a Portuguese yes/no answer typed by end users in spreadsheets (user input vocabulary, mapped to the canonical `no`).	only if the importer stops accepting Portuguese yes/no answers		NOT_REQUIRED:1
NECESSARY_BOUNDARY	USER_FACING_TEXT	web:releases	(value/shape mapped by the reader; see reason)	olá	1	end-user language (permanent)	end users (PT-BR UI/API messages) and the tests asserting them	Accented Portuguese literal detected by the accent-aware census: human-readable end-user copy (UI text, message, label or test text asserting it), not a machine identifier.	none; end-user PT-BR copy is the intended language of user-visible text		NOT_REQUIRED:1
NECESSARY_BOUNDARY	USER_FACING_TEXT	web:releases	(value/shape mapped by the reader; see reason)	dias,horas,seg	3	end-user language (permanent)	end users (UI/XLSX/prompt text)	Displayed or composed end-user PT-BR copy / label data, not a machine identifier.	none		NOT_REQUIRED:3
NECESSARY_BOUNDARY	USER_FACING_TEXT	web:settings	(value/shape mapped by the reader; see reason)	artista,gravacao	2	end-user language (permanent)	none (test-only fixture)	Test fixture: Portuguese end-user content (names, titles, categories typed by a user) fed to the code under test.	none while the fixture models user-entered Portuguese data	apps/web/src/modules/settings/hooks/useOperationalSettings.test.tsx	NOT_REQUIRED:2
NECESSARY_BOUNDARY	USER_FACING_TEXT	web:shared	(value/shape mapped by the reader; see reason)	acao,acoes	2	end-user language (permanent)	isActionsColumn() in MarketingDataTable and MainLayout reads the user-visible column header 'Ações' (accent-stripped)	`acao` is the accent-stripped end-user table header text compared by isActionsColumn() to exclude the actions column from sorting; it is UI copy, not an identifier.	none; the tokens are the accent-stripped PT-BR header text 'Ação'/'Ações' that identifies the actions column		NOT_REQUIRED:2
NECESSARY_BOUNDARY	USER_FACING_TEXT	web:shared	(value/shape mapped by the reader; see reason)	publico,como-funciona,modulos,planos	4	end-user language (permanent)	landing page navigation links and external shared URLs	The section id is the end-user visible URL fragment of the public landing page (/#publico), shared in links and bookmarks; it is end-user PT-BR URL text decided by the orchestrator (D-D), not an internal identifier.	none; end-user PT-BR URL text (changing it would break shared links)		NOT_REQUIRED:4
NECESSARY_BOUNDARY	USER_FACING_TEXT	web:shared	(value/shape mapped by the reader; see reason)	contrato	1	end-user language (permanent)	none (test-only fixture)	Test fixture: Portuguese end-user content (names, titles, categories typed by a user) fed to the code under test.	none while the fixture models user-entered Portuguese data	apps/web/src/shared/hooks/useConcurrencyConflict.test.ts	NOT_REQUIRED:1
NECESSARY_BOUNDARY	USER_FACING_TEXT	web:shared	(value/shape mapped by the reader; see reason)	dos,desconhecido,itens	4	end-user language (permanent)	end users (UI/XLSX/prompt text)	Displayed or composed end-user PT-BR copy / label data, not a machine identifier.	none		NOT_REQUIRED:4
NECESSARY_BOUNDARY	USER_FACING_TEXT	web:support	(value/shape mapped by the reader; see reason)	ALTA,BAIXA,CRÍTICA	3	end-user language (permanent)	SupportDashboard priority badge	`PRIORITY_LABEL` holds the upper-case PT-BR priority labels rendered in badges (`CRÍTICA`, `ALTA`, `BAIXA`), keyed by the English priority ids.	only if the label text is renamed in end-user language		NOT_REQUIRED:3
NECESSARY_BOUNDARY	USER_FACING_TEXT	web:test	(value/shape mapped by the reader; see reason)	canção,demonstração,estável,joão	4	end-user language (permanent)	end users (PT-BR UI/API messages) and the tests asserting them	Accented Portuguese literal detected by the accent-aware census: human-readable end-user copy (UI text, message, label or test text asserting it), not a machine identifier.	none; end-user PT-BR copy is the intended language of user-visible text		NOT_REQUIRED:4
NECESSARY_BOUNDARY	USER_FACING_TEXT	web:test	(value/shape mapped by the reader; see reason)	Comercial	2	end-user language (permanent)	MusicChat menu options and conversation metadata (queue/sector display labels shown to agents and editable by the tenant)	Test fixture holding the PT-BR queue/sector display label `Comercial` (or, in the schedule-participants test, a department label) as data under test. MusicChat queue/sector values are tenant-editable display labels, not machine identifiers; identity is carried by the separate queueKey/sectorKey (write-only scaffolding, see the musicchat-vocabulary.ts row).	none while queue/sector remain tenant-editable display labels; revisit with the queueKey/sectorKey adoption/removal review (musicchat-vocabulary.ts row)		NOT_REQUIRED:2
NECESSARY_BOUNDARY	USER_FACING_TEXT	web:test	(value/shape mapped by the reader; see reason)	faixa	1	end-user language (permanent)	none (test-only fixture)	Test fixture: Portuguese end-user content (names, titles, categories typed by a user) fed to the code under test.	none while the fixture models user-entered Portuguese data	apps/web/src/test/AbramusSearchRow.test.tsx	NOT_REQUIRED:1
NECESSARY_BOUNDARY	USER_FACING_TEXT	web:test	(value/shape mapped by the reader; see reason)	Gênero,Perfil Comercial	2	end-user language (permanent)	artist form definition spreadsheet export	`Perfil Comercial` and `Gênero` are the PT-BR column headers of the artist spreadsheet row asserted by the test (user-facing column labels).	only if the headers are renamed in end-user language		NOT_REQUIRED:2
